<COLLADA xmlns="http://www.collada.org/2005/11/COLLADASchema" version="1.4.1">
  <asset>
    <contributor />
    <created>2026-06-05T15:03:39.769228</created>
    <modified>2026-06-05T15:03:39.769246</modified>
    <unit name="meter" meter="1.0" />
    <up_axis>Z_UP</up_axis>
  </asset>
  <library_effects>
    <effect id="effect_Fillet013" name="effect_Fillet013">
      <profile_COMMON>
        <technique sid="common">
          <phong>
            <emission>
              <color>0.0 0.0 0.0 1.0</color>
            </emission>
            <ambient>
              <color>0.0 0.0 0.0 1.0</color>
            </ambient>
            <diffuse>
              <color>0.4470588266849518 0.4745098054409027 0.501960813999176 1.0</color>
            </diffuse>
            <specular>
              <color>1 1 1 1.0</color>
            </specular>
            <shininess>
              <float>0.0</float>
            </shininess>
            <reflective>
              <color>0.0 0.0 0.0 1.0</color>
            </reflective>
            <reflectivity>
              <float>0.0</float>
            </reflectivity>
            <transparent>
              <color>0.0 0.0 0.0 1.0</color>
            </transparent>
            <transparency>
              <float>1.0</float>
            </transparency>
          </phong>
        </technique>
        <extra>
          <technique profile="GOOGLEEARTH">
            <double_sided>0</double_sided>
          </technique>
        </extra>
      </profile_COMMON>
    </effect>
  </library_effects>
  <library_geometries>
    <geometry id="geometry0" name="Fillet013">
      <mesh>
        <source id="cubeverts-array0">
          <float_array count="4422" id="cubeverts-array0-array">0.1487307 0.1516094 7.239405e-19 0.2 -0.2 0 0.1485648 0.1514352 7.622611e-19 0.1483906 0.1512693 7.987453e-19 0.1482085 0.1511122 8.333052e-19 0.1488878 0.1517915 6.83876e-19 0.2 0.2 0 0.1480189 0.1509643 8.658577e-19 0.1490357 0.1519811 6.421638e-19 0.1491742 0.1521777 5.989047e-19 0.1478223 0.1508258 8.963242e-19 0.1476191 0.1506971 9.246314e-19 0.1493029 0.1523809 5.542028e-19 0.1474099 0.1505786 9.507112e-19 0.1494214 0.1525901 5.081657e-19 0.147195 0.1504705 9.745005e-19 0.1495295 0.152805 4.609044e-19 0.149627 0.1530249 4.125327e-19 0.1469751 0.150373 9.959422e-19 0.1497136 0.1532492 3.631673e-19 0.1467508 0.1502864 1.014985e-18 0.1465224 0.150211 1.031582e-18 0.149789 0.1534776 3.129269e-19 0.1462906 0.1501469 1.045694e-18 0.1498531 0.1537094 2.619326e-19 0.1499059 0.1539441 2.103074e-19 0.1460559 0.1500941 1.057287e-18 0.145819 0.150053 1.066332e-18 0.149947 0.154181 1.581754e-19 0.1455803 0.1500236 1.072809e-18 0.1499764 0.1544197 1.056625e-19 0.1453404 0.1500059 1.076701e-18 0.1499941 0.1546596 5.289495e-20 0.1451 0.15 0 0.15 0.1549 0 0.1449 0.15 0 0.1446596 0.1500059 0 0.1444197 0.1500236 0 0.144181 0.150053 0 0.1439441 0.1500941 0 0.1437094 0.1501469 0 0.1434776 0.150211 0 0.1432492 0.1502864 0 0.1430249 0.150373 0 0.142805 0.1504705 0 0.1425901 0.1505786 0 0.1423809 0.1506971 0 0.1421777 0.1508258 0 -0.2 -0.2 0 0.15 0.2 0 -0.1416094 0.1512693 0 0.1414352 0.1514352 0 0.1416094 0.1512693 0 -0.1414352 0.1514352 0 -0.1412693 0.1516094 0 0.1412693 0.1516094 0 -0.1411122 0.1517915 0 0.1411122 0.1517915 0 0.1409643 0.1519811 0 -0.1417915 0.1511122 0 0.1417915 0.1511122 0 0.1419811 0.1509643 0 -0.1419811 0.1509643 0 -0.1409643 0.1519811 0 -0.1421777 0.1508258 0 -0.1408258 0.1521777 0 0.1408258 0.1521777 0 -0.1423809 0.1506971 0 -0.1406971 0.1523809 0 0.1406971 0.1523809 0 -0.1405786 0.1525901 0 0.1405786 0.1525901 0 -0.1425901 0.1505786 0 -0.142805 0.1504705 0 -0.1404705 0.152805 0 0.1404705 0.152805 0 -0.1430249 0.150373 0 -0.140373 0.1530249 0 0.140373 0.1530249 0 -0.1432492 0.1502864 0 -0.1402864 0.1532492 0 0.1402864 0.1532492 0 -0.1434776 0.150211 0 -0.140211 0.1534776 0 0.140211 0.1534776 0 -0.1437094 0.1501469 0 -0.1401469 0.1537094 0 0.1401469 0.1537094 0 -0.1439441 0.1500941 0 -0.1400941 0.1539441 0 0.1400941 0.1539441 0 -0.144181 0.150053 0 -0.140053 0.154181 0 0.140053 0.154181 0 -0.1400236 0.1544197 0 0.1400236 0.1544197 0 0.1400059 0.1546596 0 -0.1444197 0.1500236 0 -0.1446596 0.1500059 0 -0.1400059 0.1546596 0 -0.14 0.1549 0 0.14 0.1549 0 -0.1449 0.15 0 -0.1451 0.15 0 -0.1453404 0.1500059 1.076701e-18 -0.1455803 0.1500236 1.072809e-18 -0.145819 0.150053 1.066332e-18 -0.1460559 0.1500941 1.057287e-18 -0.1462906 0.1501469 1.045694e-18 -0.1465224 0.150211 1.031582e-18 -0.1467508 0.1502864 1.014985e-18 -0.1469751 0.150373 9.959422e-19 -0.147195 0.1504705 9.745005e-19 -0.1474099 0.1505786 9.507112e-19 -0.1476191 0.1506971 9.246314e-19 -0.1478223 0.1508258 8.963242e-19 -0.1480189 0.1509643 8.658577e-19 -0.1482085 0.1511122 8.333052e-19 -0.1483906 0.1512693 7.987453e-19 -0.1485648 0.1514352 7.622611e-19 -0.1487307 0.1516094 7.239405e-19 -0.1488878 0.1517915 6.83876e-19 -0.14 0.2 0 0.14 0.2 0 -0.2 0.2 0 -0.15 0.2 0 -0.15 0.1549 0 -0.1499941 0.1546596 5.289495e-20 -0.1499764 0.1544197 1.056625e-19 -0.149947 0.154181 1.581754e-19 -0.1499059 0.1539441 2.103074e-19 -0.1498531 0.1537094 2.619326e-19 -0.149789 0.1534776 3.129269e-19 -0.1497136 0.1532492 3.631673e-19 -0.149627 0.1530249 4.125327e-19 -0.1495295 0.152805 4.609044e-19 -0.1494214 0.1525901 5.081657e-19 -0.1493029 0.1523809 5.542028e-19 -0.1491742 0.1521777 5.989047e-19 -0.1490357 0.1519811 6.421638e-19 0.1449 0.15 0.005 0.1451 0.15 0.005 0.1446596 0.1500059 0.005 0.1444197 0.1500236 0.005 0.144181 0.150053 0.005 0.1439441 0.1500941 0.005 0.1437094 0.1501469 0.005 0.1434776 0.150211 0.005 0.1432492 0.1502864 0.005 0.1430249 0.150373 0.005 0.142805 0.1504705 0.005 0.1425901 0.1505786 0.005 0.1423809 0.1506971 0.005 0.1421777 0.1508258 0.005 0.1419811 0.1509643 0.005 0.1417915 0.1511122 0.005 0.1416094 0.1512693 0.005 0.1414352 0.1514352 0.005 0.1412693 0.1516094 0.005 0.1411122 0.1517915 0.005 0.1409643 0.1519811 0.005 0.1408258 0.1521777 0.005 0.1406971 0.1523809 0.005 0.1405786 0.1525901 0.005 0.1404705 0.152805 0.005 0.140373 0.1530249 0.005 0.1402864 0.1532492 0.005 0.140211 0.1534776 0.005 0.1401469 0.1537094 0.005 0.1400941 0.1539441 0.005 0.140053 0.154181 0.005 0.1400236 0.1544197 0.005 0.1400059 0.1546596 0.005 0.14 0.1549 0.005 0.1453404 0.1500059 0.005 0.1455803 0.1500236 0.005 0.145819 0.150053 0.005 0.1460559 0.1500941 0.005 0.1462906 0.1501469 0.005 0.1465224 0.150211 0.005 0.1467508 0.1502864 0.005 0.1469751 0.150373 0.005 0.147195 0.1504705 0.005 0.1474099 0.1505786 0.005 0.1476191 0.1506971 0.005 0.1478223 0.1508258 0.005 0.1480189 0.1509643 0.005 0.1482085 0.1511122 0.005 0.1483906 0.1512693 0.005 0.1485648 0.1514352 0.005 0.1487307 0.1516094 0.005 0.1488878 0.1517915 0.005 0.1490357 0.1519811 0.005 0.1491742 0.1521777 0.005 0.1493029 0.1523809 0.005 0.1494214 0.1525901 0.005 0.1495295 0.152805 0.005 0.149627 0.1530249 0.005 0.1497136 0.1532492 0.005 0.149789 0.1534776 0.005 0.1498531 0.1537094 0.005 0.1499059 0.1539441 0.005 0.149947 0.154181 0.005 0.1499764 0.1544197 0.005 0.1499941 0.1546596 0.005 0.15 0.1549 0.005 0.14 0.2035232 0.006452147 0.14 0.2068624 0.002726264 0.14 0.2072068 0.003067379 0.14 0.2036923 0.006628488 0.14 0.2075344 0.003424786 0.14 0.2033457 0.006284276 0.14 0.2065018 0.002402241 0.14 0.2038526 0.00681288 0.14 0.2078442 0.003797645 0.14 0.2031601 0.006125278 0.14 0.206126 0.002096073 0.14 0.2040037 0.007004882 0.14 0.2081355 0.004185079 0.14 0.2029671 0.005975531 0.14 0.2057358 0.00180848 0.14 0.2041452 0.007204035 0.14 0.2084078 0.004586178 0.14 0.202767 0.005835394 0.14 0.205332 0.001540136 0.14 0.2042768 0.007409865 0.14 0.2086602 0.005 0.14 0.2025602 0.005705201 0.14 0.2049158 0.001291672 0.14 0.2043982 0.007621879 0.14 0.2088701 0.005382514 0.14 0.2023474 0.005585262 0.14 0.204488 0.001063674 0.14 0.2045092 0.007839571 0.14 0.2090631 0.005773818 0.14 0.2021289 0.005475865 0.14 0.2040496 0.000856675 0.14 0.2046093 0.008062422 0.14 0.2092388 0.006173166 0.14 0.2019053 0.00537727 0.14 0.2036018 0.000671163 0.14 0.2046985 0.008289899 0.14 0.2093969 0.006579799 0.14 0.2016773 0.005289713 0.14 0.2031454 0.0005075735 0.14 0.2014452 0.005213403 0.14 0.2026817 0.0003662912 0.14 0.2012096 0.005148521 0.14 0.2022117 0.0002476479 0.14 0.2009712 0.005095224 0.14 0.2017365 0.0001519225 0.14 0.2007304 0.005053638 0.14 0.2013053 8.555139e-05 0.14 0.2004879 0.005023863 0.14 0.2008716 3.805302e-05 0.14 0.2002442 0.00500597 0.14 0.2004362 9.517784e-06 0.14 0.2 0.005 0.14 0.3643313 0.4322586 0.14 0.3596329 0.4339687 0.15 0.2035232 -0.001452146 0.15 0.2066913 0.002431448 0.15 0.2070463 0.002095707 0.15 0.2073846 0.001743024 0.15 0.2036923 -0.001628488 0.15 0.2077051 0.00137424 0.15 0.2033457 -0.001284276 0.15 0.2038526 -0.00181288 0.15 0.2080073 0.000990236 0.15 0.2031601 -0.001125278 0.15 0.2063203 0.002749445 0.15 0.2040037 -0.002004882 0.15 0.2029671 -0.000975531 0.15 0.2055339 0.003329212 0.15 0.2059342 0.003048938 0.15 0.2041452 -0.002204036 0.15 0.2082904 0.000591929 0.15 0.202767 -0.0008353938 0.15 0.2042768 -0.002409865 0.15 0.2085536 0.0001802701 0.15 0.2025602 -0.0007052005 0.15 0.2051204 0.003589599 0.15 0.2043982 -0.002621879 0.15 0.2087965 -0.0002437579 0.15 0.2023474 -0.0005852621 0.15 0.2046947 0.003829476 0.15 0.2045092 -0.002839571 0.15 0.2090183 -0.0006791425 0.15 0.2021289 -0.0004758647 0.15 0.2042578 0.004048271 0.15 0.2046093 -0.003062422 0.15 0.2092186 -0.001124844 0.15 0.2093969 -0.001579799 0.15 0.2019053 -0.0003772698 0.15 0.2038107 0.004245461 0.15 0.2046985 -0.003289899 0.15 0.2016773 -0.0002897127 0.15 0.2033545 0.004420575 0.15 0.2014452 -0.0002134025 0.15 0.2024192 0.004702957 0.15 0.2028903 0.004573195 0.15 0.2012096 -0.0001485214 0.15 0.2019423 0.004809552 0.15 0.2009712 -9.522422e-05 0.15 0.2007304 -5.363834e-05 0.15 0.2014608 0.004892724 0.15 0.2004879 -2.3863e-05 0.15 0.2004885 0.004988061 0.15 0.2009758 0.004952274 0.15 0.2002442 -5.969313e-06 0.15 0.2 0.005 0.15 0.3545026 -0.4148733 0.15 0.359201 -0.4131632 -0.14 0.2004362 9.517784e-06 -0.14 0.2008716 3.805302e-05 -0.14 0.2013053 8.555139e-05 -0.14 0.2017365 0.0001519225 -0.14 0.2022117 0.0002476479 -0.14 0.2026817 0.0003662912 -0.14 0.2031454 0.0005075735 -0.14 0.2036018 0.000671163 -0.14 0.2040496 0.000856675 -0.14 0.204488 0.001063674 -0.14 0.2049158 0.001291672 -0.14 0.205332 0.001540136 -0.14 0.2057358 0.00180848 -0.14 0.206126 0.002096073 -0.14 0.2065018 0.002402241 -0.14 0.2068624 0.002726264 -0.14 0.2072068 0.003067379 -0.14 0.2075344 0.003424786 -0.14 0.2078442 0.003797645 -0.14 0.2081355 0.004185079 -0.14 0.2084078 0.004586178 -0.14 0.2086602 0.005 -0.14 0.2088701 0.005382514 -0.14 0.2090631 0.005773818 -0.14 0.2092388 0.006173166 -0.14 0.2093969 0.006579799 0.2 0.2002442 -5.969313e-06 0.2 0.2004879 -2.3863e-05 0.2 0.2007304 -5.363834e-05 0.2 0.2009712 -9.522422e-05 0.2 0.2012096 -0.0001485214 0.2 0.2014452 -0.0002134025 0.2 0.2016773 -0.0002897127 0.2 0.2019053 -0.0003772698 0.2 0.2021289 -0.0004758647 0.2 0.2023474 -0.0005852621 0.2 0.2025602 -0.0007052005 0.2 0.202767 -0.0008353938 0.2 0.2029671 -0.000975531 0.2 0.2031601 -0.001125278 0.2 0.2033457 -0.001284276 0.2 0.2035232 -0.001452146 0.2 0.2036923 -0.001628488 0.2 0.2038526 -0.00181288 0.2 0.2040037 -0.002004882 0.2 0.2041452 -0.002204036 0.2 0.2042768 -0.002409865 0.2 0.2043982 -0.002621879 0.2 0.2045092 -0.002839571 0.2 0.2046093 -0.003062422 0.2 0.2046985 -0.003289899 -0.14 0.2046985 0.008289899 -0.14 0.3596329 0.4339687 -0.14 0.3643313 0.4322586 -0.14 0.2046093 0.008062422 -0.14 0.2045092 0.007839571 -0.14 0.2043982 0.007621879 -0.14 0.2042768 0.007409865 -0.14 0.2041452 0.007204035 -0.14 0.2040037 0.007004882 -0.14 0.2038526 0.00681288 -0.14 0.2036923 0.006628488 -0.14 0.2035232 0.006452147 -0.14 0.2033457 0.006284276 -0.14 0.2031601 0.006125278 -0.14 0.2029671 0.005975531 -0.14 0.202767 0.005835394 -0.14 0.2025602 0.005705201 -0.14 0.2023474 0.005585262 -0.14 0.2021289 0.005475865 -0.14 0.2019053 0.00537727 -0.14 0.2016773 0.005289713 -0.14 0.2014452 0.005213403 -0.14 0.2012096 0.005148521 -0.14 0.2009712 0.005095224 -0.14 0.2007304 0.005053638 -0.14 0.2004879 0.005023863 -0.14 0.2002442 0.00500597 -0.14 0.2 0.005 -0.14 0.1549 0.005 0.2 0.2093969 -0.001579799 0.2 0.3545026 -0.4148733 0.2 0.359201 -0.4131632 0.2 0.2092186 -0.001124844 0.2 0.2090183 -0.0006791425 0.2 0.2087965 -0.0002437579 0.2 0.2085536 0.0001802701 0.2 0.2082904 0.000591929 0.2 0.2080073 0.000990236 0.2 0.2077051 0.00137424 0.2 0.2073846 0.001743024 0.2 0.2070463 0.002095707 0.2 0.2066913 0.002431448 0.2 0.2063203 0.002749445 0.2 0.2059342 0.003048938 0.2 0.2055339 0.003329212 0.2 0.2051204 0.003589599 0.2 0.2046947 0.003829476 0.2 0.2042578 0.004048271 0.2 0.2038107 0.004245461 0.2 0.2033545 0.004420575 0.2 0.2028903 0.004573195 0.2 0.2024192 0.004702957 0.2 0.2019423 0.004809552 0.2 0.2014608 0.004892724 0.2 0.2009758 0.004952274 0.2 0.2004885 0.004988061 0.2 0.2 0.005 0.2 -0.2046985 -0.003289899 0.2 -0.359201 -0.4131632 0.2 -0.3545026 -0.4148733 0.2 -0.2 0.005 0.2 -0.2004885 0.004988061 0.2 -0.2002442 -5.969313e-06 0.2 -0.2004879 -2.3863e-05 0.2 -0.2009758 0.004952274 0.2 -0.2007304 -5.363834e-05 0.2 -0.2014608 0.004892724 0.2 -0.2019423 0.004809552 0.2 -0.2009712 -9.522422e-05 0.2 -0.2024192 0.004702957 0.2 -0.2012096 -0.0001485214 0.2 -0.2014452 -0.0002134025 0.2 -0.2028903 0.004573195 0.2 -0.2033545 0.004420575 0.2 -0.2016773 -0.0002897127 0.2 -0.2093969 -0.001579799 0.2 -0.2046093 -0.003062422 0.2 -0.2038107 0.004245461 0.2 -0.2019053 -0.0003772698 0.2 -0.2092186 -0.001124844 0.2 -0.2045092 -0.002839571 0.2 -0.2042578 0.004048271 0.2 -0.2021289 -0.0004758647 0.2 -0.2023474 -0.0005852621 0.2 -0.2090183 -0.0006791425 0.2 -0.2046947 0.003829476 0.2 -0.2087965 -0.0002437579 0.2 -0.2043982 -0.002621879 0.2 -0.2051204 0.003589599 0.2 -0.2025602 -0.0007052005 0.2 -0.202767 -0.0008353938 0.2 -0.2085536 0.0001802701 0.2 -0.2042768 -0.002409865 0.2 -0.2055339 0.003329212 0.2 -0.2082904 0.000591929 0.2 -0.2041452 -0.002204036 0.2 -0.2059342 0.003048938 0.2 -0.2029671 -0.000975531 0.2 -0.2031601 -0.001125278 0.2 -0.2080073 0.000990236 0.2 -0.2040037 -0.002004882 0.2 -0.2063203 0.002749445 0.2 -0.2077051 0.00137424 0.2 -0.2038526 -0.00181288 0.2 -0.2036923 -0.001628488 0.2 -0.2066913 0.002431448 0.2 -0.2033457 -0.001284276 0.2 -0.2073846 0.001743024 0.2 -0.2035232 -0.001452146 0.2 -0.2070463 0.002095707 -0.1449 0.15 0.005 -0.1446596 0.1500059 0.005 -0.1444197 0.1500236 0.005 -0.144181 0.150053 0.005 -0.1439441 0.1500941 0.005 -0.1437094 0.1501469 0.005 -0.1434776 0.150211 0.005 -0.1432492 0.1502864 0.005 -0.1430249 0.150373 0.005 -0.142805 0.1504705 0.005 -0.1425901 0.1505786 0.005 -0.1423809 0.1506971 0.005 -0.1421777 0.1508258 0.005 -0.1419811 0.1509643 0.005 -0.1417915 0.1511122 0.005 -0.1416094 0.1512693 0.005 -0.1414352 0.1514352 0.005 -0.1412693 0.1516094 0.005 -0.1411122 0.1517915 0.005 -0.1409643 0.1519811 0.005 -0.1408258 0.1521777 0.005 -0.1406971 0.1523809 0.005 -0.1405786 0.1525901 0.005 -0.1404705 0.152805 0.005 -0.140373 0.1530249 0.005 -0.1402864 0.1532492 0.005 -0.140211 0.1534776 0.005 -0.1401469 0.1537094 0.005 -0.1400941 0.1539441 0.005 -0.140053 0.154181 0.005 -0.1400236 0.1544197 0.005 -0.1400059 0.1546596 0.005 -0.2 -0.2002442 -5.969313e-06 -0.2 -0.2004879 -2.3863e-05 -0.2 -0.2007304 -5.363834e-05 -0.2 -0.2009712 -9.522422e-05 -0.2 -0.2012096 -0.0001485214 -0.2 -0.2014452 -0.0002134025 -0.2 -0.2016773 -0.0002897127 -0.2 -0.2019053 -0.0003772698 -0.2 -0.2021289 -0.0004758647 -0.2 -0.2023474 -0.0005852621 -0.2 -0.2025602 -0.0007052005 -0.2 -0.202767 -0.0008353938 -0.2 -0.2029671 -0.000975531 -0.2 -0.2031601 -0.001125278 -0.2 -0.2033457 -0.001284276 -0.2 -0.2035232 -0.001452146 -0.2 -0.2036923 -0.001628488 -0.2 -0.2038526 -0.00181288 -0.2 -0.2040037 -0.002004882 -0.2 -0.2041452 -0.002204036 -0.2 -0.2042768 -0.002409865 -0.2 -0.2043982 -0.002621879 -0.2 -0.2045092 -0.002839571 -0.2 -0.2046093 -0.003062422 -0.2 -0.2046985 -0.003289899 -0.1451 0.15 0.005 -0.2 0.2036923 -0.001628488 -0.2 0.2035232 -0.001452146 -0.2 0.2070463 0.002095707 -0.2 0.2073846 0.001743024 -0.2 0.2033457 -0.001284276 -0.2 0.2066913 0.002431448 -0.2 0.2038526 -0.00181288 -0.2 0.2077051 0.00137424 -0.2 0.2031601 -0.001125278 -0.2 0.2063203 0.002749445 -0.2 0.2040037 -0.002004882 -0.2 0.2080073 0.000990236 -0.2 0.2029671 -0.000975531 -0.2 0.2059342 0.003048938 -0.2 0.2041452 -0.002204036 -0.2 0.2082904 0.000591929 -0.2 0.202767 -0.0008353938 -0.2 0.2055339 0.003329212 -0.2 0.2042768 -0.002409865 -0.2 0.2085536 0.0001802701 -0.2 0.2087965 -0.0002437579 -0.2 0.2025602 -0.0007052005 -0.2 0.2046947 0.003829476 -0.2 0.2051204 0.003589599 -0.2 0.2043982 -0.002621879 -0.2 0.2090183 -0.0006791425 -0.2 0.2023474 -0.0005852621 -0.2 0.2045092 -0.002839571 -0.2 0.2021289 -0.0004758647 -0.2 0.2042578 0.004048271 -0.2 0.2046093 -0.003062422 -0.2 0.2092186 -0.001124844 -0.2 0.2019053 -0.0003772698 -0.2 0.2033545 0.004420575 -0.2 0.2038107 0.004245461 -0.2 0.2046985 -0.003289899 -0.2 0.2093969 -0.001579799 -0.2 0.2016773 -0.0002897127 -0.2 0.2014452 -0.0002134025 -0.2 0.2028903 0.004573195 -0.2 0.2012096 -0.0001485214 -0.2 0.2024192 0.004702957 -0.2 0.2009712 -9.522422e-05 -0.2 0.2019423 0.004809552 -0.2 0.2007304 -5.363834e-05 -0.2 0.2014608 0.004892724 -0.2 0.2004879 -2.3863e-05 -0.2 0.2004885 0.004988061 -0.2 0.2009758 0.004952274 -0.2 0.2002442 -5.969313e-06 -0.2 0.2 0.005 -0.2 0.3545026 -0.4148733 -0.2 0.359201 -0.4131632 -0.2 -0.2 0.005 -0.2 -0.2004885 0.004988061 -0.2 -0.2009758 0.004952274 -0.2 -0.2014608 0.004892724 -0.2 -0.2019423 0.004809552 -0.2 -0.2024192 0.004702957 -0.2 -0.2028903 0.004573195 -0.2 -0.2033545 0.004420575 -0.2 -0.2038107 0.004245461 -0.2 -0.2042578 0.004048271 -0.2 -0.2046947 0.003829476 -0.2 -0.2051204 0.003589599 -0.2 -0.2055339 0.003329212 -0.2 -0.2059342 0.003048938 -0.2 -0.2063203 0.002749445 -0.2 -0.2066913 0.002431448 -0.2 -0.2070463 0.002095707 -0.2 -0.2073846 0.001743024 -0.2 -0.2077051 0.00137424 -0.2 -0.2080073 0.000990236 -0.2 -0.2082904 0.000591929 -0.2 -0.2085536 0.0001802701 -0.2 -0.2087965 -0.0002437579 -0.2 -0.2090183 -0.0006791425 -0.2 -0.2092186 -0.001124844 -0.2 -0.2093969 -0.001579799 -0.2 -0.359201 -0.4131632 -0.2 -0.3545026 -0.4148733 -0.15 0.1549 0.005 -0.1499941 0.1546596 0.005 -0.1499764 0.1544197 0.005 -0.149947 0.154181 0.005 -0.1499059 0.1539441 0.005 -0.1498531 0.1537094 0.005 -0.149789 0.1534776 0.005 -0.1497136 0.1532492 0.005 -0.149627 0.1530249 0.005 -0.1495295 0.152805 0.005 -0.1494214 0.1525901 0.005 -0.1493029 0.1523809 0.005 -0.1491742 0.1521777 0.005 -0.1490357 0.1519811 0.005 -0.1488878 0.1517915 0.005 -0.1487307 0.1516094 0.005 -0.1485648 0.1514352 0.005 -0.1483906 0.1512693 0.005 -0.1482085 0.1511122 0.005 -0.1480189 0.1509643 0.005 -0.1478223 0.1508258 0.005 -0.1476191 0.1506971 0.005 -0.1474099 0.1505786 0.005 -0.147195 0.1504705 0.005 -0.1469751 0.150373 0.005 -0.1467508 0.1502864 0.005 -0.1465224 0.150211 0.005 -0.1462906 0.1501469 0.005 -0.1460559 0.1500941 0.005 -0.145819 0.150053 0.005 -0.1455803 0.1500236 0.005 -0.1453404 0.1500059 0.005 -0.15 0.2002442 -5.969313e-06 -0.15 0.2004879 -2.3863e-05 -0.15 0.2007304 -5.363834e-05 -0.15 0.2009712 -9.522422e-05 -0.15 0.2012096 -0.0001485214 -0.15 0.2014452 -0.0002134025 -0.15 0.2016773 -0.0002897127 -0.15 0.2019053 -0.0003772698 -0.15 0.2021289 -0.0004758647 -0.15 0.2023474 -0.0005852621 -0.15 0.2025602 -0.0007052005 -0.15 0.202767 -0.0008353938 -0.15 0.2029671 -0.000975531 -0.15 0.2031601 -0.001125278 -0.15 0.2033457 -0.001284276 -0.15 0.2035232 -0.001452146 -0.15 0.2036923 -0.001628488 -0.15 0.2038526 -0.00181288 -0.15 0.2040037 -0.002004882 -0.15 0.2041452 -0.002204036 -0.15 0.2042768 -0.002409865 -0.15 0.2043982 -0.002621879 -0.15 0.2045092 -0.002839571 -0.15 0.2046093 -0.003062422 -0.15 0.2046985 -0.003289899 -0.15 0.3545026 -0.4148733 -0.15 0.359201 -0.4131632 -0.15 0.2093969 -0.001579799 -0.15 0.2092186 -0.001124844 -0.15 0.2090183 -0.0006791425 -0.15 0.2087965 -0.0002437579 -0.15 0.2085536 0.0001802701 -0.15 0.2082904 0.000591929 -0.15 0.2080073 0.000990236 -0.15 0.2077051 0.00137424 -0.15 0.2073846 0.001743024 -0.15 0.2070463 0.002095707 -0.15 0.2066913 0.002431448 -0.15 0.2063203 0.002749445 -0.15 0.2059342 0.003048938 -0.15 0.2055339 0.003329212 -0.15 0.2051204 0.003589599 -0.15 0.2046947 0.003829476 -0.15 0.2042578 0.004048271 -0.15 0.2038107 0.004245461 -0.15 0.2033545 0.004420575 -0.15 0.2028903 0.004573195 -0.15 0.2024192 0.004702957 -0.15 0.2019423 0.004809552 -0.15 0.2014608 0.004892724 -0.15 0.2009758 0.004952274 -0.15 0.2004885 0.004988061 -0.15 0.2 0.005 -0.1392314 0.3623019 0.4413017 -0.1395671 0.3616403 0.439484 -0.1398074 0.3609738 0.437653 -0.1399518 0.3603042 0.435813 -0.1388013 0.362957 0.4431018 -0.1382776 0.3636042 0.4448799 -0.1376618 0.3642418 0.4466316 -0.1369552 0.3648683 0.4483529 -0.1352769 0.366082 0.4516874 -0.1361596 0.3654822 0.4500395 -0.1321283 0.3677825 0.4563597 -0.1332588 0.3672335 0.4548513 -0.1343091 0.3666662 0.4532927 -0.129638 0.3688203 0.4592111 -0.1309204 0.3683119 0.4578141 -0.1268624 0.3697697 0.4618194 -0.1282843 0.3693067 0.4605472 -0.1205641 0.3713673 0.4662088 -0.1222228 0.3710081 0.4652217 -0.123828 0.3706214 0.4641594 -0.1253757 0.3702083 0.4630244 -0.1188559 0.3716983 0.4671181 -0.1134756 0.3725139 0.4693592 -0.1153073 0.3722723 0.4686952 -0.1171022 0.3720002 0.4679476 -0.1116114 0.3727246 0.4699379 -0.1078036 0.3730508 0.4708342 -0.1097192 0.3729037 0.47043 -0.1058692 0.3731656 0.4711496 -0.1039207 0.3732478 0.4713754 -0.1 0.3733137 0.4715564 -0.1019627 0.3732972 0.4715111 0.1 0.3733137 0.4715564 0.1395671 0.3616403 0.439484 0.1399518 0.3603042 0.435813 0.1398074 0.3609738 0.437653 0.1039207 0.3732478 0.4713754 0.1019627 0.3732972 0.4715111 0.1078036 0.3730508 0.4708342 0.1058692 0.3731656 0.4711496 0.1116114 0.3727246 0.4699379 0.1097192 0.3729037 0.47043 0.1369552 0.3648683 0.4483529 0.1392314 0.3623019 0.4413017 0.1388013 0.362957 0.4431018 0.1382776 0.3636042 0.4448799 0.1376618 0.3642418 0.4466316 0.1153073 0.3722723 0.4686952 0.1134756 0.3725139 0.4693592 0.1188559 0.3716983 0.4671181 0.1171022 0.3720002 0.4679476 0.1343091 0.3666662 0.4532927 0.1361596 0.3654822 0.4500395 0.1352769 0.366082 0.4516874 0.1205641 0.3713673 0.4662088 0.1332588 0.3672335 0.4548513 0.1222228 0.3710081 0.4652217 0.123828 0.3706214 0.4641594 0.129638 0.3688203 0.4592111 0.1321283 0.3677825 0.4563597 0.1309204 0.3683119 0.4578141 0.1282843 0.3693067 0.4605472 0.1268624 0.3697697 0.4618194 0.1253757 0.3702083 0.4630244 0.1399518 0.3650026 0.4341029 0.1398074 0.3656723 0.4359428 0.1395671 0.3663387 0.4377739 0.1392314 0.3670003 0.4395916 0.1388013 0.3676555 0.4413917 0.1382776 0.3683027 0.4431697 0.1376618 0.3689403 0.4449215 0.1369552 0.3695668 0.4466428 0.1361596 0.3701806 0.4483294 0.1352769 0.3707804 0.4499773 0.1343091 0.3713647 0.4515826 0.1332588 0.371932 0.4531412 0.1321283 0.372481 0.4546496 0.1309204 0.3730103 0.456104 0.129638 0.3735188 0.457501 0.1282843 0.3740051 0.4588371 0.1268624 0.3744681 0.4601093 0.1253757 0.3749067 0.4613143 0.123828 0.3753199 0.4624493 0.1222228 0.3757065 0.4635116 0.1205641 0.3760658 0.4644987 0.1188559 0.3763967 0.465408 0.1171022 0.3766986 0.4662375 0.1153073 0.3769708 0.4669851 0.1134756 0.3772124 0.4676491 0.1116114 0.3774231 0.4682278 0.1097192 0.3776021 0.4687198 0.1078036 0.3777493 0.4691241 0.1058692 0.3778641 0.4694395 0.1039207 0.3779463 0.4696653 0.1019627 0.3779957 0.469801 0.1 0.3780121 0.4698463 -0.1399518 0.3650026 0.4341029 -0.1398074 0.3656723 0.4359428 -0.1395671 0.3663387 0.4377739 -0.1392314 0.3670003 0.4395916 -0.1388013 0.3676555 0.4413917 -0.1382776 0.3683027 0.4431697 -0.1376618 0.3689403 0.4449215 -0.1369552 0.3695668 0.4466428 -0.1361596 0.3701806 0.4483294 -0.1352769 0.3707804 0.4499773 -0.1343091 0.3713647 0.4515826 -0.1321283 0.372481 0.4546496 -0.1309204 0.3730103 0.456104 -0.1332588 0.371932 0.4531412 -0.1282843 0.3740051 0.4588371 -0.1268624 0.3744681 0.4601093 -0.129638 0.3735188 0.457501 -0.1253757 0.3749067 0.4613143 -0.123828 0.3753199 0.4624493 -0.1222228 0.3757065 0.4635116 -0.1205641 0.3760658 0.4644987 -0.1188559 0.3763967 0.465408 -0.1153073 0.3769708 0.4669851 -0.1134756 0.3772124 0.4676491 -0.1171022 0.3766986 0.4662375 -0.1097192 0.3776021 0.4687198 -0.1078036 0.3777493 0.4691241 -0.1116114 0.3774231 0.4682278 -0.1058692 0.3778641 0.4694395 -0.1039207 0.3779463 0.4696653 -0.1019627 0.3779957 0.469801 -0.1 0.3780121 0.4698463 0.1500241 0.3593687 -0.4136237 0.150006 0.3592849 -0.4133938 0.1500541 0.359452 -0.4138526 0.1500961 0.3595347 -0.4140798 0.1502153 0.3596974 -0.4145271 0.1501498 0.3596165 -0.4143048 0.1503806 0.3598555 -0.4149612 0.1502923 0.3597772 -0.4147461 0.1504801 0.3599322 -0.4151721 0.1505904 0.3600072 -0.4153781 0.1508427 0.3601511 -0.4157735 0.1507113 0.3600802 -0.4155787 0.150984 0.3602198 -0.4159621 0.1514645 0.3604102 -0.4164855 0.1511349 0.3602859 -0.4161439 0.1512952 0.3603495 -0.4163185 0.1516422 0.3604681 -0.4166446 0.1522222 0.3606229 -0.4170699 0.1520215 0.3605746 -0.416937 0.151828 0.360523 -0.4167952 0.1524295 0.3606678 -0.4171932 0.152643 0.3607092 -0.4173069 0.1528622 0.3607469 -0.4174106 0.1530866 0.360781 -0.417504 0.1535486 0.3608375 -0.4176594 0.1533156 0.3608112 -0.417587 0.1537851 0.3608599 -0.4177209 0.1545099 0.3609029 -0.4178391 0.1542663 0.3608926 -0.4178108 0.1540246 0.3608783 -0.4177714 0.155 0.3609111 -0.4178617 0.1547547 0.3609091 -0.417856 0.195 0.3609111 -0.4178617 0.1954901 0.3609029 -0.4178391 0.1952453 0.3609091 -0.417856 0.1999039 0.3595347 -0.4140798 0.199994 0.3592849 -0.4133938 0.1999759 0.3593687 -0.4136237 0.1999459 0.359452 -0.4138526 0.1962149 0.3608599 -0.4177209 0.1959754 0.3608783 -0.4177714 0.1957337 0.3608926 -0.4178108 0.1966844 0.3608112 -0.417587 0.1964514 0.3608375 -0.4176594 0.1996194 0.3598555 -0.4149612 0.1998502 0.3596165 -0.4143048 0.1997847 0.3596974 -0.4145271 0.1997077 0.3597772 -0.4147461 0.1969134 0.360781 -0.417504 0.1995199 0.3599322 -0.4151721 0.1971378 0.3607469 -0.4174106 0.1994096 0.3600072 -0.4153781 0.197357 0.3607092 -0.4173069 0.1975705 0.3606678 -0.4171932 0.1991573 0.3601511 -0.4157735 0.1992887 0.3600802 -0.4155787 0.1977778 0.3606229 -0.4170699 0.199016 0.3602198 -0.4159621 0.1979785 0.3605746 -0.416937 0.1987048 0.3603495 -0.4163185 0.1988651 0.3602859 -0.4161439 0.1983578 0.3604681 -0.4166446 0.198172 0.360523 -0.4167952 0.1985355 0.3604102 -0.4164855 0.150006 0.3545865 -0.4151039 0.1500241 0.3546702 -0.4153338 0.1500541 0.3547535 -0.4155627 0.1500961 0.3548362 -0.4157899 0.1501498 0.3549181 -0.416015 0.1502153 0.354999 -0.4162372 0.1502923 0.3550787 -0.4164562 0.1503806 0.355157 -0.4166714 0.1504801 0.3552337 -0.4168822 0.1505904 0.3553087 -0.4170882 0.1507113 0.3553817 -0.4172888 0.1508427 0.3554527 -0.4174836 0.150984 0.3555213 -0.4176722 0.1511349 0.3555875 -0.417854 0.1512952 0.355651 -0.4180286 0.1514645 0.3557118 -0.4181956 0.1516422 0.3557697 -0.4183546 0.151828 0.3558245 -0.4185053 0.1520215 0.3558761 -0.4186472 0.1522222 0.3559245 -0.4187799 0.1524295 0.3559694 -0.4189033 0.152643 0.3560107 -0.419017 0.1528622 0.3560485 -0.4191207 0.1530866 0.3560825 -0.4192141 0.1533156 0.3561127 -0.4192971 0.1535486 0.356139 -0.4193695 0.1537851 0.3561614 -0.419431 0.1540246 0.3561798 -0.4194815 0.1542663 0.3561942 -0.4195209 0.1545099 0.3562044 -0.4195492 0.1547547 0.3562106 -0.4195661 0.155 0.3562127 -0.4195718 0.1954901 0.3562044 -0.4195492 0.1957337 0.3561942 -0.4195209 0.1952453 0.3562106 -0.4195661 0.1999459 0.3547535 -0.4155627 0.199994 0.3545865 -0.4151039 0.1999759 0.3546702 -0.4153338 0.1998502 0.3549181 -0.416015 0.1999039 0.3548362 -0.4157899 0.1962149 0.3561614 -0.419431 0.1959754 0.3561798 -0.4194815 0.1997847 0.354999 -0.4162372 0.1997077 0.3550787 -0.4164562 0.1969134 0.3560825 -0.4192141 0.1971378 0.3560485 -0.4191207 0.1966844 0.3561127 -0.4192971 0.1964514 0.356139 -0.4193695 0.197357 0.3560107 -0.419017 0.1994096 0.3553087 -0.4170882 0.1996194 0.355157 -0.4166714 0.1995199 0.3552337 -0.4168822 0.1992887 0.3553817 -0.4172888 0.1977778 0.3559245 -0.4187799 0.1975705 0.3559694 -0.4189033 0.199016 0.3555213 -0.4176722 0.1991573 0.3554527 -0.4174836 0.1979785 0.3558761 -0.4186472 0.198172 0.3558245 -0.4185053 0.1985355 0.3557118 -0.4181956 0.1988651 0.3555875 -0.417854 0.1987048 0.355651 -0.4180286 0.1983578 0.3557697 -0.4183546 -0.198172 -0.360523 -0.4167952 -0.1985355 -0.3604102 -0.4164855 -0.1983578 -0.3604681 -0.4166446 -0.1977778 -0.3606229 -0.4170699 -0.1987048 -0.3603495 -0.4163185 -0.1979785 -0.3605746 -0.416937 -0.1992887 -0.3600802 -0.4155787 -0.1991573 -0.3601511 -0.4157735 -0.199016 -0.3602198 -0.4159621 -0.1988651 -0.3602859 -0.4161439 -0.197357 -0.3607092 -0.4173069 -0.1975705 -0.3606678 -0.4171932 -0.1995199 -0.3599322 -0.4151721 -0.1994096 -0.3600072 -0.4153781 -0.1969134 -0.360781 -0.417504 -0.1971378 -0.3607469 -0.4174106 -0.1997077 -0.3597772 -0.4147461 -0.1996194 -0.3598555 -0.4149612 -0.1966844 -0.3608112 -0.417587 -0.1998502 -0.3596165 -0.4143048 -0.1997847 -0.3596974 -0.4145271 -0.1962149 -0.3608599 -0.4177209 -0.1964514 -0.3608375 -0.4176594 -0.1959754 -0.3608783 -0.4177714 -0.1999459 -0.359452 -0.4138526 -0.1999039 -0.3595347 -0.4140798 -0.1999759 -0.3593687 -0.4136237 -0.1954901 -0.3609029 -0.4178391 -0.1957337 -0.3608926 -0.4178108 -0.195 -0.3609111 -0.4178617 -0.1952453 -0.3609091 -0.417856 -0.199994 -0.3592849 -0.4133938 -0.155 -0.3609111 -0.4178617 -0.1542663 -0.3608926 -0.4178108 -0.1547547 -0.3609091 -0.417856 -0.1545099 -0.3609029 -0.4178391 -0.1540246 -0.3608783 -0.4177714 -0.1533156 -0.3608112 -0.417587 -0.1537851 -0.3608599 -0.4177209 -0.1535486 -0.3608375 -0.4176594 -0.1528622 -0.3607469 -0.4174106 -0.1530866 -0.360781 -0.417504 -0.152643 -0.3607092 -0.4173069 -0.1522222 -0.3606229 -0.4170699 -0.1524295 -0.3606678 -0.4171932 -0.1520215 -0.3605746 -0.416937 -0.1516422 -0.3604681 -0.4166446 -0.151828 -0.360523 -0.4167952 -0.1514645 -0.3604102 -0.4164855 -0.1511349 -0.3602859 -0.4161439 -0.1512952 -0.3603495 -0.4163185 -0.150984 -0.3602198 -0.4159621 -0.1505904 -0.3600072 -0.4153781 -0.1508427 -0.3601511 -0.4157735 -0.1507113 -0.3600802 -0.4155787 -0.1503806 -0.3598555 -0.4149612 -0.1504801 -0.3599322 -0.4151721 -0.1500961 -0.3595347 -0.4140798 -0.1502923 -0.3597772 -0.4147461 -0.1502153 -0.3596974 -0.4145271 -0.1501498 -0.3596165 -0.4143048 -0.150006 -0.3592849 -0.4133938 -0.1500541 -0.359452 -0.4138526 -0.1500241 -0.3593687 -0.4136237 -0.15 -0.359201 -0.4131632 0.1512952 -0.3603495 -0.4163185 0.1514645 -0.3604102 -0.4164855 0.1516422 -0.3604681 -0.4166446 0.151828 -0.360523 -0.4167952 0.150984 -0.3602198 -0.4159621 0.1511349 -0.3602859 -0.4161439 0.152643 -0.3607092 -0.4173069 0.1522222 -0.3606229 -0.4170699 0.1524295 -0.3606678 -0.4171932 0.1528622 -0.3607469 -0.4174106 0.1530866 -0.360781 -0.417504 0.1533156 -0.3608112 -0.417587 0.1502923 -0.3597772 -0.4147461 0.1505904 -0.3600072 -0.4153781 0.1507113 -0.3600802 -0.4155787 0.1504801 -0.3599322 -0.4151721 0.1503806 -0.3598555 -0.4149612 0.1535486 -0.3608375 -0.4176594 0.1540246 -0.3608783 -0.4177714 0.1537851 -0.3608599 -0.4177209 0.1500541 -0.359452 -0.4138526 0.1520215 -0.3605746 -0.416937 0.1508427 -0.3601511 -0.4157735 0.1502153 -0.3596974 -0.4145271 0.1501498 -0.3596165 -0.4143048 0.1500961 -0.3595347 -0.4140798 0.1542663 -0.3608926 -0.4178108 0.1545099 -0.3609029 -0.4178391 0.150006 -0.3592849 -0.4133938 0.1500241 -0.3593687 -0.4136237 0.1547547 -0.3609091 -0.417856 0.155 -0.3609111 -0.4178617 0.15 -0.359201 -0.4131632 0.1954901 -0.3609029 -0.4178391 0.195 -0.3609111 -0.4178617 0.1952453 -0.3609091 -0.417856 0.1962149 -0.3608599 -0.4177209 0.1957337 -0.3608926 -0.4178108 0.1959754 -0.3608783 -0.4177714 0.1964514 -0.3608375 -0.4176594 0.1966844 -0.3608112 -0.417587 0.1969134 -0.360781 -0.417504 0.1971378 -0.3607469 -0.4174106 0.1975705 -0.3606678 -0.4171932 0.197357 -0.3607092 -0.4173069 0.1983578 -0.3604681 -0.4166446 0.1979785 -0.3605746 -0.416937 0.198172 -0.360523 -0.4167952 0.1977778 -0.3606229 -0.4170699 0.1985355 -0.3604102 -0.4164855 0.1987048 -0.3603495 -0.4163185 0.199016 -0.3602198 -0.4159621 0.1988651 -0.3602859 -0.4161439 0.1991573 -0.3601511 -0.4157735 0.1994096 -0.3600072 -0.4153781 0.1992887 -0.3600802 -0.4155787 0.1995199 -0.3599322 -0.4151721 0.1997077 -0.3597772 -0.4147461 0.1996194 -0.3598555 -0.4149612 0.1997847 -0.3596974 -0.4145271 0.1998502 -0.3596165 -0.4143048 0.1999459 -0.359452 -0.4138526 0.1999039 -0.3595347 -0.4140798 0.1999759 -0.3593687 -0.4136237 0.199994 -0.3592849 -0.4133938 -0.15 -0.2377872 -0.07958134 -0.1432588 -0.2301865 -0.05869873 -0.1421283 -0.2296375 -0.05719037 -0.1443091 -0.2307538 -0.0602574 -0.1452769 -0.2313381 -0.06186262 -0.1461596 -0.2319379 -0.06351053 -0.1469552 -0.2325517 -0.06519715 -0.1476618 -0.2331782 -0.06691843 -0.1482776 -0.2338158 -0.0686702 -0.1488013 -0.234463 -0.07044827 -0.1492314 -0.2351182 -0.07224834 -0.1495671 -0.2357798 -0.07406608 -0.1498074 -0.2364462 -0.0758971 -0.1499518 -0.2371159 -0.077737 -0.1409204 -0.2291082 -0.05573595 -0.139638 -0.2285997 -0.05433898 -0.1382843 -0.2281134 -0.05300282 -0.1368624 -0.2276504 -0.05173069 -0.1353757 -0.2272118 -0.05052565 -0.133828 -0.2267986 -0.04939061 -0.1322228 -0.226412 -0.04832831 -0.1305641 -0.2260527 -0.04734129 -0.1288559 -0.2257218 -0.04643195 -0.1271022 -0.2254199 -0.04560246 -0.1253073 -0.2251478 -0.04485483 -0.1234756 -0.2249061 -0.04419086 -0.1216114 -0.2246954 -0.04361215 -0.1197192 -0.2245164 -0.04312009 -0.1178036 -0.2243692 -0.04271587 -0.1158692 -0.2242544 -0.04240047 -0.1139207 -0.2241722 -0.04217463 -0.1119627 -0.2241228 -0.04203891 -0.11 -0.2241064 -0.04199364 0.15 -0.2377872 -0.07958134 0.1499518 -0.2371159 -0.077737 0.1498074 -0.2364462 -0.0758971 0.1495671 -0.2357798 -0.07406608 0.1492314 -0.2351182 -0.07224834 0.1488013 -0.234463 -0.07044827 0.1482776 -0.2338158 -0.0686702 0.1476618 -0.2331782 -0.06691843 0.1469552 -0.2325517 -0.06519715 0.1461596 -0.2319379 -0.06351053 0.1452769 -0.2313381 -0.06186262 0.1443091 -0.2307538 -0.0602574 0.1432588 -0.2301865 -0.05869873 0.1421283 -0.2296375 -0.05719037 0.1409204 -0.2291082 -0.05573595 0.139638 -0.2285997 -0.05433898 0.1382843 -0.2281134 -0.05300282 0.1368624 -0.2276504 -0.05173069 0.1353757 -0.2272118 -0.05052565 0.133828 -0.2267986 -0.04939061 0.1322228 -0.226412 -0.04832831 0.1305641 -0.2260527 -0.04734129 0.1288559 -0.2257218 -0.04643195 0.1271022 -0.2254199 -0.04560246 0.1253073 -0.2251478 -0.04485483 0.1234756 -0.2249061 -0.04419086 0.1216114 -0.2246954 -0.04361215 0.1197192 -0.2245164 -0.04312009 0.1178036 -0.2243692 -0.04271587 0.1158692 -0.2242544 -0.04240047 0.1139207 -0.2241722 -0.04217463 0.1119627 -0.2241228 -0.04203891 0.11 -0.2241064 -0.04199364 0.199994 -0.3545865 -0.4151039 0.1999759 -0.3546702 -0.4153338 0.1999459 -0.3547535 -0.4155627 0.1999039 -0.3548362 -0.4157899 0.1998502 -0.3549181 -0.416015 0.1997847 -0.354999 -0.4162372 0.1997077 -0.3550787 -0.4164562 0.1996194 -0.355157 -0.4166714 0.1995199 -0.3552337 -0.4168822 0.1994096 -0.3553087 -0.4170882 0.1992887 -0.3553817 -0.4172888 0.1991573 -0.3554527 -0.4174836 0.199016 -0.3555213 -0.4176722 0.1988651 -0.3555875 -0.417854 0.1987048 -0.355651 -0.4180286 0.1985355 -0.3557118 -0.4181956 0.1983578 -0.3557697 -0.4183546 0.198172 -0.3558245 -0.4185053 0.1979785 -0.3558761 -0.4186472 0.1977778 -0.3559245 -0.4187799 0.1975705 -0.3559694 -0.4189033 0.197357 -0.3560107 -0.419017 0.1971378 -0.3560485 -0.4191207 0.1969134 -0.3560825 -0.4192141 0.1966844 -0.3561127 -0.4192971 0.1964514 -0.356139 -0.4193695 0.1962149 -0.3561614 -0.419431 0.1959754 -0.3561798 -0.4194815 0.1957337 -0.3561942 -0.4195209 0.1954901 -0.3562044 -0.4195492 0.1952453 -0.3562106 -0.4195661 0.195 -0.3562127 -0.4195718 -0.1988651 -0.3555875 -0.417854 -0.199016 -0.3555213 -0.4176722 -0.1987048 -0.355651 -0.4180286 -0.1985355 -0.3557118 -0.4181956 -0.1991573 -0.3554527 -0.4174836 -0.1983578 -0.3557697 -0.4183546 -0.1977778 -0.3559245 -0.4187799 -0.197357 -0.3560107 -0.419017 -0.1975705 -0.3559694 -0.4189033 -0.1995199 -0.3552337 -0.4168822 -0.1994096 -0.3553087 -0.4170882 -0.1992887 -0.3553817 -0.4172888 -0.198172 -0.3558245 -0.4185053 -0.1969134 -0.3560825 -0.4192141 -0.1971378 -0.3560485 -0.4191207 -0.1966844 -0.3561127 -0.4192971 -0.1979785 -0.3558761 -0.4186472 -0.1996194 -0.355157 -0.4166714 -0.1997077 -0.3550787 -0.4164562 -0.1962149 -0.3561614 -0.419431 -0.1964514 -0.356139 -0.4193695 -0.1959754 -0.3561798 -0.4194815 -0.1998502 -0.3549181 -0.416015 -0.1999039 -0.3548362 -0.4157899 -0.1997847 -0.354999 -0.4162372 -0.1999759 -0.3546702 -0.4153338 -0.1999459 -0.3547535 -0.4155627 -0.1952453 -0.3562106 -0.4195661 -0.1957337 -0.3561942 -0.4195209 -0.1954901 -0.3562044 -0.4195492 -0.199994 -0.3545865 -0.4151039 -0.195 -0.3562127 -0.4195718 -0.155 -0.3562127 -0.4195718 -0.1542663 -0.3561942 -0.4195209 -0.1547547 -0.3562106 -0.4195661 -0.1545099 -0.3562044 -0.4195492 -0.1540246 -0.3561798 -0.4194815 -0.1535486 -0.356139 -0.4193695 -0.1537851 -0.3561614 -0.419431 -0.1533156 -0.3561127 -0.4192971 -0.1530866 -0.3560825 -0.4192141 -0.152643 -0.3560107 -0.419017 -0.1528622 -0.3560485 -0.4191207 -0.1524295 -0.3559694 -0.4189033 -0.151828 -0.3558245 -0.4185053 -0.1522222 -0.3559245 -0.4187799 -0.1520215 -0.3558761 -0.4186472 -0.1514645 -0.3557118 -0.4181956 -0.1516422 -0.3557697 -0.4183546 -0.1512952 -0.355651 -0.4180286 -0.150984 -0.3555213 -0.4176722 -0.1511349 -0.3555875 -0.417854 -0.1505904 -0.3553087 -0.4170882 -0.1508427 -0.3554527 -0.4174836 -0.1507113 -0.3553817 -0.4172888 -0.1502923 -0.3550787 -0.4164562 -0.1504801 -0.3552337 -0.4168822 -0.1503806 -0.355157 -0.4166714 -0.1502153 -0.354999 -0.4162372 -0.1500961 -0.3548362 -0.4157899 -0.1501498 -0.3549181 -0.416015 -0.15 -0.3545026 -0.4148733 -0.1500541 -0.3547535 -0.4155627 -0.1500241 -0.3546702 -0.4153338 -0.150006 -0.3545865 -0.4151039 0.1514645 -0.3557118 -0.4181956 0.1511349 -0.3555875 -0.417854 0.1516422 -0.3557697 -0.4183546 0.1512952 -0.355651 -0.4180286 0.1520215 -0.3558761 -0.4186472 0.1524295 -0.3559694 -0.4189033 0.1522222 -0.3559245 -0.4187799 0.151828 -0.3558245 -0.4185053 0.152643 -0.3560107 -0.419017 0.150984 -0.3555213 -0.4176722 0.1528622 -0.3560485 -0.4191207 0.1533156 -0.3561127 -0.4192971 0.1530866 -0.3560825 -0.4192141 0.1508427 -0.3554527 -0.4174836 0.1507113 -0.3553817 -0.4172888 0.1505904 -0.3553087 -0.4170882 0.1502153 -0.354999 -0.4162372 0.1504801 -0.3552337 -0.4168822 0.1503806 -0.355157 -0.4166714 0.1502923 -0.3550787 -0.4164562 0.1537851 -0.3561614 -0.419431 0.1535486 -0.356139 -0.4193695 0.1540246 -0.3561798 -0.4194815 0.1500541 -0.3547535 -0.4155627 0.1500241 -0.3546702 -0.4153338 0.1500961 -0.3548362 -0.4157899 0.1501498 -0.3549181 -0.416015 0.150006 -0.3545865 -0.4151039 0.1542663 -0.3561942 -0.4195209 0.15 -0.3545026 -0.4148733 0.1545099 -0.3562044 -0.4195492 0.155 -0.3562127 -0.4195718 0.1547547 -0.3562106 -0.4195661 -0.15 -0.2330887 -0.08129144 -0.1432588 -0.2254881 -0.06040883 -0.1421283 -0.2249391 -0.05890047 -0.1443091 -0.2260554 -0.0619675 -0.1452769 -0.2266396 -0.06357272 -0.1461596 -0.2272394 -0.06522063 -0.1469552 -0.2278533 -0.06690725 -0.1476618 -0.2284798 -0.06862852 -0.1482776 -0.2291174 -0.07038031 -0.1488013 -0.2297645 -0.07215838 -0.1492314 -0.2304197 -0.07395844 -0.1495671 -0.2310813 -0.07577618 -0.1498074 -0.2317478 -0.0776072 -0.1499518 -0.2324174 -0.0794471 -0.1409204 -0.2244097 -0.05744606 -0.139638 -0.2239012 -0.05604908 -0.1382843 -0.2234149 -0.05471292 -0.1368624 -0.2229519 -0.05344079 -0.1353757 -0.2225133 -0.05223575 -0.133828 -0.2221002 -0.05110072 -0.1322228 -0.2217135 -0.05003841 -0.1305641 -0.2213543 -0.04905139 -0.1288559 -0.2210233 -0.04814205 -0.1271022 -0.2207214 -0.04731256 -0.1253073 -0.2204493 -0.04656493 -0.1234756 -0.2202076 -0.04590096 -0.1216114 -0.219997 -0.04532225 -0.1197192 -0.2198179 -0.04483019 -0.1178036 -0.2196708 -0.04442598 -0.1158692 -0.219556 -0.04411057 -0.1139207 -0.2194738 -0.04388473 -0.1119627 -0.2194244 -0.04374901 -0.11 -0.2194079 -0.04370374 0.15 -0.2330887 -0.08129144 0.1499518 -0.2324174 -0.0794471 0.1498074 -0.2317478 -0.0776072 0.1495671 -0.2310813 -0.07577618 0.1492314 -0.2304197 -0.07395844 0.1488013 -0.2297645 -0.07215838 0.1482776 -0.2291174 -0.07038031 0.1476618 -0.2284798 -0.06862852 0.1469552 -0.2278533 -0.06690725 0.1461596 -0.2272394 -0.06522063 0.1452769 -0.2266396 -0.06357272 0.1443091 -0.2260554 -0.0619675 0.1432588 -0.2254881 -0.06040883 0.1421283 -0.2249391 -0.05890047 0.1409204 -0.2244097 -0.05744606 0.139638 -0.2239012 -0.05604908 0.1382843 -0.2234149 -0.05471292 0.1368624 -0.2229519 -0.05344079 0.1353757 -0.2225133 -0.05223575 0.133828 -0.2221002 -0.05110072 0.1322228 -0.2217135 -0.05003841 0.1305641 -0.2213543 -0.04905139 0.1288559 -0.2210233 -0.04814205 0.1271022 -0.2207214 -0.04731256 0.1253073 -0.2204493 -0.04656493 0.1234756 -0.2202076 -0.04590096 0.1216114 -0.219997 -0.04532225 0.1197192 -0.2198179 -0.04483019 0.1178036 -0.2196708 -0.04442598 0.1158692 -0.219556 -0.04411057 0.1139207 -0.2194738 -0.04388473 0.1119627 -0.2194244 -0.04374901 0.11 -0.2194079 -0.04370374 -0.1999459 0.3547535 -0.4155627 -0.1999039 0.3548362 -0.4157899 -0.1999759 0.3546702 -0.4153338 -0.199994 0.3545865 -0.4151039 -0.1998502 0.3549181 -0.416015 -0.1997847 0.354999 -0.4162372 -0.1997077 0.3550787 -0.4164562 -0.1996194 0.355157 -0.4166714 -0.1995199 0.3552337 -0.4168822 -0.1994096 0.3553087 -0.4170882 -0.1992887 0.3553817 -0.4172888 -0.1991573 0.3554527 -0.4174836 -0.199016 0.3555213 -0.4176722 -0.1988651 0.3555875 -0.417854 -0.1987048 0.355651 -0.4180286 -0.1983578 0.3557697 -0.4183546 -0.1985355 0.3557118 -0.4181956 -0.198172 0.3558245 -0.4185053 -0.1977778 0.3559245 -0.4187799 -0.1979785 0.3558761 -0.4186472 -0.1975705 0.3559694 -0.4189033 -0.197357 0.3560107 -0.419017 -0.1971378 0.3560485 -0.4191207 -0.1969134 0.3560825 -0.4192141 -0.1966844 0.3561127 -0.4192971 -0.1962149 0.3561614 -0.419431 -0.1964514 0.356139 -0.4193695 -0.1959754 0.3561798 -0.4194815 -0.1957337 0.3561942 -0.4195209 -0.1954901 0.3562044 -0.4195492 -0.1952453 0.3562106 -0.4195661 -0.150006 0.3545865 -0.4151039 -0.1500541 0.3547535 -0.4155627 -0.1500241 0.3546702 -0.4153338 -0.1500961 0.3548362 -0.4157899 -0.1502153 0.354999 -0.4162372 -0.1501498 0.3549181 -0.416015 -0.1537851 0.3561614 -0.419431 -0.1535486 0.356139 -0.4193695 -0.1540246 0.3561798 -0.4194815 -0.1542663 0.3561942 -0.4195209 -0.1502923 0.3550787 -0.4164562 -0.1533156 0.3561127 -0.4192971 -0.1545099 0.3562044 -0.4195492 -0.1503806 0.355157 -0.4166714 -0.1530866 0.3560825 -0.4192141 -0.1547547 0.3562106 -0.4195661 -0.1504801 0.3552337 -0.4168822 -0.1528622 0.3560485 -0.4191207 -0.1507113 0.3553817 -0.4172888 -0.1505904 0.3553087 -0.4170882 -0.152643 0.3560107 -0.419017 -0.1524295 0.3559694 -0.4189033 -0.1508427 0.3554527 -0.4174836 -0.1522222 0.3559245 -0.4187799 -0.150984 0.3555213 -0.4176722 -0.1520215 0.3558761 -0.4186472 -0.151828 0.3558245 -0.4185053 -0.1516422 0.3557697 -0.4183546 -0.1511349 0.3555875 -0.417854 -0.1514645 0.3557118 -0.4181956 -0.1512952 0.355651 -0.4180286 -0.199994 0.3592849 -0.4133938 -0.1999759 0.3593687 -0.4136237 -0.1999459 0.359452 -0.4138526 -0.1999039 0.3595347 -0.4140798 -0.1998502 0.3596165 -0.4143048 -0.1997847 0.3596974 -0.4145271 -0.1997077 0.3597772 -0.4147461 -0.1996194 0.3598555 -0.4149612 -0.1995199 0.3599322 -0.4151721 -0.1994096 0.3600072 -0.4153781 -0.1992887 0.3600802 -0.4155787 -0.1991573 0.3601511 -0.4157735 -0.199016 0.3602198 -0.4159621 -0.1988651 0.3602859 -0.4161439 -0.1987048 0.3603495 -0.4163185 -0.1985355 0.3604102 -0.4164855 -0.1983578 0.3604681 -0.4166446 -0.198172 0.360523 -0.4167952 -0.1979785 0.3605746 -0.416937 -0.1977778 0.3606229 -0.4170699 -0.1975705 0.3606678 -0.4171932 -0.197357 0.3607092 -0.4173069 -0.1971378 0.3607469 -0.4174106 -0.1969134 0.360781 -0.417504 -0.1966844 0.3608112 -0.417587 -0.1964514 0.3608375 -0.4176594 -0.1962149 0.3608599 -0.4177209 -0.1959754 0.3608783 -0.4177714 -0.1957337 0.3608926 -0.4178108 -0.1954901 0.3609029 -0.4178391 -0.1952453 0.3609091 -0.417856 -0.195 0.3609111 -0.4178617 -0.1500961 0.3595347 -0.4140798 -0.1500241 0.3593687 -0.4136237 -0.1500541 0.359452 -0.4138526 -0.1537851 0.3608599 -0.4177209 -0.1540246 0.3608783 -0.4177714 -0.1542663 0.3608926 -0.4178108 -0.1545099 0.3609029 -0.4178391 -0.1547547 0.3609091 -0.417856 -0.1501498 0.3596165 -0.4143048 -0.150006 0.3592849 -0.4133938 -0.1503806 0.3598555 -0.4149612 -0.1502153 0.3596974 -0.4145271 -0.1502923 0.3597772 -0.4147461 -0.1530866 0.360781 -0.417504 -0.1533156 0.3608112 -0.417587 -0.1535486 0.3608375 -0.4176594 -0.1504801 0.3599322 -0.4151721 -0.1528622 0.3607469 -0.4174106 -0.1507113 0.3600802 -0.4155787 -0.1505904 0.3600072 -0.4153781 -0.1524295 0.3606678 -0.4171932 -0.152643 0.3607092 -0.4173069 -0.1522222 0.3606229 -0.4170699 -0.150984 0.3602198 -0.4159621 -0.1508427 0.3601511 -0.4157735 -0.1512952 0.3603495 -0.4163185 -0.1511349 0.3602859 -0.4161439 -0.1516422 0.3604681 -0.4166446 -0.151828 0.360523 -0.4167952 -0.1520215 0.3605746 -0.416937 -0.1514645 0.3604102 -0.4164855 0.195 0.3562127 -0.4195718 -0.155 0.3562127 -0.4195718 -0.195 0.3562127 -0.4195718 -0.155 0.3609111 -0.4178617</float_array>
          <technique_common>
            <accessor count="1474" source="#cubeverts-array0-array" stride="3">
              <param type="float" name="X" />
              <param type="float" name="Y" />
              <param type="float" name="Z" />
            </accessor>
          </technique_common>
        </source>
        <source id="cubenormals-array0">
          <float_array count="8832" id="cubenormals-array0-array">-2.02249e-16 -2.743166e-17 -1 -1.856565e-16 -2.500322e-17 -1 -1.701669e-16 -2.272746e-17 -1 -1.337989e-17 0 -1 -2.202062e-16 -3.005007e-17 -1 -1.556232e-16 -2.058217e-17 -1 7.354168e-16 -7.938986e-16 -1 5.786734e-16 -6.27541e-16 -1 -1.418854e-16 -1.854746e-17 -1 -1.288029e-16 -1.660172e-17 -1 4.830687e-16 -5.259316e-16 -1 -1.162833e-16 -1.473178e-17 -1 4.182831e-16 -4.569584e-16 -1 -1.042318e-16 -1.292394e-17 -1 3.713648e-16 -4.069043e-16 -1 3.357714e-16 -3.688406e-16 -1 -9.256575e-17 -1.116623e-17 -1 3.076343e-16 -3.386684e-16 -1 -8.122157e-17 -9.449414e-18 -1 -7.01151e-17 -7.761051e-18 -1 2.847712e-16 -3.140761e-16 -1 -5.919468e-17 -6.093492e-18 -1 2.65742e-16 -2.935382e-16 -1 2.496028e-16 -2.760545e-16 -1 -4.840472e-17 -4.438408e-18 -1 -3.76917e-17 -2.787698e-18 -1 2.356627e-16 -2.608921e-16 -1 -2.69932e-17 -1.131791e-18 -1 2.234542e-16 -2.475554e-16 -1 -1.626851e-17 5.356253e-19 -1 2.126458e-16 -2.356934e-16 -1 4.460996e-15 6.997389e-16 -1 2.029348e-16 -2.249831e-16 -1 0 0 -1 0 0 -1 0 0 -1 0 0 -1 0 0 -1 0 0 -1 0 0 -1 0 0 -1 0 0 -1 0 0 -1 0 0 -1 0 0 -1 0 0 -1 0 -0 -1 0 0 -1 0 0 -1 0 0 -1 0 0 -1 0 -0 -1 0 0 -1 0 0 -1 0 -0 -1 0 0 -1 0 0 -1 0 0 -1 0 0 -1 0 -0 -1 0 0 -1 0 -0 -1 0 0 -1 0 0 -1 0 -0 -1 0 -0 -1 0 0 -1 0 -0 -1 0 -0 -1 0 0 -1 0 -0 -1 0 -0 -1 0 0 -1 0 -0 -1 0 -0 -1 0 0 -1 0 -0 -1 0 -0 -1 0 -0 -1 0 0 -1 0 -0 -1 0 0 -1 0 -0 -1 0 -0 -1 0 0 -1 0 -0 -1 0 -0 -1 0 -0 -1 0 0 -1 0 -0 -1 0 0 -1 0 -0 -1 0 -0 -1 0 0 -1 0 0 -1 0 -0 -1 0 -0 -1 0 -0 -1 0 0 -1 0 -0 -1 0 -0 -1 0 -0 -1 -4.460995e-15 6.997389e-16 -1 1.626851e-17 5.356251e-19 -1 2.69932e-17 -1.131791e-18 -1 3.76917e-17 -2.787698e-18 -1 4.840472e-17 -4.438408e-18 -1 5.919469e-17 -6.093492e-18 -1 7.01151e-17 -7.761052e-18 -1 8.122155e-17 -9.449413e-18 -1 9.256575e-17 -1.116623e-17 -1 1.042318e-16 -1.292393e-17 -1 1.162833e-16 -1.473178e-17 -1 1.288028e-16 -1.660172e-17 -1 1.418853e-16 -1.854746e-17 -1 1.556232e-16 -2.058217e-17 -1 1.701669e-16 -2.272746e-17 -1 1.856565e-16 -2.500322e-17 -1 2.02249e-16 -2.743166e-17 -1 2.202062e-16 -3.005007e-17 -1 0 0 -1 0 0 -1 0 0 -1 -2.029339e-16 -2.249821e-16 -1 -2.126468e-16 -2.356944e-16 -1 -2.234565e-16 -2.47558e-16 -1 -2.356617e-16 -2.60891e-16 -1 -2.496064e-16 -2.760584e-16 -1 -2.65738e-16 -2.935335e-16 -1 -2.847685e-16 -3.140731e-16 -1 -3.076369e-16 -3.386711e-16 -1 -3.357631e-16 -3.688314e-16 -1 -3.713703e-16 -4.069104e-16 -1 -4.182776e-16 -4.569524e-16 -1 -4.830526e-16 -5.259146e-16 -1 -5.786575e-16 -6.275232e-16 -1 -7.353929e-16 -7.938736e-16 -1 1.337988e-17 0 -1 -0 1 0 0 1 0 0.02455311 0.9996985 0 0.02455311 0.9996985 -0 0.07353747 0.9972924 0 0.1224417 0.9924757 0 0.07353747 0.9972924 -0 0.1224417 0.9924757 0 0.1709288 0.9852834 0 0.1709288 0.9852834 -0 0.2191333 0.975695 0 0.2667177 0.9637747 0 0.2191333 0.975695 -0 0.2667177 0.9637747 0 0.3136761 0.9495301 0 0.3136761 0.9495301 -0 0.359876 0.9330002 0 0.359876 0.9330002 -0 0.4052671 0.9141983 -0 0.4052671 0.9141983 0 0.4495722 0.893244 0 0.4495722 0.893244 -0 0.4929037 0.8700838 0 0.535031 0.8448325 0 0.4929037 0.8700838 -0 0.535031 0.8448325 0 0.5757935 0.8175951 0 0.5757935 0.8175951 -0 0.6152179 0.788357 0 0.6152179 0.788357 -0 0.6531655 0.7572152 0 0.6531655 0.7572152 -0 0.6895744 0.7242149 0 0.6895744 0.7242149 -0 0.7242149 0.6895744 0 0.7242149 0.6895744 -0 0.7572152 0.6531655 0 0.7572152 0.6531655 -0 0.788357 0.6152179 0 0.788357 0.6152179 -0 0.8175951 0.5757935 0 0.8175951 0.5757935 -0 0.8448325 0.535031 0 0.8448325 0.535031 -0 0.8700838 0.4929037 0 0.8700838 0.4929037 -0 0.893244 0.4495722 0 0.893244 0.4495722 -0 0.9141983 0.4052671 0 0.9141983 0.4052671 -0 0.9330002 0.359876 0 0.9330002 0.359876 -0 0.9495301 0.3136761 0 0.9495301 0.3136761 -0 0.9637747 0.2667177 0 0.9637747 0.2667177 -0 0.975695 0.2191333 0 0.975695 0.2191333 -0 0.9852834 0.1709288 0 0.9852834 0.1709288 -0 0.9924757 0.1224417 0 0.9972924 0.07353747 0 0.9924757 0.1224417 -0 0.9972924 0.07353747 0 0.9996985 0.02455311 0 0.9996985 0.02455311 0 -0.02455311 0.9996985 0 -0.02455311 0.9996985 0 -0.07353747 0.9972924 0 -0.07353747 0.9972924 0 -0.1224417 0.9924757 0 -0.1224417 0.9924757 0 -0.1709288 0.9852834 0 -0.1709288 0.9852834 0 -0.2191333 0.975695 0 -0.2191333 0.975695 0 -0.2667177 0.9637747 0 -0.2667177 0.9637747 0 -0.3136761 0.9495301 0 -0.3136761 0.9495301 0 -0.359876 0.9330002 0 -0.359876 0.9330002 0 -0.4052671 0.9141983 0 -0.4052671 0.9141983 0 -0.4495722 0.893244 0 -0.4929037 0.8700838 0 -0.4495722 0.893244 0 -0.4929037 0.8700838 0 -0.535031 0.8448325 0 -0.535031 0.8448325 0 -0.5757935 0.8175951 0 -0.5757935 0.8175951 0 -0.6152179 0.788357 0 -0.6152179 0.788357 0 -0.6531655 0.7572152 0 -0.6895744 0.7242149 0 -0.6531655 0.7572152 0 -0.6895744 0.7242149 0 -0.7242149 0.6895744 0 -0.7572152 0.6531655 0 -0.7242149 0.6895744 0 -0.7572152 0.6531655 0 -0.788357 0.6152179 0 -0.8175951 0.5757935 0 -0.788357 0.6152179 0 -0.8175951 0.5757935 0 -0.8448325 0.535031 0 -0.8700838 0.4929037 0 -0.8448325 0.535031 0 -0.8700838 0.4929037 0 -0.893244 0.4495722 0 -0.9141983 0.4052671 0 -0.893244 0.4495722 0 -0.9141983 0.4052671 0 -0.9330002 0.359876 0 -0.9330002 0.359876 0 -0.9495301 0.3136761 0 -0.9495301 0.3136761 0 -0.9637747 0.2667177 0 -0.9637747 0.2667177 0 -0.975695 0.2191333 0 -0.975695 0.2191333 0 -0.9852834 0.1709288 0 -0.9924757 0.1224417 0 -0.9852834 0.1709288 0 -0.9924757 0.1224417 0 -0.9972924 0.07353747 0 -0.9972924 0.07353747 0 -0.9996985 0.02455311 0 -0.9996985 0.02455311 0 1 0 0 1 0 0 1 0 0 1 0 0 1 -0 0 1 0 0 1 0 0 1 -0 0 1 0 0 1 0 0 1 0 0 1 -0 0 1 0 0 1 0 0 1 0 0 1 0 0 1 -0 0 1 0 0 1 0 0 1 0 0 1 -0 0 1 0 0 1 0 0 1 0 0 1 -0 0 1 0 0 1 0 0 1 0 0 1 -0 0 1 0 0 1 0 0 1 0 0 1 -0 0 1 0 0 1 0 0 1 0 0 1 -0 0 1 0 0 1 -0 0 1 0 0 1 -0 0 1 0 0 1 -0 0 1 0 0 1 -0 0 1 0 0 1 -0 0 1 0 0 1 -0 0 1 0 0 1 -0 0 1 0 0 1 -0 0 1 0 0 1 0 0 -1 0 0 -1 0 0 -1 0 0 -1 0 0 -1 0 0 -1 0 0 -1 0 0 -1 0 0 -1 0 0 -1 0 0 -1 0 0 -1 0 0 -1 0 0 -1 0 0 -1 0 0 -1 0 0 -1 0 0 -1 0 0 -1 0 0 -1 0 0 -1 0 0 -1 0 0 -1 0 0 -1 0 0 -1 0 0 -1 0 0 -1 0 0 -1 0 0 -1 0 0 -1 0 0 -1 0 0 -1 0 0 -1 0 0 -1 0 0 -1 0 0 -1 0 0 -1 0 0 -1 0 0 -1 0 0 -1 0 0 -1 0 0 -1 0 0 -1 0 0 -1 0 0 -1 0 0 -1 0 0 -1 0 0 -1 0 0 -1 0 0 -1 0 0 -1 0 0 -1 0 0 -1 0 0 -1 0 0 0 0.02181519 -0.999762 0 0.0654031 -0.9978589 0 0.02181519 -0.999762 0 0.1088641 -0.9940566 0 0.0654031 -0.9978589 0 0.1521256 -0.9883612 0 0.1088641 -0.9940566 0 0.1974677 -0.9803093 0 0.1521256 -0.9883612 0 0.2447393 -0.9695889 0 0.1974677 -0.9803093 0 0.2914482 -0.9565865 0 0.2447393 -0.9695889 0 0.3374607 -0.9413396 0 0.2914482 -0.9565865 0 0.382687 -0.9238781 0 0.3374607 -0.9413396 0 0.4270028 -0.9042503 0 0.382687 -0.9238781 0 0.4703334 -0.8824888 0 0.4270028 -0.9042503 0 0.5125338 -0.858667 0 0.4703334 -0.8824888 0 0.5125338 -0.858667 0 0.5535559 -0.832812 0 0.5535559 -0.832812 0 0.5932605 -0.8050105 0 0.6315843 -0.7753073 0 0.5932605 -0.8050105 0 0.6315843 -0.7753073 0 0.6684102 -0.7437928 0 0.7036732 -0.7105238 0 0.6684102 -0.7437928 0 0.7372656 -0.675603 0 0.7036732 -0.7105238 0 0.7691502 -0.6390681 0 0.7372656 -0.675603 0 0.7992312 -0.6010238 0 0.7691502 -0.6390681 0 0.8274059 -0.5616043 0 0.7992312 -0.6010238 0 0.8536524 -0.5208434 0 0.8274059 -0.5616043 0 0.8536524 -0.5208434 0 0.876727 -0.4809883 0 0.876727 -0.4809883 0 0.8968651 -0.4423041 0 0.8968651 -0.4423041 0 0.9153091 -0.402752 0 0.9153091 -0.402752 0 0.9320109 -0.3624299 0 0.9320109 -0.3624299 -0 -0.02443232 -0.9997014 0 -0.02443232 -0.9997014 -0 -0.07323761 -0.9973145 -0 -0.1218733 -0.9925457 0 -0.07323761 -0.9973145 -0 -0.1218733 -0.9925457 -0 -0.1702014 -0.9854093 -0 -0.2181466 -0.975916 0 -0.1702014 -0.9854093 -0 -0.2655557 -0.9640955 -0 -0.2181466 -0.975916 -0 -0.2655557 -0.9640955 -0 -0.3123318 -0.9499731 0 -0.3123318 -0.9499731 -0 -0.3583757 -0.9335774 -0 -0.4035503 -0.9149575 0 -0.3583757 -0.9335774 -0 -0.4035503 -0.9149575 -0 -0.4477613 -0.8941531 0 -0.4477613 -0.8941531 0 -0.4908973 -0.8712174 -0 -0.4908973 -0.8712174 -0 -0.5328801 -0.8461907 -0 -0.5328801 -0.8461907 0 -0.5735518 -0.8191693 -0 -0.5735518 -0.8191693 -0 -0.6129329 -0.790135 0 -0.6129329 -0.790135 -0 -0.6507545 -0.7592883 0 -0.6507545 -0.7592883 -0 -0.6870818 -0.72658 0 -0.6870818 -0.72658 -0 -0.7217761 -0.6921266 0 -0.7217761 -0.6921266 -0 -0.7547013 -0.6560686 0 -0.7547013 -0.6560686 -0 -0.7858533 -0.6184129 -0 -0.8151388 -0.5792657 0 -0.7858533 -0.6184129 -0 -0.8424447 -0.538783 -0 -0.8151388 -0.5792657 -0 -0.8424447 -0.538783 -0 -0.8677785 -0.4969513 0 -0.8677785 -0.4969513 -0 -0.8910126 -0.4539786 0 -0.8910126 -0.4539786 -0 -0.9121116 -0.409942 0 -0.9121116 -0.409942 -0 -0.9310635 -0.3648571 0 -0.9310635 -0.3648571 -1 0 0 -1 0 0 -1 0 0 -1 0 0 -1 0 0 -1 0 0 -1 0 0 -1 0 0 -1 0 0 -1 0 0 -1 0 0 -1 0 0 -1 0 0 -1 0 0 -1 0 0 -1 0 0 -1 0 0 -1 0 0 -1 0 0 -1 0 0 -1 0 0 -1 0 0 -1 0 0 -1 0 0 -1 0 0 -1 0 0 -1 0 0 -1 0 0 -1 0 0 -1 0 0 -1 0 0 -1 0 0 -1 0 0 -1 0 0 -1 0 0 -1 0 0 -1 0 0 -1 0 0 -1 0 0 -1 0 0 -1 0 0 -1 0 0 -1 0 0 -1 0 0 -1 0 0 -1 0 0 -1 0 0 -1 0 0 -1 0 0 -1 0 0 -1 0 0 -1 0 0 -1 0 0 -1 0 0 -1 0 0 1 0 0 1 -0 0 1 -0 0 1 0 0 1 0 0 1 -0 0 1 0 0 1 -0 0 1 0 0 1 -0 0 1 0 0 1 -0 0 1 0 0 1 0 0 1 -0 0 1 -0 0 1 0 0 1 -0 0 1 0 0 1 0 0 1 0 0 1 0 0 1 0 0 1 0 0 1 0 0 1 0 0 1 0 0 1 0 0 1 0 0 1 0 0 1 0 0 1 0 0 1 0 0 1 0 0 1 0 0 1 0 0 1 0 0 1 0 0 1 0 0 1 0 0 1 0 0 1 0 0 1 0 0 1 0 0 1 0 0 1 0 0 1 0 0 1 0 0 1 0 0 1 0 0 1 0 0 1 0 0 1 0 0 1 -0 0 1 0 0 1 -0 0 1 0 0 1 0 0 1 -0 0 1 0 0 1 -0 0 1 0 0 1 -0 0 1 0 0 1 0 0 1 -0 0 1 -0 0 1 -0 0 1 0 0 1 0 0 1 0 0 1 -0 0 1 0 0 1 0 0 1 0 0 1 -0 0 1 0 0 1 0 0 1 0 0 1 -0 0 1 0 0 1 0 0 1 0 0 1 0 0 1 -0 0 1 0 0 1 0 0 1 -0 0 1 0 0 1 0 0 1 -0 0 1 0 0 1 0 0 1 0 0 1 0 0 1 -0 0 1 0 0 1 0 0 1 0 0 1 -0 0 1 0 0 1 0 0 1 0 0 1 0 0 1 -0 0 1 0 0 -0.02455311 0.9996985 0 -0.02455311 0.9996985 0 -0.07353747 0.9972924 0 -0.1224417 0.9924757 0 -0.07353747 0.9972924 0 -0.1224417 0.9924757 0 -0.1709288 0.9852834 0 -0.1709288 0.9852834 0 -0.2191333 0.975695 0 -0.2667177 0.9637747 0 -0.2191333 0.975695 0 -0.2667177 0.9637747 0 -0.3136761 0.9495301 0 -0.3136761 0.9495301 0 -0.359876 0.9330002 0 -0.359876 0.9330002 0 -0.4052671 0.9141983 0 -0.4052671 0.9141983 0 -0.4495722 0.893244 0 -0.4495722 0.893244 0 -0.4929037 0.8700838 0 -0.535031 0.8448325 0 -0.4929037 0.8700838 0 -0.535031 0.8448325 0 -0.5757935 0.8175951 0 -0.5757935 0.8175951 0 -0.6152179 0.788357 0 -0.6152179 0.788357 0 -0.6531655 0.7572152 0 -0.6531655 0.7572152 0 -0.6895744 0.7242149 0 -0.6895744 0.7242149 0 -0.7242149 0.6895744 0 -0.7242149 0.6895744 0 -0.7572152 0.6531655 0 -0.7572152 0.6531655 0 -0.788357 0.6152179 0 -0.788357 0.6152179 0 -0.8175951 0.5757935 0 -0.8175951 0.5757935 0 -0.8448325 0.535031 0 -0.8448325 0.535031 0 -0.8700838 0.4929037 0 -0.8700838 0.4929037 0 -0.893244 0.4495722 0 -0.893244 0.4495722 0 -0.9141983 0.4052671 0 -0.9141983 0.4052671 0 -0.9330002 0.359876 0 -0.9330002 0.359876 0 -0.9495301 0.3136761 0 -0.9495301 0.3136761 0 -0.9637747 0.2667177 0 -0.9637747 0.2667177 0 -0.975695 0.2191333 0 -0.975695 0.2191333 0 -0.9852834 0.1709288 0 -0.9852834 0.1709288 0 -0.9924757 0.1224417 0 -0.9972924 0.07353747 0 -0.9924757 0.1224417 0 -0.9972924 0.07353747 0 -0.9996985 0.02455311 0 -0.9996985 0.02455311 0 0 0.02443232 -0.9997014 0 0.02443232 -0.9997014 0 0.07323761 -0.9973145 0 0.1218733 -0.9925457 0 0.07323761 -0.9973145 0 0.1218733 -0.9925457 0 0.1702014 -0.9854093 0 0.2181466 -0.975916 0 0.1702014 -0.9854093 0 0.2655557 -0.9640955 0 0.2181466 -0.975916 0 0.2655557 -0.9640955 0 0.3123318 -0.9499731 0 0.3123318 -0.9499731 0 0.3583757 -0.9335774 0 0.4035503 -0.9149575 0 0.3583757 -0.9335774 0 0.4035503 -0.9149575 0 0.4477613 -0.8941531 0 0.4477613 -0.8941531 0 0.4908973 -0.8712174 0 0.4908973 -0.8712174 0 0.5328801 -0.8461907 0 0.5328801 -0.8461907 0 0.5735518 -0.8191693 0 0.5735518 -0.8191693 0 0.6129329 -0.790135 0 0.6129329 -0.790135 0 0.6507545 -0.7592883 0 0.6507545 -0.7592883 0 0.6870818 -0.72658 0 0.6870818 -0.72658 0 0.7217761 -0.6921266 0 0.7217761 -0.6921266 0 0.7547013 -0.6560686 0 0.7547013 -0.6560686 0 0.7858533 -0.6184129 0 0.8151388 -0.5792657 0 0.7858533 -0.6184129 0 0.8424447 -0.538783 0 0.8151388 -0.5792657 0 0.8424447 -0.538783 0 0.8677785 -0.4969513 0 0.8677785 -0.4969513 0 0.8910126 -0.4539786 0 0.8910126 -0.4539786 0 0.9121116 -0.409942 0 0.9121116 -0.409942 0 0.9310635 -0.3648571 0 0.9310635 -0.3648571 -0 1 0 0 1 0 -1 0 0 -1 0 0 -1 0 0 -1 0 0 -1 0 0 -1 0 0 -1 0 0 -1 0 0 -1 0 0 -1 0 0 -1 0 0 -1 0 0 -1 0 0 -1 0 0 -1 0 0 -1 0 0 -1 0 0 -1 0 0 -1 0 0 -1 0 0 -1 0 0 -1 0 0 -1 0 0 -1 0 0 -1 0 0 -1 0 0 -1 0 0 -1 0 0 -1 0 0 -1 0 0 -1 0 0 -1 0 0 -1 0 0 -1 0 0 -1 0 0 -1 0 0 -1 0 0 -1 0 0 -1 0 0 -1 0 0 -1 0 0 -1 0 0 -1 0 0 -1 0 0 -1 0 0 -1 0 0 -1 0 0 -1 0 0 -1 0 0 -1 0 0 -1 0 0 -1 0 0 -1 0 0 -1 0 0 -1 0 0 -1 0 0 -1 0 0 -1 0 0 -1 0 0 -1 0 0 -1 0 0 -1 0 0 -1 0 0 -1 0 0 -1 0 0 -1 0 0 -1 0 0 -1 0 0 -1 0 0 -1 0 0 -1 0 0 -1 0 0 -1 0 0 -1 0 0 -1 0 0 -1 0 0 -1 0 0 -1 0 0 -1 0 0 -1 0 0 -1 0 0 -1 0 0 -1 0 0 -1 0 0 -1 0 0 -1 0 0 -1 0 0 -1 0 0 -1 0 0 -1 0 0 -1 0 0 -1 0 0 -1 0 0 -1 0 0 -1 0 0 -1 0 0 -1 0 0 -1 0 0 -1 0 0 -1 0 0 -1 0 0 -1 0 0 -1 0 0 -1 0 0 -1 0 0 -1 0 0 0.9996985 0.02455311 -0 0.9996985 0.02455311 0 0.9972924 0.07353747 -0 0.9972924 0.07353747 0 0.9924757 0.1224417 -0 0.9924757 0.1224417 0 0.9852834 0.1709288 -0 0.975695 0.2191333 -0 0.9852834 0.1709288 0 0.975695 0.2191333 -0 0.9637747 0.2667177 -0 0.9495301 0.3136761 -0 0.9637747 0.2667177 0 0.9495301 0.3136761 -0 0.9330002 0.359876 0 0.9330002 0.359876 -0 0.9141983 0.4052671 0 0.9141983 0.4052671 -0 0.893244 0.4495722 -0 0.893244 0.4495722 0 0.8700838 0.4929037 -0 0.8700838 0.4929037 0 0.8448325 0.535031 -0 0.8448325 0.535031 0 0.8175951 0.5757935 -0 0.8175951 0.5757935 0 0.788357 0.6152179 -0 0.788357 0.6152179 0 0.7572152 0.6531655 -0 0.7572152 0.6531655 0 0.7242149 0.6895744 -0 0.7242149 0.6895744 0 0.6895744 0.7242149 -0 0.6531655 0.7572152 -0 0.6895744 0.7242149 0 0.6531655 0.7572152 -0 0.6152179 0.788357 -0 0.6152179 0.788357 0 0.5757935 0.8175951 -0 0.5757935 0.8175951 0 0.535031 0.8448325 -0 0.535031 0.8448325 0 0.4929037 0.8700838 -0 0.4929037 0.8700838 0 0.4495722 0.893244 -0 0.4495722 0.893244 0 0.4052671 0.9141983 -0 0.4052671 0.9141983 0 0.359876 0.9330002 -0 0.359876 0.9330002 0 0.3136761 0.9495301 -0 0.3136761 0.9495301 0 0.2667177 0.9637747 -0 0.2191333 0.975695 -0 0.2667177 0.9637747 0 0.2191333 0.975695 -0 0.1709288 0.9852834 -0 0.1709288 0.9852834 0 0.1224417 0.9924757 -0 0.1224417 0.9924757 0 0.07353747 0.9972924 -0 0.02455311 0.9996985 -0 0.07353747 0.9972924 0 0.02455311 0.9996985 -0 -0 -0.02443232 -0.9997014 0 -0.02443232 -0.9997014 -0 -0.07323761 -0.9973145 -0 -0.1218733 -0.9925457 0 -0.07323761 -0.9973145 -0 -0.1218733 -0.9925457 -0 -0.1702014 -0.9854093 -0 -0.2181466 -0.975916 0 -0.1702014 -0.9854093 -0 -0.2655557 -0.9640955 -0 -0.2181466 -0.975916 -0 -0.2655557 -0.9640955 -0 -0.3123318 -0.9499731 0 -0.3123318 -0.9499731 -0 -0.3583757 -0.9335774 -0 -0.4035503 -0.9149575 0 -0.3583757 -0.9335774 -0 -0.4035503 -0.9149575 -0 -0.4477613 -0.8941531 0 -0.4477613 -0.8941531 0 -0.4908973 -0.8712174 -0 -0.4908973 -0.8712174 -0 -0.5328801 -0.8461907 -0 -0.5328801 -0.8461907 0 -0.5735518 -0.8191693 -0 -0.5735518 -0.8191693 -0 -0.6129329 -0.790135 0 -0.6129329 -0.790135 -0 -0.6507545 -0.7592883 0 -0.6507545 -0.7592883 -0 -0.6870818 -0.72658 0 -0.6870818 -0.72658 -0 -0.7217761 -0.6921266 0 -0.7217761 -0.6921266 -0 -0.7547013 -0.6560686 0 -0.7547013 -0.6560686 -0 -0.7858533 -0.6184129 -0 -0.8151388 -0.5792657 0 -0.7858533 -0.6184129 -0 -0.8424447 -0.538783 -0 -0.8151388 -0.5792657 -0 -0.8424447 -0.538783 -0 -0.8677785 -0.4969513 0 -0.8677785 -0.4969513 -0 -0.8910126 -0.4539786 0 -0.8910126 -0.4539786 -0 -0.9121116 -0.409942 0 -0.9121116 -0.409942 -0 -0.9310635 -0.3648571 0 -0.9310635 -0.3648571 1 0 0 1 -0 0 1 0 0 1 -0 0 1 0 0 1 -0 0 1 0 0 1 -0 0 1 0 0 1 -0 0 1 0 0 1 0 0 1 -0 0 1 -0 0 1 0 0 1 -0 0 1 0 0 1 -0 0 1 0 0 1 0 0 1 0 0 1 0 0 1 0 0 1 0 0 1 0 0 1 0 0 1 0 0 1 0 0 1 0 0 1 0 0 1 0 0 1 0 0 1 0 0 1 0 0 1 0 0 1 0 0 1 0 0 1 0 0 1 0 0 1 0 0 1 0 0 1 0 0 1 0 0 1 0 0 1 0 0 1 0 0 1 0 0 1 0 0 1 0 0 1 0 0 1 0 0 1 0 0 1 0 0 1 -0 0 0 0 1 0 0 1 0 0 1 0 0 1 0 0 1 0 0 1 0 0 1 0 0 1 0 0 1 0 0 1 0 0 1 0 0 1 0 0 1 0 0 1 0 0 1 0 0 1 0 0 1 0 0 1 0 0 1 0 0 1 0 0 1 0 0 1 0 0 1 0 0 1 0 0 1 0 0 1 0 0 1 0 0 1 0 0 1 0 0 1 0 0 1 0 0 1 0 0 1 0 0 1 0 0 1 0 0 1 0 0 1 0 0 1 0 0 1 0 0 1 0 0 1 0 0 1 0 0 1 0 0 1 0 0 1 0 0 1 0 0 1 0 0 1 0 0 1 0 0 1 0 0 1 0 0 1 0 0 1 0 0 1 0 0 1 0 0 1 0 0 1 0 0 1 0 0 1 0 0 1 0 0 1 0 0 1 0 0 1 0 0 1 0 0 1 0 0 1 0 0 1 0 0 1 0 0 1 0 0 1 0 0 1 0 0 1 0 0 1 0 0 1 0 0 1 0 0 1 0 0 1 0 0 1 0 0 1 0 0 1 0 0 1 0 0 1 0 0 1 0 0 1 0 0 1 0 0 1 0 0 1 0 0 1 0 0 1 0 0 1 0 0 1 0 0 1 0 0 1 0 0 1 0 0 1 0 0 1 0 0 1 0 0 1 0 0 1 0 0 1 0 0 1 0 0 1 0 0 1 0 0 1 0 0 1 0 0 1 0 0 1 0 0 1 0 0 1 0 0 1 0 0 1 0 0 1 0 0 1 0 0 1 0 0 1 0 0 1 0 0 1 0 0 1 0 0 1 0 0 1 0 0 1 0 0 1 0 0 1 0 0 1 0 0 1 0 0 1 0 0 1 0 0 1 0 0 1 0 0 1 0 0 1 0 0 1 0 0 1 0 0 1 0 0 1 0 0 1 0 0 1 0 0 1 0 -0.02443318 0.9997014 0 -0.02443318 0.9997014 0 -0.0732361 0.9973146 0 -0.0732361 0.9973146 0 -0.1218744 0.9925456 0 -0.1218744 0.9925456 0 -0.1702015 0.9854093 0 -0.1702015 0.9854093 0 -0.2181462 0.975916 0 -0.2181462 0.975916 0 -0.2655564 0.9640954 0 -0.2655564 0.9640954 0 -0.3123315 0.9499731 0 -0.3123315 0.9499731 0 -0.3583748 0.9335778 0 -0.4035511 0.914957 0 -0.3583748 0.9335778 0 -0.4035511 0.914957 0 -0.44776 0.8941538 0 -0.4908986 0.8712167 0 -0.44776 0.8941538 0 -0.4908986 0.8712167 0 -0.5328799 0.8461908 0 -0.5328799 0.8461908 0 -0.5735517 0.8191694 0 -0.5735517 0.8191694 0 -0.6129327 0.790135 0 -0.6129327 0.790135 0 -0.6507547 0.759288 0 -0.6507547 0.759288 0 -0.6870821 0.7265798 0 -0.7217757 0.692127 0 -0.6870821 0.7265798 0 -0.7217757 0.692127 0 -0.7547013 0.6560686 0 -0.7858528 0.6184134 0 -0.7547013 0.6560686 0 -0.7858528 0.6184134 0 -0.8151388 0.5792657 0 -0.8424449 0.5387825 0 -0.8151388 0.5792657 0 -0.8424449 0.5387825 0 -0.8677787 0.4969509 0 -0.8910126 0.4539786 0 -0.8677787 0.4969509 0 -0.8910126 0.4539786 0 -0.9121112 0.4099427 0 -0.9310634 0.3648575 0 -0.9121112 0.4099427 0 -0.9310634 0.3648575 0.0004979254 -0.9397177 0.3419508 -4.709818e-05 -0.9396902 0.3420267 -5.642208e-05 -0.9396899 0.3420278 -0.0001131048 -0.939688 0.3420329 6.490668e-05 -0.9396954 0.3420123 -5.954191e-05 -0.9396891 0.3420298 -1.820541e-07 -0.9396927 0.34202 -0.000129848 -0.9396706 0.3420807 1.332548e-05 -0.9396936 0.3420175 0.000203586 -0.9397392 0.3418922 -2.859573e-05 -0.939686 0.3420382 1.063037e-06 -0.9396926 0.3420204 -4.949694e-06 -0.9396918 0.3420223 -2.521003e-06 -0.9396926 0.3420201 -3.414918e-06 -0.939692 0.3420217 -6.931817e-06 -0.939691 0.3420247 2.800887e-06 -0.939693 0.3420191 -1.229114e-05 -0.939685 0.3420411 3.448658e-05 -0.9397089 0.3419753 -1.81067e-05 -0.9396836 0.3420452 -5.846609e-06 -0.9396914 0.3420237 -0.0001575712 -0.9395653 0.3423697 -5.052097e-06 -0.93969 0.3420274 1.624326e-05 -0.9397089 0.3419753 -5.434923e-06 -0.9396795 0.3420561 1.359317e-05 -0.9397054 0.341985 1.040802e-05 -0.9397024 0.3419933 -8.141386e-07 -0.9396924 0.3420209 -1.80409e-05 -0.9396729 0.3420742 1.984151e-06 -0.939673 0.342074 5.025021e-06 -0.9396942 0.3420159 0 -0.9396926 0.3420202 0 -0.9396926 0.3420202 0 -0.9396924 0.3420206 0 -0.9396924 0.3420206 0.0001514022 -0.939689 0.34203 0.0003214368 -0.9396833 0.3420455 -1.368337e-06 -0.939693 0.3420193 -6.471715e-06 -0.9396949 0.3420137 -3.282317e-06 -0.9396937 0.342017 5.126339e-05 -0.9395809 0.3423272 1.290543e-05 -0.9396692 0.3420844 5.356159e-06 -0.9396795 0.3420563 0.000118419 -0.9396811 0.3420515 -0.0001111539 -0.9397052 0.3419856 0.0001799776 -0.9396723 0.342076 -0.0001689627 -0.9397148 0.3419593 -8.761269e-05 -0.9397828 0.3417723 -7.026727e-05 -0.9397413 0.3418865 3.72531e-05 -0.9396635 0.3421003 6.728593e-05 -0.93968 0.3420548 -5.167905e-05 -0.9397016 0.3419956 -2.973267e-06 -0.9396966 0.3420091 -2.267326e-06 -0.9396927 0.3420198 8.041689e-05 -0.9396777 0.3420612 1.204232e-05 -0.9396852 0.3420408 -1.733724e-06 -0.9396944 0.3420151 1.204153e-05 -0.939685 0.342041 7.822031e-05 -0.9396715 0.3420784 2.521003e-06 -0.9396926 0.3420201 -7.499974e-05 -0.9397203 0.341944 2.98597e-05 -0.9396806 0.342053 5.867377e-07 -0.9396923 0.3420209 -5.308789e-07 -0.9396925 0.3420202 7.213994e-07 -0.9396923 0.3420211 1.621124e-05 -0.9396879 0.3420333 0.9996988 0.008394651 0.02306391 0.9972907 0.02515982 0.06912541 0.9996988 0.008394651 0.02306391 0.9924798 0.04186671 0.1150268 0.9972907 0.02515982 0.06912541 0.9852779 0.05847201 0.1606501 0.9924797 0.04186669 0.1150275 0.9757018 0.07493696 0.2058894 0.9852777 0.05847196 0.1606518 0.9637764 0.09122096 0.2506269 0.9757022 0.07493703 0.2058873 0.9495264 0.1072882 0.2947692 0.9637767 0.09122101 0.2506254 0.9329947 0.12309 0.3381861 0.9495259 0.1072881 0.294771 0.9329947 0.12309 0.3381861 0.9142088 0.1386018 0.3808042 0.9142097 0.1386019 0.380802 0.8932257 0.1537765 0.4224935 0.8700863 0.1685828 0.4631734 0.8932257 0.1537765 0.4224935 0.8448523 0.1829821 0.5027347 0.8700863 0.1685828 0.4631734 0.8175835 0.1969402 0.5410838 0.8448523 0.1829821 0.5027347 0.7883526 0.2104206 0.5781205 0.8175835 0.1969402 0.5410838 0.7883471 0.2104197 0.5781285 0.7572072 0.2233972 0.6137841 0.7242449 0.2358357 0.647959 0.7572072 0.2233972 0.6137841 0.7242518 0.2358369 0.6479507 0.6895385 0.2477097 0.6805707 0.6531763 0.2589817 0.71154 0.6895386 0.2477097 0.6805707 0.6152314 0.2696283 0.7408042 0.6531679 0.2589801 0.7115483 0.6152314 0.2696283 0.7408042 0.5758026 0.2796341 0.7682813 0.5350038 0.2889579 0.7938982 0.5758124 0.2796273 0.7682765 0.4928924 0.2975908 0.8176166 0.5350038 0.2889579 0.7938982 0.4928924 0.2975908 0.8176166 0.4496152 0.3055024 0.8393535 0.405239 0.312681 0.8590763 0.4496152 0.3055024 0.8393535 0.3598966 0.3191047 0.8767249 0.405239 0.312681 0.8590763 0.359892 0.3191034 0.8767272 0.3136795 0.3247587 0.892265 0.3136795 0.3247587 0.892265 0.2667133 0.3296334 0.9056521 0.2191088 0.3337119 0.9168575 0.2667182 0.3296311 0.9056515 0.219095 0.3337077 0.9168624 0.1709595 0.3369823 0.9258595 0.1709595 0.3369823 0.9258595 0.1224061 0.3394509 0.9326252 0.1224205 0.3394449 0.9326255 0.07356292 0.3410962 0.9371456 0.07356288 0.3410962 0.9371456 0.02454709 0.3419144 0.9394104 0.02453245 0.3419199 0.9394088 6.681863e-05 0.9396898 -0.342028 0.0001985408 0.9396834 -0.3420452 7.893021e-05 0.9396895 -0.3420286 0.0002710421 0.9396688 -0.3420855 -5.256298e-05 0.9396966 -0.3420092 -5.088125e-06 0.9396924 -0.3420208 2.968551e-05 0.9396888 -0.3420307 4.247293e-05 0.9396892 -0.3420297 -5.167899e-05 0.9397017 -0.3419951 0.0002067858 0.9396404 -0.3421637 -6.203421e-05 0.9397085 -0.3419765 4.287879e-06 0.9396921 -0.3420216 2.310085e-05 0.939688 -0.3420328 8.130879e-05 0.9396642 -0.3420982 2.54448e-05 0.9396832 -0.3420461 9.643965e-07 0.9396925 -0.3420205 1.79995e-05 0.939686 -0.3420384 -7.084956e-06 0.9396954 -0.3420126 7.029778e-05 0.9396538 -0.342127 -8.989466e-06 0.9396942 -0.3420158 5.87057e-06 0.9396914 -0.3420237 3.69541e-05 0.9396585 -0.342114 -3.05916e-05 0.9397143 -0.3419608 -3.339211e-06 0.9396933 -0.3420185 -3.092819e-05 0.939743 -0.3418815 2.667989e-05 0.9396645 -0.3420975 5.068296e-06 0.9396912 -0.3420241 3.271465e-05 0.9396174 -0.3422268 1.104872e-07 0.9396926 -0.3420203 -6.659418e-06 0.9396946 -0.3420145 1.980839e-06 0.9396919 -0.3420222 0 0.9396926 -0.3420201 0 0.9396926 -0.3420201 0 0.9396925 -0.3420204 0 0.9396926 -0.3420204 -6.681863e-05 0.9396898 -0.342028 -5.116175e-06 0.9396907 -0.3420253 2.378023e-05 0.939774 -0.3417964 -2.674651e-06 0.9396821 -0.3420488 -4.772988e-06 0.9396725 -0.3420755 0.0003214302 0.9397143 -0.3419604 -3.662998e-05 0.9396903 -0.3420265 -7.569685e-05 0.9396873 -0.3420348 -6.386029e-05 0.939626 -0.3422031 4.941835e-06 0.9397035 -0.3419901 -0.0001084344 0.9396784 -0.3420594 2.153769e-05 0.9396942 -0.3420155 -3.69541e-05 0.9396585 -0.342114 -2.065622e-05 0.9396719 -0.342077 0.0001361581 0.9397163 -0.3419553 1.859788e-05 0.9397061 -0.3419832 -0.0001493767 0.9396628 -0.3421023 -2.606988e-05 0.9396775 -0.3420617 0 0.9396927 -0.3420199 1.31767e-06 0.9396936 -0.3420174 -6.22106e-06 0.9396919 -0.342022 3.439771e-05 0.9396998 -0.3420004 8.999313e-05 0.9397116 -0.341968 -3.443525e-06 0.9396898 -0.3420281 -4.642377e-05 0.9396652 -0.3420954 4.162954e-06 0.9396957 -0.3420118 7.939616e-05 0.9397166 -0.3419542 2.225177e-06 0.9396942 -0.3420158 8.493964e-05 0.9397183 -0.3419497 1.960658e-06 0.9396941 -0.3420163 1.24088e-06 0.9396935 -0.3420176 -0 0.02443221 0.9997014 0 0.02443221 0.9997014 -0 0.07323804 0.9973145 -0 0.1218687 0.9925462 0 0.07323804 0.9973145 -0 0.1218687 0.9925462 -0 0.170212 0.9854075 -0 0.2181405 0.9759174 0 0.170212 0.9854075 -0 0.2655554 0.9640955 -0 0.2181405 0.9759174 -0 0.2655554 0.9640955 -0 0.3123315 0.9499731 0 0.3123315 0.9499731 -0 0.3583756 0.9335775 -0 0.4035388 0.9149625 0 0.3583756 0.9335775 -0 0.4035388 0.9149625 -0 0.4477615 0.894153 0 0.4477615 0.894153 0 0.4909108 0.8712098 -0 0.4909108 0.8712098 -0 0.5328659 0.8461997 -0 0.5328659 0.8461997 0 0.573581 0.8191488 -0 0.573581 0.8191488 -0 0.6129028 0.7901583 0 0.6129028 0.7901583 -0 0.6507853 0.7592618 0 0.6507853 0.7592618 -0 0.6870818 0.72658 0 0.6870818 0.72658 -0 0.7217605 0.6921428 0 0.7217605 0.6921428 -0 0.7547013 0.6560686 0 0.7547013 0.6560686 -0 0.7858683 0.6183938 -0 0.8151241 0.5792863 0 0.7858683 0.6183938 -0 0.8424447 0.5387828 -0 0.8151241 0.5792863 -0 0.8424447 0.5387828 -0 0.8677785 0.4969513 0 0.8677785 0.4969513 -0 0.891 0.4540035 0 0.891 0.4540035 -0 0.9121233 0.409916 0 0.9121233 0.409916 -0 0.9310528 0.3648843 0 0.9310528 0.3648843 0 0.9396926 0.3420202 -0.002175601 0.9397404 0.3418818 -0.0008863633 0.9397207 0.341942 -0.0004646 0.9397103 0.3419714 -0.001744544 0.9398476 0.3415893 9.711814e-05 0.9396914 0.3420234 0.0003098873 0.9396513 0.3421335 0.0005735179 0.9396189 0.3422221 -0.0002758596 0.9397311 0.3419143 -0.001066458 0.9399033 0.3414391 -5.181284e-05 0.939699 0.3420025 0.0001632889 0.9396519 0.3421319 -6.334138e-05 0.939701 0.3419971 7.606793e-05 0.9396846 0.3420422 0.0002044759 0.9396468 0.3421463 0.002443136 0.9389478 0.3440508 -0.0001060623 0.9397103 0.3419714 0.00132998 0.9391142 0.3436029 -0.000909494 0.9401476 0.3407664 -0.0005172435 0.9399579 0.3412901 0.0004363966 0.9394697 0.3426316 0.0004076872 0.9394838 0.3425929 -0.0001994301 0.9397949 0.341739 9.98938e-05 0.9396333 0.3421833 0.0005218273 0.9392288 0.3432913 -5.765744e-06 0.9396951 0.3420131 -5.743545e-05 0.9397283 0.3419223 0.0002008861 0.9393546 0.3429475 0.0001106777 0.9394088 0.3427988 8.965314e-06 0.9396912 0.342024 0.0001594829 0.9386054 0.3449927 -2.124425e-05 0.9398671 0.3415404 0 0.9396926 0.3420202 0 0.9396942 0.3420155 0 0.9396943 0.3420155 -0.0001594829 0.9386054 0.3449927 0.001174152 0.9397336 0.3419056 0.0001791601 0.9396923 0.3420209 4.794401e-05 0.9396856 0.3420395 -8.014221e-07 0.9397139 0.3419617 -0.0003869718 0.9389861 0.3439548 -0.0002452491 0.9392311 0.3432855 0.0005654792 0.940354 0.3401971 -0.0001842814 0.9396667 0.3420914 -0.0003098873 0.9396513 0.3421335 -0.0001071813 0.9395974 0.3422816 0.0005101639 0.9397543 0.3418503 -2.607299e-05 0.9396939 0.3420168 -0.0004788909 0.9396333 0.3421829 -0.0002557281 0.9394435 0.3427038 0.0001282094 0.9397058 0.3419842 0.0002640772 0.9399403 0.3413388 -0.0002136774 0.9395168 0.3425027 0.001066458 0.9399033 0.3414391 -1.471684e-05 0.9396753 0.3420678 -0.0001252306 0.93959 0.3423021 5.67674e-05 0.9396995 0.342001 -0.0001632889 0.9396519 0.3421319 -1.100931e-05 0.9396905 0.3420258 0.0001091256 0.9398149 0.3416842 0.0009886898 0.9399645 0.3412709 -0.001334707 0.9391117 0.3436096 3.467509e-05 0.9396848 0.3420418 -7.606793e-05 0.9396846 0.3420422 9.563993e-05 0.9397089 0.3419754 -0.001348918 0.9393076 0.3430734 -0.9996983 0.008400151 -0.02307916 -0.9972911 0.02515751 -0.06912031 -0.9996985 0.008399443 -0.02307748 -0.9924783 0.04187024 -0.1150385 -0.9972911 0.02515751 -0.06912031 -0.9852863 0.05845485 -0.1606048 -0.9924783 0.04187024 -0.1150385 -0.9756988 0.07494262 -0.2059013 -0.9852829 0.0584625 -0.160623 -0.9637711 0.09122795 -0.2506444 -0.9756988 0.07494262 -0.2059013 -0.9495274 0.1072872 -0.2947664 -0.9637711 0.09122796 -0.2506444 -0.9330087 0.1230764 -0.3381525 -0.9495388 0.1072736 -0.2947343 -0.9329935 0.1230917 -0.3381886 -0.9141903 0.1386168 -0.380843 -0.9141903 0.1386168 -0.380843 -0.8932369 0.1537688 -0.4224724 -0.8700984 0.1685756 -0.4631534 -0.8932371 0.1537688 -0.4224723 -0.8448344 0.1829918 -0.5027612 -0.8700984 0.1685756 -0.4631534 -0.8175632 0.19695 -0.5411109 -0.8448344 0.1829918 -0.5027612 -0.7883885 0.2104003 -0.5780789 -0.8176161 0.1969202 -0.541042 -0.7572035 0.2234021 -0.6137868 -0.7883283 0.2104313 -0.5781499 -0.7242001 0.2358541 -0.6480023 -0.7572217 0.2233937 -0.6137675 -0.6895513 0.2477017 -0.6805607 -0.7242355 0.2358391 -0.6479682 -0.653186 0.2589748 -0.7115337 -0.6895513 0.2477017 -0.6805607 -0.6152266 0.2696323 -0.7408068 -0.6531433 0.2589899 -0.7115673 -0.5757853 0.2796366 -0.7682933 -0.6152266 0.2696323 -0.7408068 -0.5350311 0.2889474 -0.7938835 -0.575835 0.2796218 -0.7682614 -0.492902 0.2975842 -0.8176131 -0.5350311 0.2889474 -0.7938835 -0.4495713 0.3055083 -0.839375 -0.4928457 0.2975981 -0.817642 -0.405303 0.3126664 -0.8590514 -0.4496306 0.305495 -0.839348 -0.3598299 0.3191117 -0.8767499 -0.4052408 0.3126789 -0.8590761 -0.3137469 0.324746 -0.892246 -0.3599316 0.3190932 -0.8767148 -0.2666908 0.3296356 -0.905658 -0.3136032 0.3247692 -0.892288 -0.2667993 0.3296201 -0.9056317 -0.2191056 0.3337102 -0.9168589 -0.1709693 0.3369851 -0.9258566 -0.2190348 0.3337123 -0.9168751 -0.1709693 0.3369851 -0.9258566 -0.1224171 0.3394504 -0.932624 -0.0735604 0.3410962 -0.9371458 -0.1223752 0.3394503 -0.9326295 -0.02451067 0.3419182 -0.9394101 -0.07360271 0.3410932 -0.9371435 -0.02458495 0.3419141 -0.9394096 -0.0008140234 -0.939649 -0.3421391 -0.0006165332 -0.9396645 -0.3420968 -0.0003204165 -0.9396797 -0.3420556 -0.0009457428 -0.9396422 -0.3421575 0.0001252286 -0.939696 -0.3420109 0.000429866 -0.9397644 -0.3418227 0.001090868 -0.9398707 -0.3415287 -0.0005711681 -0.9396063 -0.3422568 4.52687e-05 -0.9397062 -0.3419829 -0.0006244779 -0.9395375 -0.3424455 0.002052143 -0.9402136 -0.3405793 5.444999e-05 -0.9397013 -0.3419962 0.001737675 -0.9402363 -0.3405182 0.000568533 -0.9398763 -0.3415147 -0.0004989377 -0.9395286 -0.3424699 0.0006690798 -0.9399917 -0.3411967 4.270267e-06 -0.9396921 -0.3420215 0.0001668871 -0.9397566 -0.3418444 0.0003295277 -0.9398354 -0.3416272 -0.0001947759 -0.939639 -0.3421674 0.000134854 -0.9397315 -0.3419132 -2.960607e-05 -0.939683 -0.3420466 0.0005754774 -0.9402182 -0.3405721 -0.0002506054 -0.9394296 -0.3427419 0.0001011599 -0.9397277 -0.3419236 0.0002060998 -0.9401563 -0.3407435 8.842492e-05 -0.939961 -0.3412819 -1.023197e-05 -0.9396877 -0.3420336 2.379174e-05 -0.9397368 -0.3418986 0.0001379618 -0.9405292 -0.339713 -6.847083e-06 -0.9396893 -0.3420293 0 -0.9396927 -0.3420201 0 -0.9396927 -0.3420201 0 -0.9396916 -0.3420229 0 -0.9396917 -0.3420229 0.0001644617 -0.9391284 -0.3435664 -0.0001043524 -0.9400625 -0.341002 0.0006263382 -0.9396644 -0.342097 -0.0002457176 -0.9396939 -0.3420163 0.00100961 -0.9396371 -0.342171 -7.342429e-05 -0.9399195 -0.3413962 -0.0001689295 -0.9400833 -0.3409448 -0.0008347253 -0.9397629 -0.3418259 1.616667e-05 -0.9396861 -0.342038 0.0001943881 -0.9396755 -0.3420672 -0.0007746451 -0.9397582 -0.3418391 9.682468e-06 -0.9396892 -0.3420294 -0.001069774 -0.9405969 -0.3395236 -0.0001349027 -0.9398288 -0.3416457 -0.0002099799 -0.9398621 -0.3415542 0.0003350597 -0.9394118 -0.3427904 -0.000429866 -0.9397644 -0.3418227 -0.001090868 -0.9398708 -0.3415284 -4.547924e-05 -0.9397064 -0.3419824 -1.589183e-05 -0.9396989 -0.3420029 0.001554077 -0.9388142 -0.3444206 -9.184393e-05 -0.9397575 -0.3418418 -3.999014e-05 -0.9397053 -0.3419853 0.002029564 -0.9392306 -0.3432806 -0.0006690798 -0.9399917 -0.3411967 0.0007239339 -0.9394755 -0.3426153 -0.001737674 -0.9402362 -0.3405185 0.001461009 -0.9391453 -0.3435171 -0.0001184094 -0.9397243 -0.3419331 -7.369335e-06 -0.9396947 -0.3420145 -0.0001803638 -0.9397668 -0.3418164 -0.02453245 0.3419199 0.9394088 -0.02454705 0.3419144 0.9394104 -0.07356288 0.3410962 0.9371456 -0.07356288 0.3410962 0.9371456 -0.1224205 0.3394449 0.9326255 -0.1224061 0.3394509 0.9326252 -0.1709595 0.3369823 0.9258595 -0.1709595 0.3369823 0.9258595 -0.219095 0.3337129 0.9168604 -0.2191089 0.3337066 0.9168594 -0.2667182 0.3296311 0.9056515 -0.2667133 0.3296334 0.9056521 -0.3136795 0.3247587 0.892265 -0.3136795 0.3247587 0.892265 -0.359892 0.3191053 0.8767266 -0.3598966 0.3191028 0.8767256 -0.405239 0.312681 0.8590763 -0.405239 0.312681 0.8590763 -0.4496152 0.3055024 0.8393535 -0.4496152 0.3055024 0.8393535 -0.4928923 0.2975908 0.8176166 -0.5350038 0.2889579 0.7938982 -0.4928924 0.2975908 0.8176166 -0.5350038 0.2889579 0.7938982 -0.5758124 0.2796273 0.7682765 -0.5758027 0.2796341 0.7682813 -0.6152314 0.2696283 0.7408043 -0.6152314 0.2696283 0.7408042 -0.6531679 0.2589842 0.7115468 -0.6531763 0.2589777 0.7115415 -0.6895386 0.2477097 0.6805707 -0.6895385 0.2477097 0.6805707 -0.7242518 0.2358332 0.6479521 -0.724245 0.2358394 0.6479576 -0.7572072 0.2233972 0.6137841 -0.7572072 0.2233972 0.6137841 -0.7883471 0.210423 0.5781271 -0.7883526 0.2104173 0.5781218 -0.8175834 0.1969402 0.5410838 -0.8175835 0.1969402 0.5410838 -0.8448523 0.1829821 0.5027347 -0.8448523 0.1829821 0.5027347 -0.8700863 0.1685829 0.4631734 -0.8700863 0.1685828 0.4631734 -0.8932257 0.1537765 0.4224935 -0.9142097 0.1386019 0.380802 -0.8932257 0.1537765 0.4224935 -0.9142088 0.1386017 0.3808042 -0.9329947 0.12309 0.3381861 -0.9495259 0.1072881 0.294771 -0.9329947 0.12309 0.3381861 -0.9495264 0.1072882 0.2947693 -0.9637768 0.09122049 0.2506256 -0.9637764 0.09122148 0.2506267 -0.9757022 0.07493629 0.2058876 -0.9757018 0.07493771 0.2058892 -0.9852777 0.05847255 0.1606516 -0.9852779 0.05847143 0.1606503 -0.9924797 0.04186693 0.1150274 -0.9924797 0.04186647 0.1150269 -0.9972907 0.02515982 0.06912541 -0.9996988 0.008394651 0.02306391 -0.9972907 0.02515982 0.06912541 -0.9996988 0.008394651 0.02306391 0.9996983 0.008400152 -0.02307917 0.9972911 0.02515752 -0.06912033 0.9996985 0.008399443 -0.02307748 0.9924783 0.04187023 -0.1150385 0.9972911 0.02515751 -0.06912031 0.9852864 0.05845485 -0.1606048 0.9924783 0.04187024 -0.1150385 0.9756988 0.07494261 -0.2059013 0.9852829 0.0584625 -0.160623 0.9637711 0.09122797 -0.2506445 0.9756988 0.07494262 -0.2059013 0.9495274 0.1072872 -0.2947664 0.9637711 0.09122795 -0.2506444 0.9330086 0.1230764 -0.3381526 0.9495388 0.1072736 -0.2947343 0.9329935 0.1230917 -0.3381886 0.9141904 0.1386167 -0.3808429 0.9141903 0.1386168 -0.380843 0.8932369 0.1537688 -0.4224725 0.8700984 0.1685756 -0.4631533 0.8932369 0.1537688 -0.4224724 0.8448345 0.1829917 -0.5027611 0.8700984 0.1685756 -0.4631534 0.8175634 0.19695 -0.5411108 0.8448344 0.1829918 -0.5027612 0.7883887 0.2104002 -0.5780787 0.8176161 0.1969202 -0.541042 0.7572036 0.2234021 -0.6137867 0.7883282 0.2104313 -0.5781499 0.7242001 0.2358542 -0.6480024 0.7572217 0.2233937 -0.6137675 0.6895512 0.2477017 -0.6805608 0.7242355 0.2358391 -0.6479682 0.653186 0.2589748 -0.7115336 0.6895513 0.2477017 -0.6805607 0.6152267 0.2696323 -0.7408068 0.6531433 0.25899 -0.7115673 0.5757851 0.2796367 -0.7682934 0.6152266 0.2696323 -0.7408068 0.5350314 0.2889474 -0.7938834 0.575835 0.2796218 -0.7682614 0.492902 0.2975842 -0.8176131 0.5350311 0.2889474 -0.7938835 0.4495713 0.3055083 -0.839375 0.4928458 0.2975981 -0.817642 0.4053027 0.3126664 -0.8590515 0.4496306 0.305495 -0.839348 0.3598296 0.3191117 -0.8767499 0.4052408 0.3126789 -0.8590761 0.3137471 0.324746 -0.8922459 0.3599316 0.3190932 -0.8767148 0.2666907 0.3296356 -0.905658 0.3136031 0.3247692 -0.892288 0.2191059 0.3337068 -0.91686 0.2667993 0.3296201 -0.9056317 0.1709698 0.3369851 -0.9258565 0.2190348 0.3337156 -0.9168738 0.122417 0.3394485 -0.9326246 0.1709693 0.3369851 -0.9258566 0.07356033 0.3410962 -0.9371458 0.1223752 0.3394522 -0.9326288 0.02451126 0.3419181 -0.93941 0.07360271 0.3410932 -0.9371435 0.02458495 0.3419141 -0.9394096 0 -0.02443221 0.9997014 0 -0.02443221 0.9997014 0 -0.07323804 0.9973145 0 -0.1218687 0.9925462 0 -0.07323804 0.9973145 0 -0.1218687 0.9925462 0 -0.170212 0.9854075 0 -0.2181405 0.9759174 0 -0.170212 0.9854075 0 -0.2655554 0.9640955 0 -0.2181405 0.9759174 0 -0.2655554 0.9640955 0 -0.3123315 0.9499731 0 -0.3123315 0.9499731 0 -0.3583756 0.9335775 0 -0.4035388 0.9149625 0 -0.3583756 0.9335775 0 -0.4035388 0.9149625 0 -0.4477615 0.894153 0 -0.4477615 0.894153 0 -0.4909108 0.8712098 0 -0.4909108 0.8712098 0 -0.5328659 0.8461997 0 -0.5328659 0.8461997 0 -0.573581 0.8191488 0 -0.573581 0.8191488 0 -0.6129028 0.7901583 0 -0.6129028 0.7901583 0 -0.6507853 0.7592618 0 -0.6507853 0.7592618 0 -0.6870818 0.72658 0 -0.6870818 0.72658 0 -0.7217605 0.6921428 0 -0.7217605 0.6921428 0 -0.7547013 0.6560686 0 -0.7547013 0.6560686 0 -0.7858683 0.6183938 0 -0.8151241 0.5792863 0 -0.7858683 0.6183938 0 -0.8424447 0.5387828 0 -0.8151241 0.5792863 0 -0.8424447 0.5387828 0 -0.8677785 0.4969513 0 -0.8677785 0.4969513 0 -0.891 0.4540035 0 -0.891 0.4540035 0 -0.9121233 0.409916 0 -0.9121233 0.409916 0 -0.9310528 0.3648843 0 -0.9310528 0.3648843 -0.0007781856 -0.9399512 0.341308 0.0008504001 -0.9393363 0.3429964 -0.0006220459 -0.9399504 0.3413104 0.00132998 -0.9391142 0.3436029 0.0007513645 -0.9395099 0.3425212 0.000501856 -0.9395669 0.342365 -0.0002712069 -0.9397538 0.3418521 -0.0001824149 -0.9397562 0.3418455 0.0006377869 -0.9395735 0.3423466 0.0003419995 -0.9394567 0.3426676 -0.0001171105 -0.9397507 0.3418606 -0.001303522 -0.9406424 0.339397 -0.0002097503 -0.9397286 0.3419211 0.0007015046 -0.9395993 0.3422757 -3.193888e-06 -0.9396954 0.3420126 0.000165744 -0.939668 0.3420877 0.0001198704 -0.9396729 0.3420745 -0.0005654792 -0.940354 0.3401971 -0.0003547923 -0.9401176 0.3408501 0.001856533 -0.9395711 0.342349 0.000593108 -0.9396584 0.3421136 0.0001293581 -0.9395198 0.3424945 0.0002008861 -0.9393546 0.3429475 2.539018e-05 -0.9396783 0.3420596 1.608374e-05 -0.9396855 0.3420398 4.554478e-06 -0.9396909 0.342025 4.53638e-07 -0.9397163 0.3419551 0.0001594829 -0.9386054 0.3449927 -1.493125e-05 -0.9396994 0.3420015 -0.0002897054 -0.9397109 0.3419697 -0.002175601 -0.9397405 0.3418818 0 -0.9396942 0.3420155 -0.0001080339 -0.939325 0.3430283 0.000302664 -0.9407472 0.3391085 -2.831821e-05 -0.9396952 0.3420132 0.0003547923 -0.9401176 0.3408501 0.0005654792 -0.940354 0.3401971 -0.0004478678 -0.9392948 0.3431109 4.502524e-05 -0.9397354 0.3419025 0.0006557849 -0.9402054 0.3406072 0.0001824151 -0.939756 0.3418459 0.001291895 -0.9403864 0.3401054 -0.001334707 -0.9391117 0.3436096 -2.189904e-05 -0.9396715 0.3420782 -0.0001722055 -0.9395984 0.3422786 -4.406916e-05 -0.9396564 0.3421196 -0.002442506 -0.9389478 0.3440508 -0.0002044757 -0.9396468 0.342146 3.102751e-05 -0.9397045 0.3419875 -0.0002514223 -0.9396328 0.3421842 -0.0001632889 -0.9396519 0.3421319 0.001066457 -0.9399034 0.3414387 0.001090868 -0.9398708 0.3415284 0.0004931655 -0.9397418 0.3418842 0.001744544 -0.9398476 0.3415893 0.0001127586 -0.9396896 0.3420285 0.0002457176 -0.9396939 0.3420163 1.208272e-05 -0.9396958 0.3420115 -3.074979e-06 -0.9396945 0.3420151 0.001174152 -0.9397336 0.3419055 -1.063668e-05 -0.9396943 0.3420153 3.932446e-05 -0.9396972 0.3420075 0 -0.9396943 0.3420155 -3.16675e-05 -0.9396835 0.3420453 -0.002264097 -0.9404806 0.3398397 -0.001247155 -0.9401363 0.3407965 -0.0009893208 -0.9399645 0.3412709 2.647224e-05 -0.9396802 0.3420542 -0.0001824149 -0.9397562 0.3418455 0.001002548 -0.939078 0.3437026 -0.0002635252 -0.9398441 0.3416032 6.802092e-05 -0.9396322 0.3421861 8.086792e-05 -0.9396818 0.3420498 -0.0005058458 -0.9397705 0.3418057 0.0007015046 -0.9395993 0.3422757 0.0002579456 -0.939503 0.3425406 -0.0002758145 -0.9399977 0.3411806 3.456453e-05 -0.9396839 0.3420438 -9.125566e-07 -0.9396915 0.342023 -0.0002158816 -0.93972 0.3419451 -0.0002139519 -0.9397105 0.341971 -0.000556602 -0.9397367 0.3418986 0.001856533 -0.9395711 0.342349 3.498086e-05 -0.9396892 0.3420296 -1.358607e-05 -0.9396933 0.3420183 0.000213841 -0.939329 0.3430178 0.0002055261 -0.9393417 0.3429829 0.0002355071 -0.9396472 0.3421449 -6.150731e-06 -0.9396942 0.3420159 -0.0002457176 -0.9396939 0.3420163 3.10336e-05 -0.9396847 0.342042 2.198938e-06 -0.939692 0.342022 -7.971372e-05 -0.9397186 0.3419489 8.379996e-05 -0.9396626 0.3421025 -9.023323e-05 -0.9397252 0.3419307 -0.0001594829 -0.9386054 0.3449927 -8.014221e-07 -0.9397139 0.3419617 -0.0003869718 -0.9389861 0.3439548 -0.0002452491 -0.9392311 0.3432855 -3.82614e-05 -0.93961 0.3422472 5.676162e-05 -0.939829 0.3416452 -2.275067e-05 -0.9396723 0.3420758 -7.431451e-05 -0.9395837 0.3423194 4.599594e-06 -0.9397038 0.3419892 -0.001522821 -0.9387217 0.3446727 -0.001334707 -0.9391117 0.3436096 -0.001331557 -0.939113 0.3436061 0.0004052258 -0.9398762 0.3415152 -1.564719e-05 -0.9396788 0.342058 -0.0001701364 -0.9396111 0.3422441 0.000113044 -0.9397851 0.341766 0.0009893208 -0.9399645 0.3412709 9.033495e-05 -0.9397129 0.3419644 0.001066457 -0.9399034 0.3414387 -2.053498e-05 -0.939682 0.3420491 -5.629985e-05 -0.9396738 0.3420715 -5.380232e-05 -0.9396744 0.3420703 -0.0007015046 -0.9395993 0.3422757 -0.0004428801 -0.9396362 0.3421749 -2.734342e-06 -0.9396917 0.3420227 -0.0002838252 -0.9396573 0.3421173 -0.001856533 -0.9395711 0.342349 -0.000593108 -0.9396584 0.3421136 -0.0001759923 -0.9396834 0.3420456 0 -0.9396942 0.3420155 1.493125e-05 -0.9396994 0.3420015 0.000758699 -0.9397305 0.3419152 0 -0.9396943 0.3420155 0 -0.9396927 0.3420202 4.583486e-06 -0.9396911 0.3420243 -1.545563e-06 -0.939693 0.3420192 -3.138856e-06 -0.9396936 0.3420176 1.599934e-06 -0.9396923 0.342021 -1.637747e-06 -0.9396932 0.3420188 8.418659e-07 -0.9396924 0.3420207 3.478001e-06 -0.9396915 0.3420232 -4.512647e-06 -0.9396937 0.3420171 4.70943e-06 -0.9396914 0.3420233 -5.933026e-06 -0.9396945 0.3420152 3.135135e-06 -0.9396918 0.3420223 -4.45114e-06 -0.9396935 0.3420178 7.171063e-06 -0.9396913 0.3420238 0 -0.9396926 0.3420202 -2.344918e-06 -0.9396935 0.3420179 -1.025995e-06 -0.939693 0.3420192 1.520339e-06 -0.9396921 0.3420217 -1.382992e-06 -0.9396932 0.3420186 4.045358e-07 -0.9396924 0.3420206 -1.370318e-06 -0.9396932 0.3420186 3.07173e-06 -0.9396912 0.342024 -1.886145e-06 -0.9396935 0.3420176 8.878348e-07 -0.9396922 0.3420214 5.858593e-07 -0.9396923 0.3420209 -1.248442e-06 -0.9396933 0.3420183 9.597065e-07 -0.9396921 0.3420216 -1.231378e-07 -0.9396927 0.3420199 -6.5635e-07 -0.939693 0.342019 3.439831e-07 -0.9396924 0.3420207 -2.493146e-06 -0.9396942 0.3420157 8.776079e-07 -0.939692 0.3420219 4.251439e-06 -0.9396897 0.3420282 6.850524e-08 -0.9396926 0.3420201 0 -0.9396927 0.3420202 0 -0.9396926 0.3420202 -7.171063e-06 -0.9396913 0.3420238 4.45114e-06 -0.9396935 0.3420178 -3.135135e-06 -0.9396918 0.3420223 5.933026e-06 -0.9396945 0.3420152 -4.70943e-06 -0.9396914 0.3420233 4.512647e-06 -0.9396937 0.3420171 -3.478001e-06 -0.9396915 0.3420232 -8.418659e-07 -0.9396924 0.3420207 1.637747e-06 -0.9396932 0.3420188 -1.599934e-06 -0.9396923 0.342021 3.138856e-06 -0.9396936 0.3420176 1.545563e-06 -0.939693 0.3420192 -4.583486e-06 -0.9396911 0.3420243 2.273859e-06 -0.9396934 0.3420179 7.547551e-07 -0.9396928 0.3420196 -1.508554e-06 -0.9396921 0.3420217 1.513016e-06 -0.9396932 0.3420187 -3.807395e-07 -0.9396925 0.3420206 1.153951e-06 -0.9396932 0.3420188 -3.120487e-06 -0.9396911 0.3420241 1.985414e-06 -0.9396935 0.3420178 -8.117352e-07 -0.9396923 0.3420214 -8.332229e-07 -0.9396921 0.3420213 8.591433e-07 -0.9396931 0.3420189 -8.901617e-07 -0.9396921 0.3420215 0 -0.9396928 0.3420197 9.712452e-07 -0.9396933 0.3420182 -5.119746e-07 -0.9396924 0.3420205 2.174604e-06 -0.939694 0.3420162 -1.16408e-06 -0.939692 0.3420219 -4.403808e-06 -0.9396895 0.3420286 0 -0.939693 0.3420193 0 -0.9396927 0.34202 0 -0.9396926 0.34202 0.9996983 -0.008400151 -0.02307916 0.9972911 -0.02515751 -0.06912031 0.9996985 -0.008399443 -0.02307748 0.9924783 -0.04187024 -0.1150385 0.9972911 -0.02515751 -0.06912031 0.9852863 -0.05845485 -0.1606048 0.9924783 -0.04187024 -0.1150385 0.9756988 -0.07494262 -0.2059013 0.9852829 -0.0584625 -0.160623 0.9637711 -0.09122795 -0.2506444 0.9756988 -0.07494262 -0.2059013 0.9495274 -0.1072872 -0.2947664 0.9637711 -0.09122796 -0.2506444 0.9330087 -0.1230764 -0.3381525 0.9495388 -0.1072736 -0.2947343 0.9329935 -0.1230917 -0.3381886 0.9141903 -0.1386168 -0.380843 0.9141903 -0.1386168 -0.380843 0.8932369 -0.1537688 -0.4224724 0.8700984 -0.1685756 -0.4631534 0.8932371 -0.1537688 -0.4224723 0.8448344 -0.1829918 -0.5027612 0.8700984 -0.1685756 -0.4631534 0.8175632 -0.19695 -0.5411109 0.8448344 -0.1829918 -0.5027612 0.7883885 -0.2104003 -0.5780789 0.8176161 -0.1969202 -0.541042 0.7572035 -0.2234021 -0.6137868 0.7883283 -0.2104313 -0.5781499 0.7242001 -0.2358541 -0.6480023 0.7572217 -0.2233937 -0.6137675 0.6895513 -0.2477017 -0.6805607 0.7242355 -0.2358391 -0.6479682 0.653186 -0.2589748 -0.7115337 0.6895513 -0.2477017 -0.6805607 0.6152266 -0.2696323 -0.7408068 0.6531433 -0.2589899 -0.7115673 0.5757853 -0.2796366 -0.7682933 0.6152266 -0.2696323 -0.7408068 0.5350311 -0.2889474 -0.7938835 0.575835 -0.2796218 -0.7682614 0.492902 -0.2975842 -0.8176131 0.5350311 -0.2889474 -0.7938835 0.4495713 -0.3055083 -0.839375 0.4928457 -0.2975981 -0.817642 0.405303 -0.3126664 -0.8590514 0.4496306 -0.305495 -0.839348 0.3598299 -0.3191117 -0.8767499 0.4052408 -0.3126789 -0.8590761 0.3137469 -0.324746 -0.892246 0.3599316 -0.3190932 -0.8767148 0.2666908 -0.3296356 -0.905658 0.3136032 -0.3247692 -0.892288 0.2191056 -0.3337069 -0.9168601 0.2667993 -0.3296201 -0.9056317 0.1709693 -0.3369851 -0.9258566 0.2190348 -0.3337156 -0.9168738 0.1224171 -0.3394485 -0.9326246 0.1709693 -0.3369851 -0.9258566 0.0735604 -0.3410962 -0.9371458 0.1223752 -0.3394522 -0.9326288 0.02451067 -0.3419182 -0.9394101 0.07360271 -0.3410932 -0.9371435 0.02458495 -0.3419141 -0.9394096 -0.002033173 0.9391233 -0.3435744 0.0005342234 0.9398468 -0.3415959 0.0006086676 0.9398686 -0.3415356 0.0003292398 0.9397905 -0.341751 -0.001554078 0.9388141 -0.3444208 -8.506879e-05 0.9396684 -0.3420869 -0.000638102 0.9395735 -0.3423466 0.0005147215 0.9397844 -0.3417675 -0.0002577789 0.9396244 -0.3422073 -0.001476089 0.9386312 -0.3449191 8.124902e-05 0.9397514 -0.3418586 0.0003184195 0.9399341 -0.3413558 -0.000149614 0.9395946 -0.3422895 8.996276e-05 0.9397196 -0.3419459 0.0004306349 0.9401342 -0.3408043 -0.0004477349 0.9391435 -0.3435249 0.001744544 0.9398476 -0.3415894 0.001054091 0.9397896 -0.3417521 5.731367e-06 0.9396908 -0.342025 -0.0008140234 0.939649 -0.3421391 -1.698096e-05 0.9396771 -0.342063 -3.576284e-06 0.9396924 -0.3420209 -1.473535e-05 0.9396808 -0.3420524 7.685486e-06 0.9397024 -0.3419935 3.342982e-05 0.9398168 -0.3416788 -0.0001644617 0.9391284 -0.3435664 -0.0002412757 0.9396727 -0.3420747 -6.691783e-06 0.9396908 -0.3420253 -0.0001934472 0.9396755 -0.342067 -0.001065219 0.9396604 -0.342107 7.967444e-05 0.9397189 -0.341948 0 0.9396917 -0.3420229 -0.0001043524 0.9400625 -0.341002 0.0001644617 0.9391284 -0.3435664 0.0007801194 0.9386337 -0.3449146 7.199273e-05 0.9396091 -0.3422498 4.379204e-05 0.939644 -0.3421538 0.0001155256 0.9395495 -0.3424129 0.00147609 0.9386313 -0.3449188 -2.303535e-05 0.9397209 -0.3419426 -3.497616e-05 0.9397414 -0.341886 -0.0001380817 0.9398398 -0.3416151 -0.0003295276 0.9398355 -0.3416272 -0.0006690798 0.9399917 -0.3411967 3.016278e-05 0.9396609 -0.3421073 0.001461009 0.9391454 -0.3435168 -1.554574e-05 0.9397045 -0.3419873 3.743971e-05 0.9396608 -0.3421074 0.002033173 0.9391232 -0.3435747 0.001029088 0.9394738 -0.3426194 -0.001066458 0.9399033 -0.3414391 -0.0007635455 0.9398147 -0.3416835 -9.059188e-05 0.9397196 -0.3419459 0.0007335405 0.9395879 -0.342307 -0.001744544 0.9398476 -0.3415893 3.045311e-05 0.9396886 -0.3420314 5.17685e-05 0.9396861 -0.342038 2.643798e-05 0.9396883 -0.342032 0.0002905048 0.9396749 -0.3420689 0.0005034177 0.9396676 -0.3420885 0.0001892259 0.9396756 -0.3420667 0.001064588 0.9396604 -0.342107 0 0.9396916 -0.3420229 -4.369429e-06 0.9396932 -0.3420188 0.000568533 0.9398763 -0.3415147 0.001737675 0.9402363 -0.3405182 0.0001767184 0.939753 -0.3418541 7.327036e-05 0.9397311 -0.3419144 -0.001022683 0.9391373 -0.3435403 0.0002871577 0.9398404 -0.3416136 -0.0001860084 0.9396194 -0.3422214 -6.090929e-05 0.9396715 -0.3420781 0.0001883827 0.9397678 -0.3418133 0.001069774 0.9405969 -0.3395236 0.00013602 0.9397551 -0.3418484 -0.0001013647 0.9396511 -0.3421343 -6.888901e-05 0.9396606 -0.342108 -0.0001032525 0.9396774 -0.3420619 0.0002758596 0.9397311 -0.3419144 -0.0005735179 0.9396189 -0.3422222 -0.001943687 0.9394494 -0.3426822 0.0004306349 0.9401342 -0.3408043 -0.0004477349 0.9391435 -0.3435249 -0.0008140234 0.939649 -0.3421391 0.0002696644 0.9397097 -0.3419733 -0.0007393412 0.9396582 -0.3421139 6.384731e-06 0.939694 -0.3420162 -0.0001093529 0.939685 -0.342041 4.324571e-05 0.9397056 -0.3419845 -3.466396e-05 0.9396825 -0.3420476 -6.820027e-06 0.9396905 -0.342026 -5.93343e-06 0.9396907 -0.3420255 -0.0002463494 0.9396678 -0.3420883 0.0001379618 0.9405292 -0.339713 1.821342e-05 0.9396978 -0.3420058 0.0001644617 0.9391284 -0.3435664 -0.0001043524 0.9400625 -0.341002 -6.441048e-05 0.9398777 -0.341511 -8.842495e-05 0.939961 -0.341282 7.377268e-05 0.9395114 -0.3425176 -5.987852e-06 0.9396955 -0.3420123 2.909337e-05 0.9396262 -0.3422025 -2.799485e-05 0.9397244 -0.3419327 0.00147609 0.9386313 -0.3449188 -2.372146e-05 0.9397187 -0.3419486 0.001554077 0.9388139 -0.3444214 -0.0006690798 0.9399917 -0.3411967 -0.0006658238 0.9399901 -0.341201 -2.27291e-05 0.9396805 -0.3420534 -0.001140627 0.9400614 -0.3410032 0.0003802406 0.9395677 -0.3423629 3.825404e-05 0.9396821 -0.342049 -0.0005345896 0.9398509 -0.3415845 0.0001767356 0.9396346 -0.3421795 0.0006384171 0.9395735 -0.3423466 -2.242065e-05 0.9396996 -0.342001 -0.0005001194 0.9397816 -0.3417752 0.001944317 0.9394495 -0.3426821 2.583425e-05 0.9396861 -0.3420382 -0.001744544 0.9398476 -0.3415893 0.0008140237 0.939649 -0.3421392 0.0002631985 0.9396772 -0.3420623 3.203247e-07 0.9396915 -0.3420232 0 0.9396917 -0.3420229 0.001064588 0.9396604 -0.342107 1.463122e-05 0.9396889 -0.3420305 0.0003184423 0.9396734 -0.3420728 0 0.9396916 -0.3420229 0 0.9396927 -0.3420202 1.062319e-06 0.939693 -0.3420193 6.278862e-07 0.9396928 -0.3420196 -2.403179e-06 0.9396919 -0.3420222 -1.19995e-06 0.9396922 -0.3420212 1.842464e-06 0.9396931 -0.3420189 -9.207913e-07 0.9396924 -0.342021 4.429019e-06 0.9396937 -0.3420172 -3.440887e-06 0.9396918 -0.3420225 1.795479e-06 0.939693 -0.3420191 -1.081537e-06 0.9396923 -0.3420209 -4.408793e-06 0.9396916 -0.342023 3.894748e-06 0.9396934 -0.342018 5.30362e-06 0.9396937 -0.3420172 1.783684e-07 0.9396927 -0.3420201 1.515908e-06 0.9396932 -0.3420184 -3.773769e-06 0.9396911 -0.3420242 3.394254e-06 0.939694 -0.3420164 -3.026021e-06 0.9396914 -0.3420236 -3.807395e-07 0.9396925 -0.3420206 7.693018e-07 0.9396929 -0.3420193 1.950306e-06 0.9396933 -0.3420182 -2.382492e-06 0.9396914 -0.3420234 3.652822e-06 0.939694 -0.3420161 -8.332229e-07 0.9396921 -0.3420213 -3.006988e-06 0.9396908 -0.3420252 3.560663e-06 0.9396945 -0.342015 9.271524e-07 0.939693 -0.3420191 -4.370589e-06 0.9396902 -0.3420267 4.095827e-06 0.9396953 -0.3420128 -3.261885e-06 0.9396905 -0.3420261 -5.820388e-07 0.9396923 -0.3420211 1.887355e-06 0.939694 -0.3420164 -6.8774e-07 0.9396921 -0.3420213 0 0.9396927 -0.3420202 -8.918421e-08 0.9396927 -0.3420201 -5.26627e-06 0.9396937 -0.3420172 -3.894749e-06 0.9396934 -0.342018 4.408793e-06 0.9396916 -0.342023 1.081537e-06 0.9396923 -0.3420209 -1.795479e-06 0.939693 -0.3420191 3.440887e-06 0.9396918 -0.3420225 -4.456191e-06 0.9396937 -0.3420172 9.470995e-07 0.9396924 -0.342021 -1.842464e-06 0.9396931 -0.3420189 1.19995e-06 0.9396922 -0.3420212 2.403179e-06 0.9396919 -0.3420222 -6.278862e-07 0.9396928 -0.3420196 -1.062319e-06 0.939693 -0.3420193 -2.001473e-06 0.9396933 -0.3420184 3.962456e-06 0.9396911 -0.3420241 -3.441395e-06 0.9396939 -0.3420166 2.919639e-06 0.9396915 -0.3420234 4.045358e-07 0.9396924 -0.3420206 -9.375872e-07 0.939693 -0.3420191 -1.999064e-06 0.9396935 -0.3420177 2.655487e-06 0.9396912 -0.3420237 -3.329394e-06 0.9396943 -0.3420157 5.077446e-07 0.9396923 -0.3420211 2.980137e-06 0.9396909 -0.3420247 -3.421579e-06 0.9396945 -0.3420149 -6.301742e-07 0.9396929 -0.3420194 4.385769e-06 0.9396899 -0.3420276 -4.487806e-06 0.9396954 -0.3420125 3.05802e-06 0.9396906 -0.3420258 3.387648e-07 0.9396924 -0.3420209 -2.133102e-06 0.939694 -0.3420162 6.937859e-07 0.9396921 -0.3420216 0 0.9396926 -0.3420203 0 0.9396926 -0.3420203 -0.0008140234 -0.939649 -0.3421391 -0.0006165332 -0.9396645 -0.3420968 -0.0003204165 -0.9396797 -0.3420556 -0.0009457428 -0.9396422 -0.3421575 0.0001252286 -0.939696 -0.3420109 0.000299176 -0.9397048 -0.3419867 -0.0002857743 -0.9396701 -0.342082 -0.0001971302 -0.9396761 -0.3420655 -0.000638102 -0.9395735 -0.3423466 7.899891e-06 -0.9396918 -0.3420222 -0.002029564 -0.9392306 -0.3432806 -4.60223e-05 -0.9396868 -0.3420363 0.0001490609 -0.9397089 -0.3419757 -0.0002068282 -0.9396651 -0.3420953 9.465325e-05 -0.939705 -0.3419861 2.27291e-05 -0.9396805 -0.3420537 0.000665824 -0.9399901 -0.341201 0.0006690798 -0.9399917 -0.3411967 3.470701e-06 -0.9396912 -0.342024 0.0004052255 -0.9398763 -0.3415149 -0.0001611418 -0.9396593 -0.3421116 0.0001105298 -0.939715 -0.3419586 -0.0001522081 -0.9396581 -0.342115 6.198412e-05 -0.9397071 -0.3419805 4.810216e-05 -0.9397037 -0.3419897 0.0004306351 -0.9401341 -0.3408045 -0.0001080798 -0.939662 -0.3421042 -3.466396e-05 -0.9396825 -0.3420476 4.324571e-05 -0.9397056 -0.3419845 0.0001379618 -0.9405292 -0.339713 1.819104e-05 -0.9396978 -0.3420058 0 -0.9396927 -0.3420201 0 -0.9396927 -0.3420201 0 -0.9396917 -0.3420229 0 -0.9396916 -0.3420229 -0.0002457176 -0.9396939 -0.3420163 0.0004628871 -0.93967 -0.3420818 -0.001744544 -0.9398476 -0.3415893 0.0007801194 -0.9386337 -0.3449146 7.803112e-05 -0.9395971 -0.3422824 0.0003372256 -0.939667 -0.3420904 -0.001054092 -0.9397895 -0.3417522 1.275814e-05 -0.9396891 -0.3420298 5.485095e-05 -0.9396324 -0.3421853 -8.643204e-05 -0.9398253 -0.3416554 0.0002855013 -0.93967 -0.3420823 6.383812e-05 -0.9395962 -0.3422849 6.544949e-05 -0.939594 -0.342291 0.000196562 -0.9396761 -0.3420654 -0.0001091688 -0.9398596 -0.3415609 -8.766872e-05 -0.9398303 -0.3416416 0.0006377869 -0.9395735 -0.3423466 -0.001539536 -0.9406811 -0.3392886 -0.0005151414 -0.9397843 -0.3417678 0.0004336346 -0.9394231 -0.3427595 1.946559e-05 -0.9396898 -0.342028 0.0007971365 -0.9395302 -0.3424653 -0.0006690798 -0.9399917 -0.3411967 1.13835e-05 -0.9396784 -0.3420593 4.970562e-06 -0.9396899 -0.3420275 0.0003800303 -0.9395674 -0.3423636 4.005431e-06 -0.9396908 -0.3420253 -3.310405e-05 -0.9396958 -0.3420115 -0.0002936419 -0.9398429 -0.3416066 -0.000568533 -0.9398763 -0.3415147 -0.001737674 -0.9402362 -0.3405185 -0.9996983 0.008400151 -0.02307916 -0.9972911 0.02515751 -0.06912031 -0.9996985 0.008399443 -0.02307748 -0.9924783 0.04187024 -0.1150385 -0.9972911 0.02515751 -0.06912031 -0.9852863 0.05845485 -0.1606048 -0.9924783 0.04187024 -0.1150385 -0.9756988 0.07494262 -0.2059013 -0.9852829 0.0584625 -0.160623 -0.9637711 0.09122795 -0.2506444 -0.9756988 0.07494262 -0.2059013 -0.9495274 0.1072872 -0.2947664 -0.9637711 0.09122796 -0.2506444 -0.9330087 0.1230764 -0.3381525 -0.9495388 0.1072736 -0.2947343 -0.9329935 0.1230917 -0.3381886 -0.9141903 0.1386168 -0.380843 -0.9141903 0.1386168 -0.380843 -0.8932369 0.1537688 -0.4224724 -0.8700984 0.1685756 -0.4631534 -0.8932371 0.1537688 -0.4224723 -0.8448344 0.1829918 -0.5027612 -0.8700984 0.1685756 -0.4631534 -0.8175632 0.19695 -0.5411109 -0.8448344 0.1829918 -0.5027612 -0.7883885 0.2104003 -0.5780789 -0.8176161 0.1969202 -0.541042 -0.7572035 0.2234021 -0.6137868 -0.7883283 0.2104313 -0.5781499 -0.7242001 0.2358541 -0.6480023 -0.7572217 0.2233937 -0.6137675 -0.6895513 0.2477017 -0.6805607 -0.7242355 0.2358391 -0.6479682 -0.653186 0.2589748 -0.7115337 -0.6895513 0.2477017 -0.6805607 -0.6152266 0.2696323 -0.7408068 -0.6531433 0.2589899 -0.7115673 -0.5757853 0.2796366 -0.7682933 -0.6152266 0.2696323 -0.7408068 -0.5350311 0.2889474 -0.7938835 -0.575835 0.2796218 -0.7682614 -0.492902 0.2975842 -0.8176131 -0.5350311 0.2889474 -0.7938835 -0.4495713 0.3055083 -0.839375 -0.4928457 0.2975981 -0.817642 -0.405303 0.3126664 -0.8590514 -0.4496306 0.305495 -0.839348 -0.3598299 0.3191117 -0.8767499 -0.4052408 0.3126789 -0.8590761 -0.3137469 0.324746 -0.892246 -0.3599316 0.3190932 -0.8767148 -0.2666908 0.3296356 -0.905658 -0.3136032 0.3247692 -0.892288 -0.2191056 0.3337069 -0.9168601 -0.2667993 0.3296201 -0.9056317 -0.1709693 0.3369851 -0.9258566 -0.2190348 0.3337156 -0.9168738 -0.1224171 0.3394485 -0.9326246 -0.1709693 0.3369851 -0.9258566 -0.0735604 0.3410962 -0.9371458 -0.1223752 0.3394522 -0.9326288 -0.02451067 0.3419182 -0.9394101 -0.07360271 0.3410932 -0.9371435 -0.02458495 0.3419141 -0.9394096 -0.001174152 0.9397336 0.3419056 -0.0001791601 0.9396923 0.3420209 -4.794401e-05 0.9396856 0.3420395 -0.001114714 0.9398003 0.3417224 0.0001198704 0.9396727 0.3420747 1.039494e-05 0.9396943 0.3420153 -0.001090236 0.9398707 0.3415287 8.842268e-05 0.9396805 0.3420535 7.699516e-05 0.9396826 0.3420478 0.0007513645 0.9395099 0.3425212 -0.0009886898 0.9399645 0.3412709 0.0001085885 0.9396572 0.3421175 -0.0001100338 0.9397126 0.3419652 -2.179948e-06 0.9396905 0.342026 -0.001742881 0.940313 0.3403064 -0.0007781856 0.9399512 0.341308 4.536997e-05 0.939679 0.3420574 -2.275908e-05 0.9396964 0.3420099 -2.523796e-06 0.9396929 0.3420195 -0.001291894 0.9403866 0.3401049 -0.0001824149 0.9397562 0.3418455 -0.0003152381 0.9399751 0.3412429 0.0004757076 0.9392733 0.3431699 0.0005218273 0.9392288 0.3432913 2.064473e-05 0.9396881 0.3420326 -0.0001409238 0.9398313 0.341639 0.0003869718 0.9389861 0.3439548 1.280507e-05 0.9396902 0.3420268 0.0002452492 0.9392311 0.3432856 0.0001594829 0.9386054 0.3449927 3.802143e-06 0.939693 0.3420191 0 0.9396926 0.3420202 0 0.9396926 0.3420202 0 0.9396942 0.3420155 0 0.9396943 0.3420155 4.794401e-05 0.9396856 0.3420395 -0.0003869718 0.9389861 0.3439548 -0.0002452491 0.9392311 0.3432855 0.000137565 0.9399863 0.3412121 -0.0001759923 0.9396834 0.3420455 -0.001228418 0.9396203 0.3422168 -0.0003098873 0.9396513 0.3421335 -0.0005218273 0.9392288 0.3432913 3.069718e-05 0.9397402 0.3418893 0.0002556496 0.9399728 0.3412493 0.0004182119 0.9397278 0.3419232 -0.0002838253 0.9396572 0.3421173 4.134009e-06 0.9396925 0.3420205 -0.0005735179 0.9396189 0.3422221 -6.979482e-05 0.9395871 0.3423099 -0.0006384171 0.9395735 0.3423466 -0.001522821 0.9387217 0.3446727 3.09235e-06 0.9396954 0.3420126 -8.89501e-05 0.9395916 0.3422975 3.65927e-06 0.9396876 0.3420343 9.953309e-06 0.9396966 0.3420092 -0.0004336346 0.9394231 0.3427595 -0.0007513645 0.9395099 0.3425212 0.0009886898 0.9399645 0.3412709 8.022523e-05 0.9397051 0.3419858 -0.0001085885 0.9396572 0.3421175 -0.001334707 0.9391117 0.3436096 -0.001331557 0.939113 0.3436061 -0.000633841 0.9395416 0.3424341 -0.0003367378 0.9395511 0.3424085 1.666973e-05 0.9396986 0.3420037 -0 0.02443221 0.9997014 0 0.02443221 0.9997014 -0 0.07323804 0.9973145 -0 0.1218687 0.9925462 0 0.07323804 0.9973145 -0 0.1218687 0.9925462 -0 0.170212 0.9854075 -0 0.2181405 0.9759174 0 0.170212 0.9854075 -0 0.2655554 0.9640955 -0 0.2181405 0.9759174 -0 0.2655554 0.9640955 -0 0.3123315 0.9499731 0 0.3123315 0.9499731 -0 0.3583756 0.9335775 -0 0.4035388 0.9149625 0 0.3583756 0.9335775 -0 0.4035388 0.9149625 -0 0.4477615 0.894153 0 0.4477615 0.894153 0 0.4909108 0.8712098 -0 0.4909108 0.8712098 -0 0.5328659 0.8461997 -0 0.5328659 0.8461997 0 0.573581 0.8191488 -0 0.573581 0.8191488 -0 0.6129028 0.7901583 0 0.6129028 0.7901583 -0 0.6507853 0.7592618 0 0.6507853 0.7592618 -0 0.6870818 0.72658 0 0.6870818 0.72658 -0 0.7217605 0.6921428 0 0.7217605 0.6921428 -0 0.7547013 0.6560686 0 0.7547013 0.6560686 -0 0.7858683 0.6183938 -0 0.8151241 0.5792863 0 0.7858683 0.6183938 -0 0.8424447 0.5387828 -0 0.8151241 0.5792863 -0 0.8424447 0.5387828 -0 0.8677785 0.4969513 0 0.8677785 0.4969513 -0 0.891 0.4540035 0 0.891 0.4540035 -0 0.9121233 0.409916 0 0.9121233 0.409916 -0 0.9310528 0.3648843 0 0.9310528 0.3648843 -0.9996983 -0.008400064 -0.02307919 -0.9996983 -0.008399526 -0.02307745 -0.9972911 -0.02515751 -0.0691203 -0.9972911 -0.02515751 -0.0691203 -0.9924781 -0.04187024 -0.1150386 -0.9852864 -0.05845485 -0.1606048 -0.9924783 -0.04187024 -0.1150385 -0.9852829 -0.0584625 -0.160623 -0.9756988 -0.07494264 -0.2059014 -0.9756988 -0.07494262 -0.2059013 -0.9637711 -0.09122797 -0.2506445 -0.9495274 -0.1072872 -0.2947664 -0.9637711 -0.09122796 -0.2506445 -0.9495388 -0.1072736 -0.2947343 -0.9329935 -0.1230898 -0.3381893 -0.9330086 -0.1230783 -0.3381517 -0.9141904 -0.1386167 -0.3808429 -0.9141903 -0.1386168 -0.380843 -0.8932369 -0.1537687 -0.4224723 -0.8932369 -0.1537688 -0.4224724 -0.8700983 -0.1685756 -0.4631535 -0.8700984 -0.1685756 -0.4631534 -0.8448346 -0.1829917 -0.5027609 -0.8448344 -0.1829918 -0.5027612 -0.8175634 -0.1969457 -0.5411122 -0.7883887 -0.2104002 -0.5780787 -0.8176162 -0.1969244 -0.5410404 -0.7883282 -0.2104313 -0.5781499 -0.7572035 -0.2234009 -0.6137874 -0.7572217 -0.223395 -0.6137671 -0.7242002 -0.2358518 -0.6480031 -0.7242355 -0.2358414 -0.6479673 -0.6895512 -0.2477017 -0.6805608 -0.6895514 -0.2477016 -0.6805607 -0.653186 -0.2589774 -0.7115328 -0.6531433 -0.2589874 -0.7115682 -0.6152267 -0.2696323 -0.7408068 -0.6152266 -0.2696323 -0.7408068 -0.5757853 -0.2796338 -0.7682943 -0.575835 -0.2796246 -0.7682604 -0.5350311 -0.2889474 -0.7938836 -0.5350311 -0.2889474 -0.7938835 -0.492902 -0.2975872 -0.8176121 -0.4928457 -0.2975951 -0.8176431 -0.449571 -0.3055052 -0.8393762 -0.4053027 -0.3126664 -0.8590515 -0.4496306 -0.3054981 -0.8393469 -0.4052408 -0.3126789 -0.8590761 -0.35983 -0.3191066 -0.8767515 -0.3599316 -0.3190982 -0.8767129 -0.3137467 -0.324753 -0.8922435 -0.3136032 -0.3247622 -0.8922905 -0.2666909 -0.3296303 -0.9056599 -0.2191059 -0.3337068 -0.91686 -0.2667993 -0.3296252 -0.9056298 -0.2190348 -0.3337156 -0.9168738 -0.1709698 -0.3369851 -0.9258565 -0.1709693 -0.3369851 -0.9258566 -0.1224173 -0.3394504 -0.9326239 -0.07356033 -0.3410962 -0.9371458 -0.1223752 -0.3394502 -0.9326295 -0.02451126 -0.3419181 -0.93941 -0.07360271 -0.3410932 -0.9371435 -0.02458495 -0.3419141 -0.9394096 0.9996983 0.008400064 -0.02307919 0.9972911 0.02515752 -0.06912033 0.9996983 0.008399526 -0.02307745 0.9972911 0.02515751 -0.06912031 0.9924781 0.04187024 -0.1150386 0.9924783 0.04187024 -0.1150385 0.9852863 0.05845578 -0.1606045 0.985283 0.05846158 -0.1606233 0.9756988 0.07494264 -0.2059014 0.9756988 0.07494262 -0.2059013 0.9637711 0.09122797 -0.2506445 0.9637711 0.09122796 -0.2506445 0.9495274 0.1072855 -0.294767 0.9495388 0.1072752 -0.2947336 0.9330086 0.1230783 -0.3381517 0.9329935 0.1230898 -0.3381893 0.9141903 0.1386168 -0.380843 0.9141903 0.1386168 -0.380843 0.8932369 0.1537687 -0.4224723 0.8932369 0.1537688 -0.4224724 0.8700983 0.1685756 -0.4631535 0.8700984 0.1685756 -0.4631534 0.8448346 0.1829917 -0.5027609 0.8448344 0.1829918 -0.5027612 0.8175634 0.1969457 -0.5411122 0.8176162 0.1969244 -0.5410404 0.7883885 0.2104049 -0.5780774 0.7883282 0.2104267 -0.5781515 0.7572035 0.2234009 -0.6137874 0.7572217 0.223395 -0.6137671 0.7242002 0.2358518 -0.6480031 0.7242355 0.2358414 -0.6479673 0.6895512 0.2477017 -0.6805608 0.6895514 0.2477016 -0.6805607 0.653186 0.2589774 -0.7115328 0.6531433 0.2589874 -0.7115682 0.6152267 0.2696323 -0.7408068 0.6152266 0.2696323 -0.7408068 0.5757853 0.2796338 -0.7682943 0.575835 0.2796246 -0.7682604 0.5350311 0.2889474 -0.7938836 0.5350311 0.2889474 -0.7938835 0.492902 0.2975872 -0.8176121 0.4928457 0.2975951 -0.8176431 0.449571 0.3055052 -0.8393762 0.4496306 0.3054981 -0.8393469 0.4053033 0.3126695 -0.8590501 0.4052408 0.3126758 -0.8590773 0.35983 0.3191066 -0.8767515 0.3599316 0.3190982 -0.8767129 0.3137467 0.324753 -0.8922435 0.3136032 0.3247622 -0.8922905 0.2666909 0.3296303 -0.9056599 0.2667993 0.3296252 -0.9056298 0.2191053 0.3337102 -0.9168589 0.2190348 0.3337122 -0.916875 0.1709694 0.3369851 -0.9258566 0.1709693 0.3369851 -0.9258566 0.1224173 0.3394504 -0.9326239 0.1223752 0.3394502 -0.9326295 0.07356069 0.3410943 -0.9371465 0.07360271 0.3410952 -0.9371428 0.02451067 0.3419147 -0.9394113 0.02458495 0.3419175 -0.9394084 -0 0.3420175 0.9396936 0 0.3420175 0.9396936 0 0.3420175 -0.9396936 0 0.3420175 -0.9396936 0 -0.3420175 -0.9396936 0 -0.3420175 -0.9396936 0.02451126 -0.3419181 -0.93941 0.02458495 -0.3419141 -0.9394096 0.07356033 -0.3410962 -0.9371458 0.07360271 -0.3410932 -0.9371435 0.122417 -0.3394485 -0.9326246 0.1223752 -0.3394522 -0.9326288 0.1709698 -0.3369851 -0.9258565 0.1709693 -0.3369851 -0.9258566 0.2191059 -0.3337068 -0.91686 0.2190348 -0.3337156 -0.9168738 0.2666907 -0.3296356 -0.905658 0.2667993 -0.3296201 -0.9056317 0.3137471 -0.324746 -0.8922459 0.3136032 -0.3247692 -0.892288 0.3598296 -0.3191117 -0.8767499 0.3599316 -0.3190932 -0.8767148 0.4052408 -0.3126789 -0.8590761 0.4053027 -0.3126664 -0.8590515 0.4495713 -0.3055083 -0.839375 0.4496306 -0.305495 -0.839348 0.492902 -0.2975842 -0.8176131 0.4928457 -0.2975981 -0.817642 0.5350314 -0.2889474 -0.7938834 0.5350311 -0.2889474 -0.7938835 0.5757851 -0.2796367 -0.7682934 0.575835 -0.2796218 -0.7682614 0.6152267 -0.2696323 -0.7408068 0.6152266 -0.2696323 -0.7408068 0.653186 -0.2589748 -0.7115336 0.6531433 -0.2589899 -0.7115673 0.6895512 -0.2477017 -0.6805608 0.6895513 -0.2477017 -0.6805607 0.7242001 -0.2358542 -0.6480024 0.7242355 -0.2358391 -0.6479682 0.7572036 -0.2234021 -0.6137867 0.7572217 -0.2233937 -0.6137675 0.7883887 -0.2104002 -0.5780787 0.7883283 -0.2104313 -0.5781499 0.8175634 -0.19695 -0.5411108 0.8176161 -0.1969202 -0.541042 0.8448345 -0.1829917 -0.5027611 0.8448344 -0.1829918 -0.5027612 0.8700984 -0.1685756 -0.4631533 0.8700984 -0.1685756 -0.4631534 0.8932369 -0.1537688 -0.4224725 0.8932371 -0.1537688 -0.4224723 0.9141904 -0.1386167 -0.3808429 0.9141903 -0.1386168 -0.380843 0.9330086 -0.1230764 -0.3381526 0.9329935 -0.1230917 -0.3381886 0.9495274 -0.1072872 -0.2947664 0.9495388 -0.1072736 -0.2947343 0.9637711 -0.09122797 -0.2506445 0.9637711 -0.09122796 -0.2506444 0.9756988 -0.07494261 -0.2059013 0.9756988 -0.07494262 -0.2059013 0.9852864 -0.05845485 -0.1606048 0.9852829 -0.0584625 -0.160623 0.9924783 -0.04187023 -0.1150385 0.9924783 -0.04187024 -0.1150385 0.9972911 -0.02515752 -0.06912033 0.9972911 -0.02515751 -0.06912031 0.9996983 -0.008400152 -0.02307917 0.9996985 -0.008399443 -0.02307748 1 0 0 1 0 0 0.02454158 -0.3419178 -0.9394094 0.02453975 -0.3419172 -0.9394096 0.07356388 -0.3410925 -0.9371468 0.1224123 -0.339447 -0.9326258 0.07356651 -0.3410934 -0.9371463 0.1224105 -0.3394477 -0.9326258 0.1709631 -0.3369854 -0.9258576 0.1709605 -0.3369846 -0.9258585 0.2190977 -0.3337091 -0.9168612 0.2667148 -0.3296297 -0.905653 0.2191019 -0.3337104 -0.9168597 0.2667124 -0.3296309 -0.9056534 0.3136829 -0.3247584 -0.892264 0.3136812 -0.3247579 -0.8922647 0.3598928 -0.3191018 -0.8767276 0.4052435 -0.3126769 -0.8590755 0.3598966 -0.3191028 -0.8767256 0.4052398 -0.312679 -0.8590766 0.4496124 -0.3055011 -0.8393555 0.4496124 -0.3055011 -0.8393555 0.4928965 -0.2975868 -0.8176156 0.4928999 -0.2975876 -0.8176132 0.5349968 -0.2889571 -0.7939031 0.534995 -0.2889567 -0.7939046 0.5758082 -0.2796303 -0.7682785 0.6152302 -0.2696305 -0.7408044 0.5758088 -0.2796304 -0.768278 0.6152314 -0.2696297 -0.7408038 0.6531712 -0.2589804 -0.7115452 0.6531712 -0.2589804 -0.7115451 0.6895438 -0.2477065 -0.6805665 0.6895415 -0.2477061 -0.6805691 0.7242463 -0.2358369 -0.6479571 0.7242475 -0.2358371 -0.6479556 0.7572083 -0.223399 -0.6137821 0.7572072 -0.2233988 -0.6137835 0.7883485 -0.2104207 -0.5781261 0.8175827 -0.1969391 -0.5410856 0.7883492 -0.2104208 -0.5781252 0.817583 -0.1969388 -0.5410853 0.8448546 -0.1829789 -0.5027319 0.8448552 -0.182979 -0.5027311 0.8700859 -0.1685818 -0.4631746 0.8700853 -0.1685817 -0.4631758 0.8932245 -0.153776 -0.422496 0.8932245 -0.153776 -0.422496 0.9142098 -0.1386006 -0.3808021 0.9142098 -0.1386006 -0.3808021 0.9329941 -0.1230902 -0.3381874 0.9329941 -0.1230901 -0.3381873 0.9495268 -0.107287 -0.2947682 0.9495267 -0.107287 -0.2947685 0.9637763 -0.09122121 -0.2506271 0.9637761 -0.09122119 -0.2506278 0.975702 -0.074937 -0.2058884 0.9757023 -0.07493705 -0.2058869 0.9852779 -0.05847218 -0.1606502 0.9924797 -0.0418667 -0.1150273 0.9852777 -0.05847214 -0.1606514 0.9924797 -0.04186638 -0.1150269 0.9972907 -0.02515978 -0.06912592 0.9996988 -0.008394546 -0.02306382 0.9972907 -0.02515978 -0.06912592 0.9996988 -0.008394498 -0.02306377 0 -0.3420208 -0.9396923 -0 -0.3420208 -0.9396923 -0.9996988 -0.0083945 -0.02306377 -0.9996988 -0.008394546 -0.02306382 -0.9972907 -0.02515978 -0.06912592 -0.9972907 -0.02515978 -0.06912592 -0.9924797 -0.0418667 -0.1150273 -0.9924797 -0.04186637 -0.1150269 -0.9852778 -0.05847178 -0.1606504 -0.9852777 -0.05847254 -0.1606513 -0.9757019 -0.07493751 -0.2058882 -0.9757023 -0.07493654 -0.2058871 -0.9637763 -0.09122095 -0.2506272 -0.9637761 -0.09122144 -0.2506277 -0.9495268 -0.1072869 -0.2947682 -0.9329941 -0.1230901 -0.3381873 -0.9495267 -0.1072871 -0.2947685 -0.9329941 -0.1230902 -0.3381874 -0.9142098 -0.1386006 -0.3808021 -0.9142098 -0.1386006 -0.3808021 -0.8932245 -0.153776 -0.422496 -0.8932245 -0.153776 -0.422496 -0.8700859 -0.1685818 -0.4631746 -0.8700853 -0.1685817 -0.4631759 -0.8448551 -0.1829786 -0.5027312 -0.8448547 -0.1829793 -0.5027319 -0.8175827 -0.1969391 -0.5410856 -0.817583 -0.1969388 -0.5410853 -0.7883484 -0.2104211 -0.578126 -0.7572083 -0.223399 -0.6137821 -0.7883492 -0.2104204 -0.5781253 -0.7572072 -0.2233988 -0.6137835 -0.7242462 -0.2358375 -0.6479568 -0.7242475 -0.2358364 -0.6479558 -0.6895438 -0.2477054 -0.680567 -0.6531712 -0.2589804 -0.7115451 -0.6895415 -0.2477073 -0.6805686 -0.6152302 -0.26963 -0.7408046 -0.6531712 -0.2589804 -0.7115452 -0.6152314 -0.2696302 -0.7408035 -0.5758082 -0.2796305 -0.7682784 -0.5758088 -0.2796301 -0.7682782 -0.5349968 -0.2889563 -0.7939035 -0.534995 -0.2889575 -0.7939042 -0.4928965 -0.2975882 -0.817615 -0.4928998 -0.2975861 -0.8176137 -0.4496124 -0.3055011 -0.8393555 -0.4496124 -0.3055011 -0.8393555 -0.4052436 -0.312677 -0.8590755 -0.3598928 -0.3191018 -0.8767276 -0.4052398 -0.3126791 -0.8590766 -0.3598966 -0.3191028 -0.8767256 -0.3136828 -0.3247576 -0.8922642 -0.3136812 -0.3247585 -0.8922645 -0.2667148 -0.3296297 -0.9056531 -0.2667124 -0.3296309 -0.9056534 -0.2190977 -0.3337108 -0.9168606 -0.2191019 -0.3337088 -0.9168603 -0.1709631 -0.3369845 -0.925858 -0.1709605 -0.3369856 -0.9258581 -0.1224123 -0.339447 -0.9326258 -0.07356387 -0.3410925 -0.9371468 -0.1224105 -0.3394477 -0.9326258 -0.02453975 -0.3419172 -0.9394097 -0.07356652 -0.3410934 -0.9371463 -0.02454158 -0.3419178 -0.9394093 -1 0 0 -1 0 0 0 -0.3420175 -0.9396936 0 -0.3420175 -0.9396936 -0.02458505 -0.3419175 -0.9394084 -0.02451067 -0.3419147 -0.9394113 -0.07360285 -0.3410952 -0.9371428 -0.07356041 -0.3410943 -0.9371465 -0.1223753 -0.3394502 -0.9326295 -0.1224171 -0.3394504 -0.932624 -0.1709694 -0.3369851 -0.9258566 -0.1709693 -0.3369851 -0.9258566 -0.2190348 -0.3337122 -0.916875 -0.2191056 -0.3337102 -0.9168589 -0.2667994 -0.3296253 -0.9056298 -0.2666907 -0.3296303 -0.9056599 -0.3136031 -0.3247623 -0.8922907 -0.3137469 -0.324753 -0.8922435 -0.3599315 -0.3190982 -0.876713 -0.3598299 -0.3191066 -0.8767517 -0.405303 -0.3126695 -0.8590503 -0.4052407 -0.3126758 -0.8590774 -0.4496306 -0.3054981 -0.8393469 -0.4495713 -0.3055052 -0.8393761 -0.4928454 -0.2975952 -0.8176432 -0.492902 -0.2975872 -0.8176121 -0.5350311 -0.2889474 -0.7938836 -0.5350311 -0.2889474 -0.7938835 -0.575835 -0.2796246 -0.7682604 -0.5757854 -0.2796338 -0.7682943 -0.6152267 -0.2696323 -0.7408068 -0.6152266 -0.2696323 -0.7408068 -0.6531432 -0.2589874 -0.7115684 -0.653186 -0.2589774 -0.7115327 -0.6895512 -0.2477017 -0.6805608 -0.6895514 -0.2477016 -0.6805607 -0.7242354 -0.2358415 -0.6479676 -0.7242002 -0.2358518 -0.6480032 -0.7572217 -0.2233949 -0.613767 -0.7572035 -0.2234009 -0.6137873 -0.7883282 -0.2104267 -0.5781515 -0.7883886 -0.2104048 -0.5780772 -0.817616 -0.1969244 -0.5410404 -0.8175633 -0.1969458 -0.5411125 -0.8448346 -0.1829917 -0.5027609 -0.8448344 -0.1829918 -0.5027612 -0.8700983 -0.1685756 -0.4631535 -0.8700984 -0.1685756 -0.4631534 -0.8932369 -0.1537687 -0.4224723 -0.8932369 -0.1537688 -0.4224724 -0.9141903 -0.1386168 -0.380843 -0.9141903 -0.1386168 -0.380843 -0.9329935 -0.1230898 -0.3381893 -0.9330086 -0.1230783 -0.3381518 -0.9495388 -0.1072752 -0.2947336 -0.9495274 -0.1072855 -0.294767 -0.9637711 -0.09122797 -0.2506445 -0.9637711 -0.09122796 -0.2506445 -0.9756988 -0.07494264 -0.2059014 -0.9756988 -0.07494262 -0.2059013 -0.985283 -0.05846158 -0.1606233 -0.9852863 -0.05845578 -0.1606045 -0.9924781 -0.04187024 -0.1150386 -0.9924783 -0.04187024 -0.1150385 -0.9972911 -0.02515751 -0.0691203 -0.9972911 -0.02515751 -0.0691203 -0.9996985 -0.008399526 -0.02307745 -0.9996983 -0.008400065 -0.02307919 0 0.3420175 -0.9396936 0 0.3420175 -0.9396936</float_array>
          <technique_common>
            <accessor count="2944" source="#cubenormals-array0-array" stride="3">
              <param type="float" name="X" />
              <param type="float" name="Y" />
              <param type="float" name="Z" />
            </accessor>
          </technique_common>
        </source>
        <vertices id="cubeverts-array0-vertices">
          <input semantic="POSITION" source="#cubeverts-array0" />
        </vertices>
        <triangles count="2944" material="ref_Fillet013">
          <input offset="0" semantic="VERTEX" source="#cubeverts-array0-vertices" />
          <input offset="1" semantic="NORMAL" source="#cubenormals-array0" />
          <p>0 0 1 0 2 0 3 1 2 1 1 1 4 2 3 2 1 2 5 3 6 3 1 3 5 4 1 4 0 4 7 5 4 5 1 5 8 6 6 6 5 6 9 7 6 7 8 7 10 8 7 8 1 8 11 9 10 9 1 9 12 10 6 10 9 10 13 11 11 11 1 11 14 12 6 12 12 12 15 13 13 13 1 13 16 14 6 14 14 14 17 15 6 15 16 15 18 16 15 16 1 16 19 17 6 17 17 17 20 18 18 18 1 18 21 19 20 19 1 19 22 20 6 20 19 20 23 21 21 21 1 21 24 22 6 22 22 22 25 23 6 23 24 23 26 24 23 24 1 24 27 25 26 25 1 25 28 26 6 26 25 26 29 27 27 27 1 27 30 28 6 28 28 28 31 29 29 29 1 29 32 30 6 30 30 30 33 31 31 31 1 31 34 32 6 32 32 32 35 33 33 33 1 33 36 34 35 34 1 34 37 35 36 35 1 35 38 36 37 36 1 36 39 37 38 37 1 37 40 38 39 38 1 38 41 39 40 39 1 39 42 40 41 40 1 40 43 41 42 41 1 41 44 42 43 42 1 42 45 43 44 43 1 43 46 44 45 44 1 44 47 45 46 45 1 45 47 46 1 46 48 46 49 47 6 47 34 47 50 48 51 48 52 48 50 49 53 49 51 49 54 50 55 50 51 50 54 51 51 51 53 51 56 52 57 52 55 52 56 53 58 53 57 53 56 54 55 54 54 54 59 55 60 55 61 55 59 56 52 56 60 56 59 57 50 57 52 57 62 58 59 58 61 58 63 59 58 59 56 59 64 60 61 60 47 60 64 61 47 61 48 61 64 62 62 62 61 62 65 63 66 63 58 63 65 64 58 64 63 64 67 65 64 65 48 65 68 66 69 66 66 66 68 67 66 67 65 67 70 68 69 68 68 68 70 69 71 69 69 69 72 70 67 70 48 70 73 71 72 71 48 71 74 72 75 72 71 72 74 73 71 73 70 73 76 74 73 74 48 74 77 75 78 75 75 75 77 76 75 76 74 76 79 77 76 77 48 77 80 78 78 78 77 78 80 79 81 79 78 79 82 80 79 80 48 80 83 81 84 81 81 81 83 82 81 82 80 82 85 83 82 83 48 83 86 84 87 84 84 84 86 85 84 85 83 85 88 86 85 86 48 86 89 87 87 87 86 87 89 88 90 88 87 88 91 89 88 89 48 89 92 90 93 90 90 90 92 91 90 91 89 91 94 92 93 92 92 92 94 93 95 93 93 93 94 94 96 94 95 94 97 95 91 95 48 95 98 96 97 96 48 96 99 97 96 97 94 97 100 98 101 98 96 98 100 99 96 99 99 99 102 100 98 100 48 100 103 101 102 101 48 101 104 102 103 102 48 102 105 103 104 103 48 103 106 104 105 104 48 104 107 105 106 105 48 105 108 106 107 106 48 106 109 107 108 107 48 107 110 108 109 108 48 108 111 109 110 109 48 109 112 110 111 110 48 110 113 111 112 111 48 111 114 112 113 112 48 112 115 113 114 113 48 113 116 114 115 114 48 114 117 115 116 115 48 115 118 116 117 116 48 116 119 117 118 117 48 117 120 118 119 118 48 118 121 119 120 119 48 119 122 120 123 120 101 120 122 121 101 121 100 121 124 122 125 122 126 122 124 123 126 123 127 123 124 124 127 124 128 124 124 125 128 125 129 125 124 126 129 126 130 126 124 127 130 127 131 127 124 128 131 128 132 128 124 129 132 129 133 129 124 130 133 130 134 130 124 131 134 131 135 131 124 132 135 132 136 132 124 133 136 133 137 133 124 134 137 134 138 134 124 135 138 135 139 135 124 136 139 136 121 136 124 137 121 137 48 137 140 138 141 138 35 138 35 139 141 139 33 139 140 140 36 140 142 140 35 141 36 141 140 141 142 142 37 142 143 142 143 143 37 143 144 143 36 144 37 144 142 144 37 145 38 145 144 145 144 146 39 146 145 146 38 147 39 147 144 147 145 148 40 148 146 148 146 149 40 149 147 149 39 150 40 150 145 150 40 151 41 151 147 151 147 152 42 152 148 152 41 153 42 153 147 153 148 154 43 154 149 154 42 155 43 155 148 155 43 156 44 156 149 156 149 157 44 157 150 157 150 158 45 158 151 158 44 159 45 159 150 159 151 160 46 160 152 160 152 161 46 161 153 161 45 162 46 162 151 162 46 163 47 163 153 163 153 164 61 164 154 164 47 165 61 165 153 165 154 166 60 166 155 166 61 167 60 167 154 167 155 168 52 168 156 168 60 169 52 169 155 169 156 170 51 170 157 170 52 171 51 171 156 171 157 172 55 172 158 172 51 173 55 173 157 173 158 174 57 174 159 174 55 175 57 175 158 175 159 176 58 176 160 176 57 177 58 177 159 177 160 178 66 178 161 178 58 179 66 179 160 179 161 180 69 180 162 180 66 181 69 181 161 181 162 182 71 182 163 182 69 183 71 183 162 183 163 184 75 184 164 184 71 185 75 185 163 185 164 186 78 186 165 186 75 187 78 187 164 187 165 188 81 188 166 188 78 189 81 189 165 189 166 190 84 190 167 190 81 191 84 191 166 191 167 192 87 192 168 192 84 193 87 193 167 193 168 194 90 194 169 194 87 195 90 195 168 195 169 196 93 196 170 196 90 197 93 197 169 197 170 198 95 198 171 198 171 199 95 199 172 199 93 200 95 200 170 200 95 201 96 201 172 201 172 202 96 202 173 202 96 203 101 203 173 203 33 204 141 204 31 204 141 205 174 205 31 205 31 206 175 206 29 206 174 207 175 207 31 207 29 208 176 208 27 208 175 209 176 209 29 209 27 210 177 210 26 210 176 211 177 211 27 211 26 212 178 212 23 212 177 213 178 213 26 213 23 214 179 214 21 214 178 215 179 215 23 215 21 216 180 216 20 216 179 217 180 217 21 217 20 218 181 218 18 218 180 219 181 219 20 219 181 220 182 220 18 220 18 221 182 221 15 221 15 222 183 222 13 222 13 223 183 223 11 223 182 224 183 224 15 224 183 225 184 225 11 225 11 226 185 226 10 226 184 227 185 227 11 227 10 228 186 228 7 228 185 229 186 229 10 229 7 230 187 230 4 230 186 231 187 231 7 231 4 232 188 232 3 232 3 233 188 233 2 233 187 234 188 234 4 234 188 235 189 235 2 235 2 236 190 236 0 236 0 237 190 237 5 237 189 238 190 238 2 238 190 239 191 239 5 239 5 240 192 240 8 240 8 241 192 241 9 241 191 242 192 242 5 242 192 243 193 243 9 243 9 244 194 244 12 244 12 245 194 245 14 245 193 246 194 246 9 246 194 247 195 247 14 247 14 248 196 248 16 248 16 249 196 249 17 249 195 250 196 250 14 250 196 251 197 251 17 251 17 252 198 252 19 252 197 253 198 253 17 253 19 254 199 254 22 254 198 255 199 255 19 255 22 256 200 256 24 256 199 257 200 257 22 257 24 258 201 258 25 258 200 259 201 259 24 259 25 260 202 260 28 260 28 261 202 261 30 261 201 262 202 262 25 262 202 263 203 263 30 263 30 264 204 264 32 264 203 265 204 265 30 265 32 266 205 266 34 266 204 267 205 267 32 267 206 268 207 268 208 268 209 269 208 269 210 269 209 270 206 270 208 270 211 271 212 271 207 271 211 272 207 272 206 272 213 273 210 273 214 273 213 274 209 274 210 274 215 275 212 275 211 275 215 276 216 276 212 276 217 277 214 277 218 277 217 278 213 278 214 278 219 279 216 279 215 279 219 280 220 280 216 280 221 281 218 281 222 281 221 282 217 282 218 282 223 283 224 283 220 283 223 284 220 284 219 284 225 285 222 285 226 285 225 286 221 286 222 286 227 287 228 287 224 287 227 288 224 288 223 288 229 289 226 289 230 289 229 290 225 290 226 290 231 291 232 291 228 291 231 292 228 292 227 292 233 293 230 293 234 293 233 294 229 294 230 294 235 295 236 295 232 295 235 296 232 296 231 296 237 297 234 297 238 297 237 298 233 298 234 298 239 299 240 299 236 299 239 300 236 300 235 300 241 301 238 301 242 301 241 302 237 302 238 302 243 303 244 303 240 303 243 304 240 304 239 304 245 305 246 305 244 305 245 306 244 306 243 306 247 307 248 307 246 307 247 308 246 308 245 308 249 309 250 309 248 309 249 310 248 310 247 310 251 311 252 311 250 311 251 312 250 312 249 312 253 313 254 313 252 313 253 314 252 314 251 314 255 315 256 315 254 315 255 316 254 316 253 316 257 317 123 317 256 317 257 318 256 318 255 318 173 319 101 319 123 319 173 320 123 320 257 320 258 321 241 321 242 321 259 322 241 322 258 322 260 323 261 323 262 323 260 324 262 324 263 324 264 325 263 325 265 325 264 326 260 326 263 326 266 327 261 327 260 327 267 328 264 328 265 328 267 329 265 329 268 329 269 330 270 330 261 330 269 331 261 331 266 331 271 332 267 332 268 332 272 333 273 333 274 333 272 334 274 334 270 334 272 335 270 335 269 335 275 336 271 336 268 336 275 337 268 337 276 337 277 338 273 338 272 338 278 339 276 339 279 339 278 340 275 340 276 340 280 341 273 341 277 341 280 342 281 342 273 342 282 343 279 343 283 343 282 344 278 344 279 344 284 345 285 345 281 345 284 346 281 346 280 346 286 347 282 347 283 347 286 348 283 348 287 348 288 349 289 349 285 349 288 350 285 350 284 350 290 351 287 351 291 351 290 352 291 352 292 352 290 353 286 353 287 353 293 354 294 354 289 354 293 355 289 355 288 355 295 356 290 356 292 356 296 357 294 357 293 357 296 358 297 358 294 358 298 359 299 359 300 359 298 360 300 360 297 360 298 361 297 361 296 361 301 362 302 362 299 362 301 363 299 363 298 363 303 364 302 364 301 364 304 365 305 365 302 365 304 366 302 366 303 366 306 367 307 367 308 367 306 368 308 368 305 368 306 369 305 369 304 369 309 370 307 370 306 370 49 371 310 371 307 371 49 372 307 372 309 372 34 373 205 373 310 373 34 374 310 374 49 374 311 375 295 375 292 375 311 376 292 376 312 376 123 377 122 377 256 377 256 378 313 378 254 378 122 379 313 379 256 379 254 380 314 380 252 380 313 381 314 381 254 381 252 382 315 382 250 382 314 383 315 383 252 383 250 384 316 384 248 384 315 385 316 385 250 385 248 386 317 386 246 386 316 387 317 387 248 387 246 388 318 388 244 388 317 389 318 389 246 389 244 390 319 390 240 390 318 391 319 391 244 391 240 392 320 392 236 392 319 393 320 393 240 393 236 394 321 394 232 394 320 395 321 395 236 395 232 396 322 396 228 396 321 397 322 397 232 397 228 398 323 398 224 398 322 399 323 399 228 399 323 400 324 400 224 400 224 401 324 401 220 401 324 402 325 402 220 402 220 403 325 403 216 403 216 404 326 404 212 404 325 405 326 405 216 405 326 406 327 406 212 406 212 407 327 407 207 407 207 408 328 408 208 408 327 409 328 409 207 409 208 410 329 410 210 410 328 411 329 411 208 411 210 412 330 412 214 412 329 413 330 413 210 413 214 414 331 414 218 414 330 415 331 415 214 415 218 416 332 416 222 416 331 417 332 417 218 417 222 418 333 418 226 418 332 419 333 419 222 419 333 420 334 420 226 420 226 421 335 421 230 421 334 422 335 422 226 422 230 423 336 423 234 423 335 424 336 424 230 424 234 425 337 425 238 425 336 426 337 426 234 426 238 427 338 427 242 427 337 428 338 428 238 428 339 429 49 429 309 429 339 430 6 430 49 430 340 431 309 431 306 431 340 432 306 432 304 432 340 433 339 433 309 433 341 434 340 434 304 434 342 435 304 435 303 435 342 436 303 436 301 436 342 437 341 437 304 437 343 438 301 438 298 438 343 439 342 439 301 439 344 440 343 440 298 440 345 441 298 441 296 441 345 442 344 442 298 442 346 443 296 443 293 443 346 444 293 444 288 444 346 445 345 445 296 445 347 446 346 446 288 446 348 447 288 447 284 447 348 448 347 448 288 448 349 449 348 449 284 449 349 450 284 450 280 450 349 451 280 451 277 451 350 452 349 452 277 452 351 453 350 453 277 453 351 454 277 454 272 454 352 455 272 455 269 455 352 456 351 456 272 456 353 457 269 457 266 457 353 458 352 458 269 458 354 459 266 459 260 459 354 460 353 460 266 460 355 461 260 461 264 461 355 462 354 462 260 462 356 463 264 463 267 463 356 464 355 464 264 464 357 465 267 465 271 465 357 466 271 466 275 466 357 467 356 467 267 467 358 468 275 468 278 468 358 469 357 469 275 469 359 470 358 470 278 470 360 471 278 471 282 471 360 472 359 472 278 472 361 473 282 473 286 473 361 474 360 474 282 474 362 475 286 475 290 475 362 476 361 476 286 476 363 477 290 477 295 477 363 478 362 478 290 478 364 479 365 479 366 479 364 480 366 480 338 480 364 481 338 481 337 481 367 482 337 482 336 482 367 483 364 483 337 483 368 484 336 484 335 484 368 485 367 485 336 485 369 486 335 486 334 486 369 487 368 487 335 487 370 488 334 488 333 488 370 489 369 489 334 489 371 490 333 490 332 490 371 491 370 491 333 491 372 492 332 492 331 492 372 493 371 493 332 493 373 494 331 494 330 494 373 495 372 495 331 495 374 496 373 496 330 496 329 497 374 497 330 497 375 498 374 498 329 498 328 499 376 499 375 499 328 500 375 500 329 500 327 501 376 501 328 501 327 502 377 502 376 502 326 503 377 503 327 503 326 504 378 504 377 504 325 505 378 505 326 505 325 506 379 506 378 506 324 507 379 507 325 507 324 508 380 508 379 508 323 509 381 509 380 509 323 510 380 510 324 510 322 511 382 511 381 511 322 512 381 512 323 512 321 513 383 513 382 513 321 514 382 514 322 514 320 515 384 515 383 515 320 516 383 516 321 516 319 517 385 517 384 517 319 518 384 518 320 518 318 519 386 519 385 519 318 520 385 520 319 520 317 521 387 521 386 521 317 522 386 522 318 522 316 523 388 523 387 523 316 524 387 524 317 524 315 525 389 525 388 525 315 526 388 526 316 526 314 527 390 527 389 527 314 528 389 528 315 528 313 529 391 529 390 529 313 530 390 530 314 530 122 531 391 531 313 531 100 532 392 532 391 532 100 533 391 533 122 533 393 534 394 534 395 534 363 535 394 535 393 535 362 536 363 536 393 536 362 537 393 537 396 537 361 538 396 538 397 538 361 539 362 539 396 539 360 540 397 540 398 540 360 541 361 541 397 541 359 542 398 542 399 542 359 543 360 543 398 543 358 544 399 544 400 544 358 545 359 545 399 545 357 546 401 546 402 546 357 547 400 547 401 547 357 548 358 548 400 548 356 549 357 549 402 549 355 550 402 550 403 550 355 551 356 551 402 551 404 552 355 552 403 552 404 553 354 553 355 553 405 554 354 554 404 554 405 555 352 555 353 555 405 556 353 556 354 556 406 557 352 557 405 557 406 558 351 558 352 558 407 559 351 559 406 559 408 560 351 560 407 560 408 561 350 561 351 561 409 562 350 562 408 562 409 563 348 563 349 563 409 564 349 564 350 564 410 565 348 565 409 565 411 566 348 566 410 566 411 567 346 567 347 567 411 568 347 568 348 568 412 569 346 569 411 569 413 570 346 570 412 570 413 571 345 571 346 571 414 572 345 572 413 572 414 573 344 573 345 573 415 574 344 574 414 574 415 575 343 575 344 575 416 576 343 576 415 576 416 577 342 577 343 577 417 578 342 578 416 578 417 579 341 579 342 579 418 580 341 580 417 580 418 581 340 581 341 581 419 582 340 582 418 582 419 583 6 583 339 583 419 584 339 584 340 584 420 585 6 585 419 585 421 586 422 586 423 586 424 587 6 587 420 587 424 588 1 588 6 588 425 589 1 589 424 589 425 590 426 590 1 590 425 591 427 591 426 591 428 592 427 592 425 592 428 593 429 593 427 593 430 594 429 594 428 594 431 595 432 595 429 595 431 596 429 596 430 596 433 597 434 597 432 597 433 598 435 598 434 598 433 599 432 599 431 599 436 600 435 600 433 600 437 601 435 601 436 601 437 602 438 602 435 602 439 603 422 603 421 603 439 604 421 604 440 604 441 605 438 605 437 605 441 606 442 606 438 606 443 607 440 607 444 607 443 608 439 608 440 608 445 609 442 609 441 609 445 610 446 610 442 610 445 611 447 611 446 611 448 612 443 612 444 612 449 613 447 613 445 613 450 614 444 614 451 614 450 615 448 615 444 615 452 616 453 616 447 616 452 617 454 617 453 617 452 618 447 618 449 618 455 619 450 619 451 619 455 620 451 620 456 620 457 621 454 621 452 621 458 622 455 622 456 622 458 623 456 623 459 623 460 624 454 624 457 624 460 625 461 625 454 625 460 626 462 626 461 626 463 627 458 627 459 627 463 628 459 628 464 628 465 629 462 629 460 629 466 630 463 630 464 630 466 631 467 631 468 631 466 632 464 632 467 632 469 633 462 633 465 633 469 634 470 634 462 634 471 635 466 635 468 635 471 636 468 636 472 636 473 637 471 637 472 637 473 638 470 638 469 638 473 639 472 639 470 639 98 640 474 640 475 640 98 641 102 641 474 641 97 642 475 642 476 642 97 643 476 643 477 643 97 644 98 644 475 644 91 645 97 645 477 645 88 646 477 646 478 646 88 647 91 647 477 647 85 648 478 648 479 648 85 649 479 649 480 649 85 650 88 650 478 650 82 651 85 651 480 651 79 652 480 652 481 652 79 653 82 653 480 653 76 654 481 654 482 654 76 655 79 655 481 655 73 656 76 656 482 656 73 657 482 657 483 657 72 658 483 658 484 658 72 659 73 659 483 659 67 660 484 660 485 660 67 661 485 661 486 661 67 662 72 662 484 662 64 663 67 663 486 663 62 664 486 664 487 664 62 665 64 665 486 665 59 666 487 666 488 666 59 667 62 667 487 667 50 668 488 668 489 668 50 669 59 669 488 669 53 670 489 670 490 670 53 671 50 671 489 671 54 672 490 672 491 672 54 673 53 673 490 673 56 674 491 674 492 674 56 675 54 675 491 675 63 676 492 676 493 676 63 677 56 677 492 677 65 678 493 678 494 678 65 679 63 679 493 679 68 680 494 680 495 680 68 681 65 681 494 681 70 682 495 682 496 682 70 683 68 683 495 683 74 684 496 684 497 684 74 685 70 685 496 685 77 686 497 686 498 686 77 687 74 687 497 687 80 688 498 688 499 688 80 689 77 689 498 689 83 690 499 690 500 690 83 691 80 691 499 691 86 692 500 692 501 692 86 693 83 693 500 693 89 694 501 694 502 694 89 695 86 695 501 695 92 696 502 696 503 696 92 697 89 697 502 697 94 698 503 698 504 698 94 699 504 699 505 699 94 700 92 700 503 700 99 701 94 701 505 701 99 702 505 702 392 702 100 703 99 703 392 703 506 704 1 704 426 704 506 705 48 705 1 705 507 706 426 706 427 706 507 707 427 707 429 707 507 708 506 708 426 708 508 709 507 709 429 709 509 710 429 710 432 710 509 711 432 711 434 711 509 712 508 712 429 712 510 713 434 713 435 713 510 714 509 714 434 714 511 715 510 715 435 715 512 716 435 716 438 716 512 717 511 717 435 717 513 718 438 718 442 718 513 719 442 719 446 719 513 720 512 720 438 720 514 721 513 721 446 721 515 722 446 722 447 722 515 723 514 723 446 723 516 724 515 724 447 724 516 725 447 725 453 725 516 726 453 726 454 726 517 727 516 727 454 727 518 728 517 728 454 728 518 729 454 729 461 729 519 730 461 730 462 730 519 731 518 731 461 731 520 732 462 732 470 732 520 733 519 733 462 733 521 734 470 734 472 734 521 735 520 735 470 735 522 736 472 736 468 736 522 737 521 737 472 737 523 738 468 738 467 738 523 739 522 739 468 739 524 740 467 740 464 740 524 741 464 741 459 741 524 742 523 742 467 742 525 743 459 743 456 743 525 744 524 744 459 744 526 745 525 745 456 745 527 746 456 746 451 746 527 747 526 747 456 747 528 748 451 748 444 748 528 749 527 749 451 749 529 750 444 750 440 750 529 751 528 751 444 751 530 752 440 752 421 752 530 753 529 753 440 753 531 754 474 754 103 754 103 755 474 755 102 755 532 756 533 756 534 756 532 757 534 757 535 757 536 758 534 758 533 758 536 759 537 759 534 759 538 760 532 760 535 760 538 761 535 761 539 761 540 762 537 762 536 762 540 763 541 763 537 763 542 764 538 764 539 764 542 765 539 765 543 765 544 766 541 766 540 766 544 767 545 767 541 767 546 768 543 768 547 768 546 769 542 769 543 769 548 770 545 770 544 770 548 771 549 771 545 771 550 772 547 772 551 772 550 773 551 773 552 773 550 774 546 774 547 774 553 775 549 775 548 775 553 776 554 776 555 776 553 777 555 777 549 777 556 778 552 778 557 778 556 779 550 779 552 779 558 780 554 780 553 780 559 781 556 781 557 781 560 782 554 782 558 782 560 783 561 783 554 783 562 784 557 784 563 784 562 785 559 785 557 785 564 786 565 786 566 786 564 787 566 787 561 787 564 788 561 788 560 788 567 789 563 789 568 789 567 790 562 790 563 790 569 791 565 791 564 791 570 792 565 792 569 792 570 793 571 793 565 793 572 794 571 794 570 794 572 795 573 795 571 795 574 796 573 796 572 796 574 797 575 797 573 797 576 798 575 798 574 798 576 799 577 799 575 799 578 800 577 800 576 800 578 801 579 801 580 801 578 802 580 802 577 802 581 803 579 803 578 803 124 804 579 804 581 804 124 805 582 805 579 805 583 806 568 806 584 806 583 807 567 807 568 807 48 808 582 808 124 808 48 809 585 809 582 809 506 810 585 810 48 810 506 811 586 811 585 811 507 812 586 812 506 812 507 813 587 813 586 813 508 814 587 814 507 814 508 815 588 815 587 815 509 816 588 816 508 816 509 817 589 817 588 817 510 818 589 818 509 818 510 819 590 819 589 819 511 820 590 820 510 820 511 821 591 821 590 821 512 822 591 822 511 822 512 823 592 823 591 823 513 824 592 824 512 824 513 825 593 825 592 825 514 826 593 826 513 826 514 827 594 827 593 827 515 828 594 828 514 828 515 829 595 829 594 829 516 830 595 830 515 830 516 831 596 831 595 831 517 832 596 832 516 832 517 833 597 833 596 833 518 834 597 834 517 834 518 835 598 835 597 835 519 836 598 836 518 836 519 837 599 837 598 837 520 838 600 838 599 838 520 839 599 839 519 839 521 840 601 840 600 840 521 841 600 841 520 841 602 842 521 842 522 842 602 843 601 843 521 843 523 844 602 844 522 844 603 845 602 845 523 845 604 846 523 846 524 846 604 847 524 847 525 847 604 848 603 848 523 848 605 849 604 849 525 849 606 850 525 850 526 850 606 851 605 851 525 851 607 852 606 852 526 852 607 853 526 853 527 853 608 854 607 854 527 854 608 855 527 855 528 855 608 856 528 856 529 856 609 857 608 857 529 857 610 858 609 858 529 858 610 859 529 859 530 859 611 860 610 860 530 860 611 861 530 861 612 861 127 862 613 862 614 862 127 863 126 863 613 863 128 864 614 864 615 864 128 865 127 865 614 865 129 866 615 866 616 866 129 867 128 867 615 867 130 868 616 868 617 868 130 869 617 869 618 869 130 870 129 870 616 870 131 871 130 871 618 871 132 872 618 872 619 872 132 873 619 873 620 873 132 874 131 874 618 874 133 875 132 875 620 875 134 876 133 876 620 876 134 877 620 877 621 877 135 878 134 878 621 878 135 879 621 879 622 879 136 880 622 880 623 880 136 881 135 881 622 881 137 882 623 882 624 882 137 883 136 883 623 883 138 884 624 884 625 884 138 885 137 885 624 885 139 886 625 886 626 886 139 887 138 887 625 887 121 888 626 888 627 888 121 889 139 889 626 889 120 890 627 890 628 890 120 891 121 891 627 891 119 892 628 892 629 892 119 893 120 893 628 893 118 894 629 894 630 894 118 895 630 895 631 895 118 896 119 896 629 896 117 897 118 897 631 897 116 898 631 898 632 898 116 899 117 899 631 899 115 900 632 900 633 900 115 901 116 901 632 901 114 902 633 902 634 902 114 903 115 903 633 903 113 904 634 904 635 904 113 905 114 905 634 905 112 906 635 906 636 906 112 907 113 907 635 907 111 908 636 908 637 908 111 909 112 909 636 909 110 910 637 910 638 910 110 911 111 911 637 911 109 912 638 912 639 912 109 913 110 913 638 913 108 914 639 914 640 914 108 915 640 915 641 915 108 916 109 916 639 916 107 917 108 917 641 917 106 918 641 918 642 918 106 919 107 919 641 919 105 920 642 920 643 920 105 921 106 921 642 921 104 922 643 922 644 922 104 923 644 923 531 923 104 924 105 924 643 924 103 925 104 925 531 925 645 926 124 926 581 926 645 927 125 927 124 927 646 928 581 928 578 928 646 929 578 929 576 929 646 930 645 930 581 930 647 931 646 931 576 931 648 932 576 932 574 932 648 933 574 933 572 933 648 934 647 934 576 934 649 935 572 935 570 935 649 936 648 936 572 936 650 937 649 937 570 937 651 938 570 938 569 938 651 939 650 939 570 939 652 940 569 940 564 940 652 941 564 941 560 941 652 942 651 942 569 942 653 943 652 943 560 943 654 944 560 944 558 944 654 945 653 945 560 945 655 946 654 946 558 946 655 947 558 947 553 947 655 948 553 948 548 948 656 949 655 949 548 949 657 950 656 950 548 950 657 951 548 951 544 951 658 952 544 952 540 952 658 953 657 953 544 953 659 954 540 954 536 954 659 955 658 955 540 955 660 956 536 956 533 956 660 957 659 957 536 957 661 958 533 958 532 958 661 959 660 959 533 959 662 960 532 960 538 960 662 961 661 961 532 961 663 962 538 962 542 962 663 963 542 963 546 963 663 964 662 964 538 964 664 965 546 965 550 965 664 966 663 966 546 966 665 967 664 967 550 967 666 968 550 968 556 968 666 969 665 969 550 969 667 970 556 970 559 970 667 971 666 971 556 971 668 972 559 972 562 972 668 973 667 973 559 973 669 974 562 974 567 974 669 975 668 975 562 975 669 976 670 976 671 976 669 977 671 977 672 977 668 978 672 978 673 978 668 979 669 979 672 979 667 980 673 980 674 980 667 981 668 981 673 981 666 982 674 982 675 982 666 983 667 983 674 983 665 984 675 984 676 984 665 985 666 985 675 985 664 986 677 986 678 986 664 987 676 987 677 987 664 988 665 988 676 988 663 989 664 989 678 989 662 990 678 990 679 990 662 991 663 991 678 991 661 992 679 992 680 992 661 993 662 993 679 993 681 994 660 994 661 994 681 995 661 995 680 995 682 996 659 996 660 996 682 997 660 997 681 997 683 998 659 998 682 998 683 999 657 999 658 999 683 1000 658 1000 659 1000 684 1001 657 1001 683 1001 684 1002 656 1002 657 1002 685 1003 656 1003 684 1003 686 1004 655 1004 656 1004 686 1005 656 1005 685 1005 687 1006 654 1006 655 1006 687 1007 655 1007 686 1007 688 1008 652 1008 653 1008 688 1009 653 1009 654 1009 688 1010 654 1010 687 1010 689 1011 652 1011 688 1011 690 1012 651 1012 652 1012 690 1013 652 1013 689 1013 691 1014 650 1014 651 1014 691 1015 651 1015 690 1015 692 1016 648 1016 649 1016 692 1017 649 1017 650 1017 692 1018 650 1018 691 1018 693 1019 648 1019 692 1019 694 1020 646 1020 647 1020 694 1021 647 1021 648 1021 694 1022 648 1022 693 1022 695 1023 646 1023 694 1023 696 1024 125 1024 645 1024 696 1025 645 1025 646 1025 696 1026 646 1026 695 1026 697 1027 125 1027 696 1027 613 1028 126 1028 125 1028 613 1029 125 1029 697 1029 628 1030 585 1030 629 1030 630 1031 629 1031 585 1031 631 1032 630 1032 585 1032 627 1033 582 1033 585 1033 627 1034 585 1034 628 1034 626 1035 582 1035 627 1035 632 1036 631 1036 585 1036 633 1037 632 1037 585 1037 625 1038 582 1038 626 1038 634 1039 633 1039 585 1039 624 1040 582 1040 625 1040 635 1041 634 1041 585 1041 623 1042 582 1042 624 1042 636 1043 635 1043 585 1043 622 1044 582 1044 623 1044 621 1045 582 1045 622 1045 637 1046 636 1046 585 1046 638 1047 637 1047 585 1047 620 1048 582 1048 621 1048 639 1049 638 1049 585 1049 619 1050 582 1050 620 1050 618 1051 582 1051 619 1051 640 1052 639 1052 585 1052 641 1053 640 1053 585 1053 617 1054 582 1054 618 1054 642 1055 641 1055 585 1055 616 1056 582 1056 617 1056 643 1057 642 1057 585 1057 615 1058 582 1058 616 1058 644 1059 643 1059 585 1059 614 1060 582 1060 615 1060 613 1061 582 1061 614 1061 531 1062 644 1062 585 1062 474 1063 531 1063 585 1063 475 1064 474 1064 585 1064 476 1065 475 1065 585 1065 477 1066 476 1066 585 1066 478 1067 477 1067 585 1067 479 1068 478 1068 585 1068 480 1069 479 1069 585 1069 481 1070 480 1070 585 1070 482 1071 481 1071 585 1071 483 1072 482 1072 585 1072 484 1073 483 1073 585 1073 485 1074 484 1074 585 1074 486 1075 485 1075 585 1075 697 1076 582 1076 613 1076 156 1077 489 1077 488 1077 156 1078 490 1078 489 1078 156 1079 157 1079 490 1079 158 1080 491 1080 490 1080 158 1081 490 1081 157 1081 159 1082 492 1082 491 1082 159 1083 491 1083 158 1083 155 1084 156 1084 488 1084 154 1085 488 1085 487 1085 154 1086 155 1086 488 1086 160 1087 493 1087 492 1087 160 1088 492 1088 159 1088 161 1089 494 1089 493 1089 161 1090 493 1090 160 1090 153 1091 585 1091 424 1091 153 1092 486 1092 585 1092 153 1093 487 1093 486 1093 153 1094 154 1094 487 1094 162 1095 495 1095 494 1095 162 1096 494 1096 161 1096 152 1097 153 1097 424 1097 151 1098 152 1098 424 1098 163 1099 495 1099 162 1099 163 1100 496 1100 495 1100 163 1101 497 1101 496 1101 150 1102 151 1102 424 1102 164 1103 497 1103 163 1103 165 1104 497 1104 164 1104 165 1105 498 1105 497 1105 149 1106 150 1106 424 1106 148 1107 149 1107 424 1107 166 1108 498 1108 165 1108 166 1109 499 1109 498 1109 147 1110 148 1110 424 1110 167 1111 500 1111 499 1111 167 1112 499 1112 166 1112 168 1113 500 1113 167 1113 168 1114 501 1114 500 1114 146 1115 147 1115 424 1115 145 1116 146 1116 424 1116 169 1117 501 1117 168 1117 169 1118 502 1118 501 1118 144 1119 145 1119 424 1119 170 1120 502 1120 169 1120 170 1121 503 1121 502 1121 170 1122 504 1122 503 1122 171 1123 504 1123 170 1123 171 1124 505 1124 504 1124 143 1125 144 1125 424 1125 142 1126 143 1126 424 1126 172 1127 505 1127 171 1127 173 1128 505 1128 172 1128 173 1129 392 1129 505 1129 140 1130 142 1130 424 1130 141 1131 140 1131 424 1131 174 1132 141 1132 424 1132 175 1133 174 1133 424 1133 176 1134 175 1134 424 1134 177 1135 176 1135 424 1135 178 1136 177 1136 424 1136 179 1137 178 1137 424 1137 180 1138 179 1138 424 1138 181 1139 180 1139 424 1139 182 1140 181 1140 424 1140 183 1141 182 1141 424 1141 184 1142 183 1142 424 1142 185 1143 184 1143 424 1143 186 1144 185 1144 424 1144 187 1145 186 1145 424 1145 188 1146 187 1146 424 1146 189 1147 188 1147 424 1147 190 1148 189 1148 424 1148 191 1149 190 1149 424 1149 257 1150 392 1150 173 1150 257 1151 391 1151 392 1151 420 1152 310 1152 205 1152 420 1153 192 1153 191 1153 420 1154 193 1154 192 1154 420 1155 194 1155 193 1155 420 1156 195 1156 194 1156 420 1157 196 1157 195 1157 420 1158 197 1158 196 1158 420 1159 198 1159 197 1159 420 1160 199 1160 198 1160 420 1161 200 1161 199 1161 420 1162 201 1162 200 1162 420 1163 202 1163 201 1163 420 1164 203 1164 202 1164 420 1165 204 1165 203 1165 420 1166 205 1166 204 1166 420 1167 191 1167 424 1167 257 1168 255 1168 391 1168 391 1169 255 1169 390 1169 390 1170 253 1170 389 1170 255 1171 253 1171 390 1171 389 1172 251 1172 388 1172 253 1173 251 1173 389 1173 388 1174 249 1174 387 1174 251 1175 249 1175 388 1175 387 1176 247 1176 386 1176 249 1177 247 1177 387 1177 386 1178 245 1178 385 1178 247 1179 245 1179 386 1179 385 1180 243 1180 384 1180 245 1181 243 1181 385 1181 384 1182 239 1182 383 1182 383 1183 239 1183 382 1183 243 1184 239 1184 384 1184 239 1185 235 1185 382 1185 382 1186 231 1186 381 1186 381 1187 231 1187 380 1187 235 1188 231 1188 382 1188 231 1189 227 1189 380 1189 380 1190 227 1190 379 1190 227 1191 223 1191 379 1191 223 1192 219 1192 379 1192 379 1193 219 1193 378 1193 219 1194 215 1194 378 1194 378 1195 215 1195 377 1195 377 1196 215 1196 376 1196 215 1197 211 1197 376 1197 376 1198 206 1198 375 1198 375 1199 206 1199 374 1199 211 1200 206 1200 376 1200 206 1201 209 1201 374 1201 374 1202 213 1202 373 1202 373 1203 213 1203 372 1203 209 1204 213 1204 374 1204 213 1205 217 1205 372 1205 372 1206 221 1206 371 1206 371 1207 221 1207 370 1207 217 1208 221 1208 372 1208 221 1209 225 1209 370 1209 370 1210 229 1210 369 1210 369 1211 229 1211 368 1211 225 1212 229 1212 370 1212 229 1213 233 1213 368 1213 368 1214 237 1214 367 1214 367 1215 237 1215 364 1215 233 1216 237 1216 368 1216 237 1217 241 1217 364 1217 698 1218 699 1218 700 1218 698 1219 700 1219 701 1219 698 1220 701 1220 365 1220 702 1221 698 1221 365 1221 703 1222 702 1222 365 1222 704 1223 703 1223 365 1223 705 1224 704 1224 365 1224 706 1225 707 1225 705 1225 706 1226 705 1226 365 1226 708 1227 709 1227 710 1227 708 1228 710 1228 706 1228 708 1229 706 1229 365 1229 711 1230 708 1230 365 1230 711 1231 712 1231 708 1231 713 1232 711 1232 365 1232 713 1233 714 1233 711 1233 715 1234 713 1234 365 1234 715 1235 716 1235 717 1235 715 1236 717 1236 718 1236 715 1237 718 1237 713 1237 719 1238 715 1238 365 1238 720 1239 721 1239 722 1239 723 1240 722 1240 719 1240 723 1241 720 1241 722 1241 724 1242 725 1242 723 1242 724 1243 723 1243 719 1243 726 1244 724 1244 719 1244 727 1245 719 1245 365 1245 727 1246 726 1246 719 1246 728 1247 729 1247 727 1247 728 1248 727 1248 365 1248 259 1249 365 1249 364 1249 259 1250 364 1250 241 1250 730 1251 728 1251 365 1251 730 1252 365 1252 259 1252 731 1253 259 1253 732 1253 731 1254 732 1254 733 1254 731 1255 730 1255 259 1255 731 1256 734 1256 735 1256 731 1257 735 1257 730 1257 736 1258 737 1258 734 1258 738 1259 736 1259 734 1259 738 1260 739 1260 736 1260 740 1261 731 1261 741 1261 740 1262 741 1262 742 1262 740 1263 742 1263 743 1263 740 1264 743 1264 744 1264 745 1265 746 1265 738 1265 747 1266 748 1266 745 1266 747 1267 745 1267 738 1267 749 1268 740 1268 750 1268 749 1269 750 1269 751 1269 752 1270 747 1270 738 1270 753 1271 731 1271 740 1271 753 1272 740 1272 749 1272 754 1273 752 1273 738 1273 755 1274 738 1274 734 1274 755 1275 754 1275 738 1275 756 1276 753 1276 757 1276 756 1277 757 1277 758 1277 759 1278 760 1278 761 1278 759 1279 761 1279 755 1279 759 1280 734 1280 731 1280 759 1281 731 1281 753 1281 759 1282 755 1282 734 1282 759 1283 753 1283 756 1283 259 1284 258 1284 762 1284 732 1285 762 1285 763 1285 732 1286 259 1286 762 1286 733 1287 763 1287 764 1287 733 1288 732 1288 763 1288 731 1289 764 1289 765 1289 731 1290 733 1290 764 1290 741 1291 765 1291 766 1291 741 1292 731 1292 765 1292 742 1293 766 1293 767 1293 742 1294 741 1294 766 1294 743 1295 767 1295 768 1295 743 1296 742 1296 767 1296 744 1297 768 1297 769 1297 744 1298 743 1298 768 1298 740 1299 744 1299 769 1299 740 1300 769 1300 770 1300 750 1301 740 1301 770 1301 750 1302 770 1302 771 1302 751 1303 771 1303 772 1303 751 1304 750 1304 771 1304 749 1305 772 1305 773 1305 749 1306 751 1306 772 1306 753 1307 773 1307 774 1307 753 1308 749 1308 773 1308 757 1309 774 1309 775 1309 757 1310 753 1310 774 1310 758 1311 757 1311 775 1311 756 1312 775 1312 776 1312 756 1313 776 1313 777 1313 756 1314 758 1314 775 1314 759 1315 756 1315 777 1315 760 1316 777 1316 778 1316 760 1317 778 1317 779 1317 760 1318 759 1318 777 1318 761 1319 779 1319 780 1319 761 1320 760 1320 779 1320 755 1321 761 1321 780 1321 754 1322 780 1322 781 1322 754 1323 781 1323 782 1323 754 1324 755 1324 780 1324 752 1325 782 1325 783 1325 752 1326 754 1326 782 1326 747 1327 752 1327 783 1327 748 1328 783 1328 784 1328 748 1329 784 1329 785 1329 748 1330 747 1330 783 1330 745 1331 785 1331 786 1331 745 1332 748 1332 785 1332 746 1333 745 1333 786 1333 738 1334 786 1334 787 1334 738 1335 746 1335 786 1335 739 1336 787 1336 788 1336 739 1337 788 1337 789 1337 739 1338 738 1338 787 1338 736 1339 739 1339 789 1339 737 1340 789 1340 790 1340 737 1341 736 1341 789 1341 734 1342 790 1342 791 1342 734 1343 737 1343 790 1343 735 1344 791 1344 792 1344 735 1345 734 1345 791 1345 730 1346 792 1346 793 1346 730 1347 735 1347 792 1347 794 1348 795 1348 366 1348 796 1349 797 1349 795 1349 795 1350 797 1350 366 1350 798 1351 799 1351 797 1351 799 1352 800 1352 797 1352 797 1353 801 1353 366 1353 800 1354 801 1354 797 1354 801 1355 802 1355 366 1355 803 1356 804 1356 802 1356 805 1357 806 1357 807 1357 807 1358 806 1358 804 1358 802 1359 806 1359 366 1359 804 1360 806 1360 802 1360 808 1361 809 1361 810 1361 809 1362 811 1362 810 1362 806 1363 812 1363 366 1363 811 1364 812 1364 810 1364 810 1365 812 1365 806 1365 813 1366 814 1366 812 1366 812 1367 814 1367 366 1367 814 1368 815 1368 366 1368 816 1369 817 1369 818 1369 818 1370 817 1370 815 1370 815 1371 817 1371 366 1371 819 1372 820 1372 821 1372 821 1373 820 1373 817 1373 817 1374 820 1374 366 1374 822 1375 823 1375 820 1375 820 1376 823 1376 366 1376 823 1377 824 1377 366 1377 824 1378 825 1378 366 1378 366 1379 258 1379 338 1379 338 1380 258 1380 242 1380 825 1381 793 1381 366 1381 366 1382 793 1382 258 1382 258 1383 763 1383 762 1383 793 1384 763 1384 258 1384 791 1385 790 1385 792 1385 792 1386 790 1386 793 1386 790 1387 789 1387 793 1387 764 1388 766 1388 765 1388 763 1389 767 1389 764 1389 764 1390 767 1390 766 1390 787 1391 786 1391 788 1391 788 1392 786 1392 789 1392 767 1393 769 1393 768 1393 763 1394 769 1394 767 1394 785 1395 784 1395 786 1395 786 1396 784 1396 789 1396 769 1397 771 1397 770 1397 783 1398 782 1398 784 1398 771 1399 773 1399 772 1399 782 1400 781 1400 784 1400 793 1401 774 1401 763 1401 789 1402 774 1402 793 1402 763 1403 774 1403 769 1403 769 1404 774 1404 771 1404 771 1405 774 1405 773 1405 784 1406 780 1406 789 1406 781 1407 780 1407 784 1407 780 1408 779 1408 789 1408 774 1409 776 1409 775 1409 779 1410 778 1410 789 1410 774 1411 777 1411 776 1411 778 1412 777 1412 789 1412 789 1413 777 1413 774 1413 307 1414 420 1414 419 1414 307 1415 310 1415 420 1415 308 1416 419 1416 418 1416 308 1417 418 1417 417 1417 308 1418 307 1418 419 1418 305 1419 308 1419 417 1419 302 1420 417 1420 416 1420 302 1421 416 1421 415 1421 302 1422 305 1422 417 1422 299 1423 415 1423 414 1423 299 1424 302 1424 415 1424 300 1425 299 1425 414 1425 297 1426 414 1426 413 1426 297 1427 300 1427 414 1427 294 1428 413 1428 412 1428 294 1429 412 1429 411 1429 294 1430 297 1430 413 1430 289 1431 294 1431 411 1431 285 1432 411 1432 410 1432 285 1433 289 1433 411 1433 281 1434 285 1434 410 1434 281 1435 410 1435 409 1435 281 1436 409 1436 408 1436 273 1437 281 1437 408 1437 274 1438 273 1438 408 1438 274 1439 408 1439 407 1439 270 1440 407 1440 406 1440 270 1441 274 1441 407 1441 261 1442 406 1442 405 1442 261 1443 270 1443 406 1443 262 1444 405 1444 404 1444 262 1445 261 1445 405 1445 263 1446 404 1446 403 1446 263 1447 262 1447 404 1447 265 1448 403 1448 402 1448 265 1449 263 1449 403 1449 268 1450 402 1450 401 1450 268 1451 401 1451 400 1451 268 1452 265 1452 402 1452 276 1453 400 1453 399 1453 276 1454 268 1454 400 1454 279 1455 276 1455 399 1455 283 1456 399 1456 398 1456 283 1457 279 1457 399 1457 287 1458 398 1458 397 1458 287 1459 283 1459 398 1459 291 1460 397 1460 396 1460 291 1461 287 1461 397 1461 292 1462 396 1462 393 1462 292 1463 291 1463 396 1463 312 1464 292 1464 393 1464 826 1465 827 1465 312 1465 828 1466 826 1466 312 1466 829 1467 828 1467 312 1467 830 1468 831 1468 829 1468 830 1469 829 1469 312 1469 832 1470 833 1470 830 1470 834 1471 832 1471 830 1471 835 1472 834 1472 830 1472 836 1473 837 1473 835 1473 838 1474 830 1474 312 1474 838 1475 836 1475 835 1475 838 1476 835 1476 830 1476 839 1477 838 1477 312 1477 839 1478 840 1478 838 1478 839 1479 841 1479 840 1479 842 1480 839 1480 312 1480 843 1481 844 1481 845 1481 846 1482 843 1482 845 1482 847 1483 846 1483 845 1483 847 1484 845 1484 842 1484 848 1485 847 1485 842 1485 849 1486 848 1486 842 1486 850 1487 849 1487 842 1487 850 1488 851 1488 849 1488 852 1489 842 1489 312 1489 852 1490 850 1490 842 1490 853 1491 854 1491 855 1491 856 1492 855 1492 852 1492 856 1493 852 1493 312 1493 856 1494 857 1494 853 1494 856 1495 853 1495 855 1495 395 1496 312 1496 393 1496 858 1497 856 1497 312 1497 858 1498 312 1498 395 1498 859 1499 860 1499 858 1499 861 1500 395 1500 862 1500 861 1501 862 1501 863 1501 861 1502 863 1502 864 1502 865 1503 859 1503 858 1503 865 1504 866 1504 867 1504 865 1505 867 1505 859 1505 868 1506 869 1506 865 1506 870 1507 871 1507 872 1507 870 1508 872 1508 873 1508 874 1509 868 1509 865 1509 875 1510 861 1510 871 1510 875 1511 395 1511 861 1511 875 1512 871 1512 870 1512 876 1513 874 1513 865 1513 877 1514 395 1514 875 1514 878 1515 876 1515 865 1515 879 1516 878 1516 865 1516 880 1517 877 1517 881 1517 882 1518 865 1518 858 1518 882 1519 879 1519 865 1519 883 1520 395 1520 877 1520 883 1521 877 1521 880 1521 884 1522 858 1522 395 1522 884 1523 882 1523 858 1523 885 1524 883 1524 886 1524 887 1525 888 1525 884 1525 889 1526 887 1526 884 1526 889 1527 395 1527 883 1527 889 1528 884 1528 395 1528 889 1529 883 1529 885 1529 311 1530 312 1530 890 1530 890 1531 827 1531 891 1531 312 1532 827 1532 890 1532 891 1533 826 1533 892 1533 827 1534 826 1534 891 1534 892 1535 828 1535 893 1535 826 1536 828 1536 892 1536 893 1537 829 1537 894 1537 828 1538 829 1538 893 1538 894 1539 831 1539 895 1539 829 1540 831 1540 894 1540 895 1541 830 1541 896 1541 831 1542 830 1542 895 1542 896 1543 833 1543 897 1543 830 1544 833 1544 896 1544 833 1545 832 1545 897 1545 897 1546 832 1546 898 1546 832 1547 834 1547 898 1547 898 1548 834 1548 899 1548 899 1549 835 1549 900 1549 834 1550 835 1550 899 1550 900 1551 837 1551 901 1551 835 1552 837 1552 900 1552 901 1553 836 1553 902 1553 837 1554 836 1554 901 1554 902 1555 838 1555 903 1555 836 1556 838 1556 902 1556 903 1557 840 1557 904 1557 838 1558 840 1558 903 1558 904 1559 841 1559 905 1559 840 1560 841 1560 904 1560 905 1561 839 1561 906 1561 841 1562 839 1562 905 1562 906 1563 842 1563 907 1563 839 1564 842 1564 906 1564 907 1565 845 1565 908 1565 842 1566 845 1566 907 1566 908 1567 844 1567 909 1567 845 1568 844 1568 908 1568 909 1569 843 1569 910 1569 844 1570 843 1570 909 1570 910 1571 846 1571 911 1571 843 1572 846 1572 910 1572 911 1573 847 1573 912 1573 846 1574 847 1574 911 1574 912 1575 848 1575 913 1575 847 1576 848 1576 912 1576 913 1577 849 1577 914 1577 848 1578 849 1578 913 1578 914 1579 851 1579 915 1579 849 1580 851 1580 914 1580 915 1581 850 1581 916 1581 851 1582 850 1582 915 1582 850 1583 852 1583 916 1583 916 1584 855 1584 917 1584 917 1585 855 1585 918 1585 852 1586 855 1586 916 1586 855 1587 854 1587 918 1587 918 1588 853 1588 919 1588 919 1589 853 1589 920 1589 854 1590 853 1590 918 1590 920 1591 857 1591 921 1591 853 1592 857 1592 920 1592 857 1593 856 1593 921 1593 892 1594 893 1594 891 1594 890 1595 894 1595 311 1595 891 1596 894 1596 890 1596 893 1597 894 1597 891 1597 894 1598 895 1598 311 1598 897 1599 899 1599 896 1599 898 1600 899 1600 897 1600 896 1601 900 1601 895 1601 899 1602 900 1602 896 1602 901 1603 903 1603 900 1603 902 1604 903 1604 901 1604 900 1605 903 1605 895 1605 904 1606 905 1606 903 1606 905 1607 906 1607 903 1607 906 1608 907 1608 903 1608 908 1609 909 1609 907 1609 903 1610 910 1610 895 1610 907 1611 910 1611 903 1611 909 1612 910 1612 907 1612 910 1613 911 1613 895 1613 911 1614 912 1614 895 1614 912 1615 915 1615 895 1615 913 1616 915 1616 912 1616 914 1617 915 1617 913 1617 915 1618 916 1618 895 1618 918 1619 919 1619 917 1619 917 1620 921 1620 916 1620 916 1621 921 1621 895 1621 919 1622 921 1622 917 1622 920 1623 921 1623 919 1623 895 1624 921 1624 311 1624 311 1625 394 1625 295 1625 295 1626 394 1626 363 1626 921 1627 394 1627 311 1627 921 1628 1470 1628 394 1628 922 1629 923 1629 924 1629 924 1630 923 1630 1470 1630 394 1631 925 1631 926 1631 926 1632 925 1632 927 1632 925 1633 928 1633 929 1633 923 1634 930 1634 1470 1634 931 1635 930 1635 923 1635 925 1636 932 1636 928 1636 1470 1637 933 1637 394 1637 394 1638 933 1638 925 1638 925 1639 933 1639 932 1639 930 1640 933 1640 1470 1640 934 1641 935 1641 936 1641 936 1642 935 1642 937 1642 937 1643 938 1643 930 1643 935 1644 938 1644 937 1644 933 1645 939 1645 940 1645 940 1646 939 1646 941 1646 933 1647 942 1647 939 1647 930 1648 943 1648 933 1648 944 1649 943 1649 938 1649 938 1650 943 1650 930 1650 933 1651 943 1651 942 1651 942 1652 945 1652 946 1652 947 1653 948 1653 943 1653 945 1654 949 1654 950 1654 950 1655 949 1655 951 1655 952 1656 949 1656 948 1656 942 1657 949 1657 945 1657 943 1658 949 1658 942 1658 948 1659 949 1659 943 1659 728 1660 824 1660 729 1660 825 1661 824 1661 728 1661 729 1662 823 1662 727 1662 824 1663 823 1663 729 1663 727 1664 822 1664 726 1664 823 1665 822 1665 727 1665 726 1666 820 1666 724 1666 822 1667 820 1667 726 1667 724 1668 819 1668 725 1668 820 1669 819 1669 724 1669 725 1670 821 1670 723 1670 819 1671 821 1671 725 1671 723 1672 817 1672 720 1672 821 1673 817 1673 723 1673 720 1674 816 1674 721 1674 817 1675 816 1675 720 1675 816 1676 818 1676 721 1676 721 1677 818 1677 722 1677 722 1678 815 1678 719 1678 818 1679 815 1679 722 1679 719 1680 814 1680 715 1680 715 1681 814 1681 716 1681 815 1682 814 1682 719 1682 814 1683 813 1683 716 1683 716 1684 812 1684 717 1684 813 1685 812 1685 716 1685 717 1686 811 1686 718 1686 812 1687 811 1687 717 1687 718 1688 809 1688 713 1688 811 1689 809 1689 718 1689 713 1690 808 1690 714 1690 809 1691 808 1691 713 1691 714 1692 810 1692 711 1692 808 1693 810 1693 714 1693 711 1694 806 1694 712 1694 810 1695 806 1695 711 1695 712 1696 805 1696 708 1696 806 1697 805 1697 712 1697 708 1698 807 1698 709 1698 805 1699 807 1699 708 1699 709 1700 804 1700 710 1700 807 1701 804 1701 709 1701 710 1702 803 1702 706 1702 804 1703 803 1703 710 1703 706 1704 802 1704 707 1704 707 1705 802 1705 705 1705 803 1706 802 1706 706 1706 802 1707 801 1707 705 1707 705 1708 800 1708 704 1708 704 1709 800 1709 703 1709 801 1710 800 1710 705 1710 800 1711 799 1711 703 1711 703 1712 798 1712 702 1712 799 1713 798 1713 703 1713 702 1714 797 1714 698 1714 798 1715 797 1715 702 1715 698 1716 796 1716 699 1716 797 1717 796 1717 698 1717 699 1718 795 1718 700 1718 796 1719 795 1719 699 1719 700 1720 794 1720 701 1720 701 1721 794 1721 365 1721 795 1722 794 1722 700 1722 794 1723 366 1723 365 1723 395 1724 394 1724 926 1724 862 1725 926 1725 927 1725 862 1726 395 1726 926 1726 863 1727 927 1727 925 1727 863 1728 862 1728 927 1728 864 1729 925 1729 929 1729 864 1730 863 1730 925 1730 861 1731 929 1731 928 1731 861 1732 864 1732 929 1732 871 1733 928 1733 932 1733 871 1734 861 1734 928 1734 872 1735 932 1735 933 1735 872 1736 871 1736 932 1736 873 1737 933 1737 940 1737 873 1738 872 1738 933 1738 870 1739 873 1739 940 1739 870 1740 940 1740 941 1740 875 1741 870 1741 941 1741 875 1742 941 1742 939 1742 877 1743 939 1743 942 1743 877 1744 875 1744 939 1744 881 1745 942 1745 946 1745 881 1746 877 1746 942 1746 880 1747 946 1747 945 1747 880 1748 881 1748 946 1748 883 1749 945 1749 950 1749 883 1750 880 1750 945 1750 886 1751 950 1751 951 1751 886 1752 883 1752 950 1752 885 1753 951 1753 949 1753 885 1754 886 1754 951 1754 889 1755 949 1755 952 1755 889 1756 885 1756 949 1756 887 1757 952 1757 948 1757 887 1758 889 1758 952 1758 888 1759 948 1759 947 1759 888 1760 887 1760 948 1760 884 1761 947 1761 943 1761 884 1762 888 1762 947 1762 882 1763 943 1763 944 1763 882 1764 884 1764 943 1764 879 1765 944 1765 938 1765 879 1766 882 1766 944 1766 878 1767 938 1767 935 1767 878 1768 879 1768 938 1768 876 1769 935 1769 934 1769 876 1770 878 1770 935 1770 874 1771 934 1771 936 1771 874 1772 876 1772 934 1772 868 1773 936 1773 937 1773 868 1774 874 1774 936 1774 869 1775 937 1775 930 1775 869 1776 868 1776 937 1776 865 1777 930 1777 931 1777 865 1778 869 1778 930 1778 866 1779 931 1779 923 1779 866 1780 865 1780 931 1780 867 1781 923 1781 922 1781 867 1782 866 1782 923 1782 859 1783 922 1783 924 1783 859 1784 867 1784 922 1784 860 1785 924 1785 1470 1785 860 1786 859 1786 924 1786 858 1787 860 1787 1470 1787 425 1788 585 1788 586 1788 425 1789 424 1789 585 1789 428 1790 586 1790 587 1790 428 1791 587 1791 588 1791 428 1792 425 1792 586 1792 430 1793 428 1793 588 1793 431 1794 588 1794 589 1794 431 1795 589 1795 590 1795 431 1796 430 1796 588 1796 433 1797 590 1797 591 1797 433 1798 431 1798 590 1798 436 1799 433 1799 591 1799 437 1800 591 1800 592 1800 437 1801 436 1801 591 1801 441 1802 592 1802 593 1802 441 1803 593 1803 594 1803 441 1804 437 1804 592 1804 445 1805 441 1805 594 1805 449 1806 594 1806 595 1806 449 1807 445 1807 594 1807 452 1808 449 1808 595 1808 452 1809 595 1809 596 1809 452 1810 596 1810 597 1810 457 1811 452 1811 597 1811 460 1812 457 1812 597 1812 460 1813 597 1813 598 1813 465 1814 598 1814 599 1814 465 1815 460 1815 598 1815 469 1816 599 1816 600 1816 469 1817 465 1817 599 1817 473 1818 600 1818 601 1818 473 1819 469 1819 600 1819 471 1820 601 1820 602 1820 471 1821 473 1821 601 1821 466 1822 602 1822 603 1822 466 1823 471 1823 602 1823 463 1824 603 1824 604 1824 463 1825 604 1825 605 1825 463 1826 466 1826 603 1826 458 1827 605 1827 606 1827 458 1828 463 1828 605 1828 455 1829 458 1829 606 1829 450 1830 606 1830 607 1830 450 1831 455 1831 606 1831 448 1832 607 1832 608 1832 448 1833 450 1833 607 1833 443 1834 608 1834 609 1834 443 1835 448 1835 608 1835 439 1836 609 1836 610 1836 439 1837 443 1837 609 1837 953 1838 954 1838 955 1838 956 1839 954 1839 953 1839 956 1840 957 1840 954 1840 956 1841 953 1841 958 1841 959 1842 960 1842 961 1842 959 1843 961 1843 962 1843 959 1844 962 1844 957 1844 963 1845 956 1845 964 1845 965 1846 966 1846 959 1846 967 1847 956 1847 963 1847 967 1848 957 1848 956 1848 967 1849 963 1849 968 1849 969 1850 965 1850 959 1850 969 1851 970 1851 965 1851 971 1852 957 1852 967 1852 972 1853 969 1853 959 1853 972 1854 973 1854 969 1854 974 1855 971 1855 975 1855 976 1856 971 1856 974 1856 977 1857 978 1857 972 1857 979 1858 977 1858 972 1858 980 1859 971 1859 976 1859 980 1860 976 1860 981 1860 982 1861 959 1861 957 1861 982 1862 957 1862 971 1862 982 1863 972 1863 959 1863 982 1864 971 1864 980 1864 982 1865 980 1865 983 1865 611 1866 972 1866 982 1866 611 1867 979 1867 972 1867 611 1868 984 1868 979 1868 985 1869 611 1869 982 1869 986 1870 985 1870 987 1870 986 1871 987 1871 988 1871 989 1872 985 1872 986 1872 990 1873 989 1873 991 1873 990 1874 991 1874 992 1874 993 1875 990 1875 994 1875 995 1876 989 1876 990 1876 995 1877 990 1877 993 1877 996 1878 995 1878 997 1878 998 1879 995 1879 996 1879 999 1880 998 1880 1000 1880 999 1881 989 1881 995 1881 999 1882 995 1882 998 1882 1001 1883 989 1883 999 1883 1002 1884 1001 1884 1003 1884 1004 1885 1001 1885 1002 1885 1005 1886 989 1886 1001 1886 1005 1887 1001 1887 1004 1887 1005 1888 1004 1888 1006 1888 1005 1889 1006 1889 1007 1889 1008 1890 1005 1890 1009 1890 1010 1891 1011 1891 1012 1891 1010 1892 1012 1892 1013 1892 1014 1893 1010 1893 1015 1893 1014 1894 1015 1894 1016 1894 1017 1895 989 1895 1005 1895 1017 1896 1005 1896 1008 1896 1017 1897 1010 1897 1014 1897 1017 1898 1011 1898 1010 1898 1017 1899 1008 1899 1011 1899 1017 1900 611 1900 985 1900 1017 1901 985 1901 989 1901 1018 1902 1019 1902 1020 1902 1021 1903 1018 1903 1020 1903 1022 1904 1023 1904 1018 1904 1022 1905 1018 1905 1021 1905 1024 1906 1025 1906 1026 1906 1027 1907 1025 1907 1024 1907 1028 1908 1025 1908 1027 1908 1029 1909 1025 1909 1028 1909 1030 1910 1031 1910 1032 1910 1030 1911 1033 1911 1031 1911 1030 1912 1034 1912 1033 1912 1035 1913 1025 1913 1029 1913 1036 1914 1035 1914 1037 1914 1038 1915 1021 1915 1039 1915 1038 1916 1040 1916 1022 1916 1038 1917 1032 1917 1040 1917 1038 1918 1041 1918 1030 1918 1038 1919 1042 1919 1041 1919 1038 1920 1043 1920 1042 1920 1038 1921 1030 1921 1032 1921 1038 1922 1022 1922 1021 1922 1044 1923 1035 1923 1036 1923 1045 1924 1035 1924 1044 1924 1046 1925 1039 1925 1025 1925 1046 1926 1025 1926 1035 1926 1046 1927 1047 1927 1038 1927 1046 1928 1038 1928 1039 1928 1046 1929 1035 1929 1045 1929 1048 1930 1046 1930 1045 1930 1049 1931 1046 1931 1048 1931 1050 1932 1046 1932 1049 1932 1051 1933 1052 1933 1053 1933 1054 1934 1052 1934 1051 1934 1054 1935 1055 1935 1056 1935 1054 1936 1051 1936 1055 1936 1057 1937 1052 1937 1054 1937 1058 1938 1052 1938 1057 1938 1059 1939 1052 1939 1058 1939 1060 1940 1052 1940 1059 1940 1061 1941 1052 1941 1060 1941 1061 1942 1060 1942 1062 1942 1063 1943 1064 1943 1065 1943 1063 1944 1066 1944 1064 1944 1063 1945 1061 1945 1066 1945 1067 1946 1052 1946 1061 1946 1067 1947 1061 1947 1063 1947 1068 1948 1052 1948 1067 1948 1069 1949 1068 1949 1070 1949 1071 1950 1068 1950 1069 1950 1072 1951 1071 1951 1073 1951 1074 1952 1052 1952 1068 1952 1074 1953 1068 1953 1071 1953 1074 1954 1071 1954 1072 1954 1075 1955 1074 1955 1076 1955 1077 1956 1074 1956 1075 1956 1078 1957 1052 1957 1074 1957 1078 1958 1074 1958 1077 1958 1079 1959 1078 1959 1080 1959 1081 1960 1078 1960 1079 1960 1082 1961 1078 1961 1081 1961 422 1962 1049 1962 1052 1962 422 1963 1052 1963 1078 1963 422 1964 1078 1964 1082 1964 422 1965 1050 1965 1049 1965 1083 1966 611 1966 1017 1966 610 1967 1084 1967 1085 1967 610 1968 1086 1968 1084 1968 610 1969 1087 1969 1086 1969 610 1970 1088 1970 1087 1970 610 1971 1089 1971 1088 1971 610 1972 1090 1972 1089 1972 610 1973 1091 1973 1090 1973 610 1974 1092 1974 1091 1974 610 1975 1093 1975 1092 1975 610 1976 1094 1976 1093 1976 610 1977 1095 1977 1094 1977 610 1978 1096 1978 1095 1978 610 1979 1083 1979 1096 1979 610 1980 611 1980 1083 1980 1097 1981 610 1981 1085 1981 1098 1982 610 1982 1097 1982 1099 1983 610 1983 1098 1983 1100 1984 610 1984 1099 1984 1101 1985 610 1985 1100 1985 1102 1986 610 1986 1101 1986 1103 1987 610 1987 1102 1987 1104 1988 610 1988 1103 1988 1105 1989 610 1989 1104 1989 1106 1990 610 1990 1105 1990 1107 1991 610 1991 1106 1991 1108 1992 610 1992 1107 1992 1109 1993 610 1993 1108 1993 1110 1994 610 1994 1109 1994 1111 1995 610 1995 1110 1995 1112 1996 610 1996 1111 1996 1113 1997 610 1997 1112 1997 1114 1998 610 1998 1113 1998 1115 1999 610 1999 1114 1999 1116 2000 1050 2000 422 2000 439 2001 1116 2001 422 2001 439 2002 1117 2002 1116 2002 439 2003 1118 2003 1117 2003 439 2004 1119 2004 1118 2004 439 2005 1120 2005 1119 2005 439 2006 1121 2006 1120 2006 439 2007 1122 2007 1121 2007 439 2008 1123 2008 1122 2008 439 2009 1124 2009 1123 2009 439 2010 1125 2010 1124 2010 439 2011 1126 2011 1125 2011 439 2012 1127 2012 1126 2012 439 2013 1128 2013 1127 2013 439 2014 1129 2014 1128 2014 439 2015 1130 2015 1129 2015 439 2016 1131 2016 1130 2016 439 2017 1132 2017 1131 2017 439 2018 1133 2018 1132 2018 439 2019 1134 2019 1133 2019 439 2020 1135 2020 1134 2020 439 2021 1136 2021 1135 2021 439 2022 1137 2022 1136 2022 439 2023 1138 2023 1137 2023 439 2024 1139 2024 1138 2024 439 2025 1140 2025 1139 2025 439 2026 1141 2026 1140 2026 439 2027 1142 2027 1141 2027 439 2028 1143 2028 1142 2028 439 2029 1144 2029 1143 2029 439 2030 1145 2030 1144 2030 439 2031 1146 2031 1145 2031 439 2032 1147 2032 1146 2032 439 2033 1148 2033 1147 2033 439 2034 610 2034 1115 2034 439 2035 1115 2035 1148 2035 423 2036 422 2036 1149 2036 1149 2037 1082 2037 1150 2037 422 2038 1082 2038 1149 2038 1150 2039 1081 2039 1151 2039 1082 2040 1081 2040 1150 2040 1151 2041 1079 2041 1152 2041 1081 2042 1079 2042 1151 2042 1152 2043 1080 2043 1153 2043 1079 2044 1080 2044 1152 2044 1153 2045 1078 2045 1154 2045 1080 2046 1078 2046 1153 2046 1154 2047 1077 2047 1155 2047 1078 2048 1077 2048 1154 2048 1155 2049 1075 2049 1156 2049 1077 2050 1075 2050 1155 2050 1075 2051 1076 2051 1156 2051 1156 2052 1076 2052 1157 2052 1076 2053 1074 2053 1157 2053 1157 2054 1074 2054 1158 2054 1158 2055 1072 2055 1159 2055 1074 2056 1072 2056 1158 2056 1159 2057 1073 2057 1160 2057 1072 2058 1073 2058 1159 2058 1160 2059 1071 2059 1161 2059 1073 2060 1071 2060 1160 2060 1161 2061 1069 2061 1162 2061 1071 2062 1069 2062 1161 2062 1162 2063 1070 2063 1163 2063 1069 2064 1070 2064 1162 2064 1163 2065 1068 2065 1164 2065 1070 2066 1068 2066 1163 2066 1164 2067 1067 2067 1165 2067 1068 2068 1067 2068 1164 2068 1165 2069 1063 2069 1166 2069 1067 2070 1063 2070 1165 2070 1166 2071 1065 2071 1167 2071 1063 2072 1065 2072 1166 2072 1167 2073 1064 2073 1168 2073 1065 2074 1064 2074 1167 2074 1168 2075 1066 2075 1169 2075 1064 2076 1066 2076 1168 2076 1169 2077 1061 2077 1170 2077 1066 2078 1061 2078 1169 2078 1170 2079 1062 2079 1171 2079 1061 2080 1062 2080 1170 2080 1171 2081 1060 2081 1172 2081 1062 2082 1060 2082 1171 2082 1172 2083 1059 2083 1173 2083 1060 2084 1059 2084 1172 2084 1173 2085 1058 2085 1174 2085 1059 2086 1058 2086 1173 2086 1174 2087 1057 2087 1175 2087 1058 2088 1057 2088 1174 2088 1175 2089 1054 2089 1176 2089 1057 2090 1054 2090 1175 2090 1176 2091 1056 2091 1177 2091 1054 2092 1056 2092 1176 2092 1177 2093 1055 2093 1178 2093 1056 2094 1055 2094 1177 2094 1178 2095 1051 2095 1179 2095 1055 2096 1051 2096 1178 2096 1179 2097 1053 2097 1180 2097 1051 2098 1053 2098 1179 2098 1053 2099 1052 2099 1180 2099 1181 2100 1182 2100 1183 2100 1183 2101 1182 2101 1184 2101 1182 2102 1185 2102 1184 2102 1184 2103 1185 2103 1186 2103 1187 2104 1188 2104 1189 2104 1185 2105 1190 2105 1186 2105 1191 2106 1190 2106 1192 2106 1192 2107 1190 2107 1185 2107 1186 2108 1190 2108 1193 2108 1188 2109 1194 2109 1195 2109 1187 2110 1196 2110 1188 2110 1188 2111 1196 2111 1194 2111 1197 2112 1196 2112 1187 2112 1198 2113 1199 2113 1190 2113 1196 2114 1200 2114 1201 2114 1196 2115 1202 2115 1200 2115 1203 2116 1204 2116 1205 2116 1205 2117 1204 2117 1199 2117 1204 2118 1206 2118 1199 2118 1207 2119 1206 2119 1204 2119 1196 2120 1208 2120 1202 2120 1190 2121 1208 2121 1193 2121 1197 2122 1208 2122 1196 2122 1193 2123 1208 2123 1197 2123 1202 2124 1208 2124 1209 2124 1209 2125 1208 2125 1210 2125 1199 2126 612 2126 1190 2126 1190 2127 612 2127 1208 2127 1206 2128 612 2128 1199 2128 1211 2129 612 2129 1206 2129 1208 2130 612 2130 1212 2130 612 2131 1213 2131 1212 2131 1213 2132 1214 2132 1215 2132 1215 2133 1214 2133 1216 2133 1217 2134 1218 2134 1219 2134 1214 2135 1220 2135 1217 2135 1217 2136 1220 2136 1218 2136 1214 2137 1221 2137 1220 2137 1221 2138 1222 2138 1223 2138 1214 2139 1222 2139 1221 2139 1213 2140 1224 2140 1214 2140 1214 2141 1224 2141 1222 2141 1224 2142 1225 2142 1226 2142 1226 2143 1225 2143 1227 2143 1213 2144 1225 2144 1224 2144 1225 2145 1228 2145 1229 2145 1213 2146 1228 2146 1225 2146 1213 2147 1230 2147 1228 2147 1230 2148 1231 2148 1232 2148 1231 2149 1233 2149 1234 2149 1234 2150 1233 2150 1235 2150 1233 2151 1236 2151 1237 2151 1237 2152 1236 2152 1238 2152 1233 2153 1239 2153 1236 2153 1239 2154 1240 2154 1241 2154 1230 2155 1242 2155 1231 2155 1231 2156 1242 2156 1233 2156 1233 2157 1242 2157 1239 2157 1239 2158 1242 2158 1240 2158 1240 2159 1242 2159 1243 2159 1243 2160 1242 2160 1244 2160 1244 2161 1242 2161 1245 2161 612 2162 1242 2162 1213 2162 1213 2163 1242 2163 1230 2163 1246 2164 1247 2164 1248 2164 1249 2165 1247 2165 1246 2165 1250 2166 1251 2166 1252 2166 1253 2167 1254 2167 1250 2167 1250 2168 1254 2168 1251 2168 1248 2169 1254 2169 1253 2169 1255 2170 1254 2170 1247 2170 1247 2171 1254 2171 1248 2171 1255 2172 1256 2172 1254 2172 1256 2173 1257 2173 1258 2173 1259 2174 1257 2174 1255 2174 1260 2175 1257 2175 1259 2175 1255 2176 1257 2176 1256 2176 1261 2177 1262 2177 1260 2177 1263 2178 1262 2178 1261 2178 1264 2179 1262 2179 1263 2179 1265 2180 1262 2180 1264 2180 1257 2181 1266 2181 1267 2181 1257 2182 1268 2182 1266 2182 1269 2183 1270 2183 1271 2183 1272 2184 1273 2184 1262 2184 1271 2185 1273 2185 1272 2185 1262 2186 1273 2186 1260 2186 1270 2187 1273 2187 1271 2187 1274 2188 1275 2188 1276 2188 1268 2189 1275 2189 1274 2189 1260 2190 1275 2190 1257 2190 1257 2191 1275 2191 1268 2191 1273 2192 1275 2192 1260 2192 1276 2193 1277 2193 1278 2193 1275 2194 1277 2194 1276 2194 1179 2195 1177 2195 1178 2195 1180 2196 1177 2196 1179 2196 1180 2197 1176 2197 1177 2197 1180 2198 1175 2198 1176 2198 1180 2199 1174 2199 1175 2199 1180 2200 1173 2200 1174 2200 1180 2201 1172 2201 1173 2201 1180 2202 1170 2202 1172 2202 1172 2203 1170 2203 1171 2203 1180 2204 1168 2204 1170 2204 1170 2205 1168 2205 1169 2205 1168 2206 1166 2206 1167 2206 1168 2207 1165 2207 1166 2207 1165 2208 1163 2208 1164 2208 1165 2209 1162 2209 1163 2209 1165 2210 1161 2210 1162 2210 1168 2211 1160 2211 1165 2211 1165 2212 1160 2212 1161 2212 1168 2213 1159 2213 1160 2213 1159 2214 1157 2214 1158 2214 1168 2215 1156 2215 1159 2215 1159 2216 1156 2216 1157 2216 1156 2217 1154 2217 1155 2217 1168 2218 1154 2218 1156 2218 1154 2219 1152 2219 1153 2219 1152 2220 1150 2220 1151 2220 1154 2221 1150 2221 1152 2221 1180 2222 423 2222 1168 2222 1277 2223 423 2223 1180 2223 1150 2224 423 2224 1149 2224 1168 2225 423 2225 1154 2225 1154 2226 423 2226 1150 2226 1275 2227 423 2227 1277 2227 612 2228 1279 2228 1242 2228 1280 2229 530 2229 1281 2229 1282 2230 530 2230 1280 2230 1283 2231 530 2231 1282 2231 1284 2232 530 2232 1283 2232 1285 2233 530 2233 1284 2233 1286 2234 530 2234 1285 2234 1287 2235 530 2235 1286 2235 1288 2236 530 2236 1287 2236 1289 2237 530 2237 1288 2237 1290 2238 530 2238 1289 2238 1291 2239 530 2239 1290 2239 1292 2240 530 2240 1291 2240 1279 2241 530 2241 1292 2241 612 2242 530 2242 1279 2242 530 2243 1293 2243 1281 2243 530 2244 1294 2244 1293 2244 530 2245 1295 2245 1294 2245 530 2246 1296 2246 1295 2246 530 2247 1297 2247 1296 2247 530 2248 1298 2248 1297 2248 530 2249 1299 2249 1298 2249 530 2250 1300 2250 1299 2250 530 2251 1301 2251 1300 2251 530 2252 1302 2252 1301 2252 530 2253 1303 2253 1302 2253 530 2254 1304 2254 1303 2254 530 2255 1305 2255 1304 2255 530 2256 1306 2256 1305 2256 530 2257 1307 2257 1306 2257 530 2258 1308 2258 1307 2258 530 2259 1309 2259 1308 2259 530 2260 1310 2260 1309 2260 530 2261 1311 2261 1310 2261 1275 2262 1312 2262 423 2262 1312 2263 421 2263 423 2263 1313 2264 421 2264 1312 2264 1314 2265 421 2265 1313 2265 1315 2266 421 2266 1314 2266 1316 2267 421 2267 1315 2267 1317 2268 421 2268 1316 2268 1318 2269 421 2269 1317 2269 1319 2270 421 2270 1318 2270 1320 2271 421 2271 1319 2271 1321 2272 421 2272 1320 2272 1322 2273 421 2273 1321 2273 1323 2274 421 2274 1322 2274 1324 2275 421 2275 1323 2275 1325 2276 421 2276 1324 2276 1326 2277 421 2277 1325 2277 1327 2278 421 2278 1326 2278 1328 2279 421 2279 1327 2279 1329 2280 421 2280 1328 2280 1330 2281 421 2281 1329 2281 1331 2282 421 2282 1330 2282 1332 2283 421 2283 1331 2283 1333 2284 421 2284 1332 2284 1334 2285 421 2285 1333 2285 1335 2286 421 2286 1334 2286 1336 2287 421 2287 1335 2287 1337 2288 421 2288 1336 2288 1338 2289 421 2289 1337 2289 1339 2290 421 2290 1338 2290 1340 2291 421 2291 1339 2291 1341 2292 421 2292 1340 2292 1342 2293 421 2293 1341 2293 1343 2294 421 2294 1342 2294 1344 2295 421 2295 1343 2295 530 2296 421 2296 1311 2296 1311 2297 421 2297 1344 2297 1345 2298 1346 2298 1347 2298 1348 2299 1349 2299 583 2299 1347 2300 1349 2300 1348 2300 1346 2301 1349 2301 1347 2301 1349 2302 1350 2302 583 2302 1350 2303 1351 2303 583 2303 1351 2304 1352 2304 583 2304 1352 2305 1353 2305 583 2305 1354 2306 1355 2306 1353 2306 1353 2307 1355 2307 583 2307 1356 2308 1357 2308 1355 2308 1355 2309 1357 2309 583 2309 1357 2310 1358 2310 583 2310 1358 2311 1359 2311 583 2311 1359 2312 1360 2312 583 2312 1361 2313 1360 2313 1359 2313 1362 2314 1363 2314 1360 2314 1364 2315 1363 2315 1362 2315 1360 2316 1365 2316 583 2316 1363 2317 1365 2317 1360 2317 1365 2318 1366 2318 583 2318 1366 2319 1367 2319 583 2319 1367 2320 1368 2320 583 2320 1368 2321 1369 2321 583 2321 1369 2322 1370 2322 583 2322 1371 2323 1370 2323 1369 2323 1370 2324 1372 2324 583 2324 1372 2325 1373 2325 583 2325 1373 2326 1374 2326 583 2326 1375 2327 1472 2327 1374 2327 1374 2328 1472 2328 583 2328 583 2329 670 2329 567 2329 567 2330 670 2330 669 2330 1472 2331 1471 2331 583 2331 583 2332 1471 2332 670 2332 1376 2333 1377 2333 1378 2333 1376 2334 1379 2334 1377 2334 1379 2335 1380 2335 1381 2335 1382 2336 1383 2336 1384 2336 1384 2337 1383 2337 1385 2337 670 2338 1386 2338 1376 2338 1379 2339 1386 2339 1380 2339 1376 2340 1386 2340 1379 2340 1383 2341 1387 2341 1385 2341 1385 2342 1387 2342 1388 2342 670 2343 1389 2343 1386 2343 1388 2344 1390 2344 1391 2344 1387 2345 1390 2345 1388 2345 670 2346 1392 2346 1389 2346 1390 2347 1393 2347 1391 2347 1391 2348 1393 2348 1471 2348 1392 2349 1394 2349 1395 2349 1396 2350 1397 2350 1393 2350 1392 2351 1398 2351 1394 2351 1397 2352 1399 2352 1393 2352 670 2353 1400 2353 1392 2353 1392 2354 1400 2354 1398 2354 1401 2355 1402 2355 1399 2355 1399 2356 1402 2356 1393 2356 1471 2357 1403 2357 670 2357 1400 2358 1403 2358 1404 2358 1393 2359 1403 2359 1471 2359 670 2360 1403 2360 1400 2360 1402 2361 1403 2361 1393 2361 1403 2362 1405 2362 1404 2362 1404 2363 1405 2363 1406 2363 583 2364 584 2364 1348 2364 1348 2365 1407 2365 1347 2365 584 2366 1407 2366 1348 2366 1347 2367 1408 2367 1345 2367 1407 2368 1408 2368 1347 2368 1345 2369 1409 2369 1346 2369 1408 2370 1409 2370 1345 2370 1346 2371 1410 2371 1349 2371 1409 2372 1410 2372 1346 2372 1349 2373 1411 2373 1350 2373 1410 2374 1411 2374 1349 2374 1350 2375 1412 2375 1351 2375 1411 2376 1412 2376 1350 2376 1351 2377 1413 2377 1352 2377 1412 2378 1413 2378 1351 2378 1413 2379 1414 2379 1352 2379 1352 2380 1414 2380 1353 2380 1414 2381 1415 2381 1353 2381 1353 2382 1415 2382 1354 2382 1354 2383 1416 2383 1355 2383 1415 2384 1416 2384 1354 2384 1355 2385 1417 2385 1356 2385 1416 2386 1417 2386 1355 2386 1356 2387 1418 2387 1357 2387 1417 2388 1418 2388 1356 2388 1357 2389 1419 2389 1358 2389 1418 2390 1419 2390 1357 2390 1358 2391 1420 2391 1359 2391 1419 2392 1420 2392 1358 2392 1359 2393 1421 2393 1361 2393 1420 2394 1421 2394 1359 2394 1361 2395 1422 2395 1360 2395 1421 2396 1422 2396 1361 2396 1360 2397 1423 2397 1362 2397 1422 2398 1423 2398 1360 2398 1362 2399 1424 2399 1364 2399 1423 2400 1424 2400 1362 2400 1364 2401 1425 2401 1363 2401 1424 2402 1425 2402 1364 2402 1363 2403 1426 2403 1365 2403 1425 2404 1426 2404 1363 2404 1365 2405 1427 2405 1366 2405 1426 2406 1427 2406 1365 2406 1366 2407 1428 2407 1367 2407 1427 2408 1428 2408 1366 2408 1367 2409 1429 2409 1368 2409 1428 2410 1429 2410 1367 2410 1368 2411 1430 2411 1369 2411 1429 2412 1430 2412 1368 2412 1369 2413 1431 2413 1371 2413 1430 2414 1431 2414 1369 2414 1371 2415 1432 2415 1370 2415 1431 2416 1432 2416 1371 2416 1370 2417 1433 2417 1372 2417 1432 2418 1433 2418 1370 2418 1372 2419 1434 2419 1373 2419 1433 2420 1434 2420 1372 2420 1373 2421 1435 2421 1374 2421 1434 2422 1435 2422 1373 2422 1374 2423 1436 2423 1375 2423 1435 2424 1436 2424 1374 2424 1375 2425 1437 2425 1472 2425 1436 2426 1437 2426 1375 2426 1437 2427 1438 2427 1472 2427 1410 2428 1407 2428 584 2428 1410 2429 1408 2429 1407 2429 1410 2430 1409 2430 1408 2430 1413 2431 1411 2431 1410 2431 1413 2432 1412 2432 1411 2432 1413 2433 1410 2433 584 2433 1416 2434 1415 2434 1414 2434 1417 2435 1414 2435 1413 2435 1417 2436 1416 2436 1414 2436 1419 2437 1418 2437 1417 2437 1421 2438 1420 2438 1419 2438 1421 2439 1419 2439 1417 2439 1421 2440 1417 2440 1413 2440 1424 2441 1421 2441 1413 2441 1424 2442 1422 2442 1421 2442 1424 2443 1423 2443 1422 2443 1425 2444 1424 2444 1413 2444 1425 2445 1413 2445 584 2445 1428 2446 1425 2446 584 2446 1428 2447 1426 2447 1425 2447 1428 2448 1427 2448 1426 2448 1432 2449 1429 2449 1428 2449 1432 2450 1430 2450 1429 2450 1432 2451 1431 2451 1430 2451 1433 2452 1428 2452 584 2452 1433 2453 1432 2453 1428 2453 1435 2454 1434 2454 1433 2454 1436 2455 1433 2455 584 2455 1436 2456 1435 2456 1433 2456 1438 2457 1437 2457 1436 2457 1438 2458 1436 2458 584 2458 671 2459 584 2459 568 2459 671 2460 568 2460 672 2460 1473 2461 1438 2461 584 2461 1473 2462 584 2462 671 2462 1439 2463 1440 2463 1441 2463 1442 2464 1443 2464 1444 2464 1442 2465 1444 2465 1445 2465 1442 2466 1445 2466 1446 2466 1447 2467 1448 2467 1440 2467 1447 2468 1440 2468 1439 2468 1449 2469 1450 2469 1451 2469 1452 2470 1453 2470 1454 2470 1452 2471 1442 2471 1446 2471 1452 2472 1454 2472 1442 2472 1455 2473 671 2473 1448 2473 1455 2474 1447 2474 1450 2474 1455 2475 1448 2475 1447 2475 1455 2476 1450 2476 1449 2476 1456 2477 1452 2477 1446 2477 1457 2478 1455 2478 1458 2478 1459 2479 1460 2479 1456 2479 1461 2480 1473 2480 671 2480 1461 2481 1446 2481 1473 2481 1461 2482 1456 2482 1446 2482 1461 2483 671 2483 1455 2483 1461 2484 1459 2484 1456 2484 1462 2485 1457 2485 1463 2485 1464 2486 1462 2486 1465 2486 1464 2487 1455 2487 1457 2487 1464 2488 1457 2488 1462 2488 1466 2489 1467 2489 1468 2489 1466 2490 1468 2490 1461 2490 1469 2491 1455 2491 1464 2491 1469 2492 1466 2492 1461 2492 1469 2493 1461 2493 1455 2493 579 2494 697 2494 696 2494 579 2495 582 2495 697 2495 580 2496 696 2496 695 2496 580 2497 695 2497 694 2497 580 2498 579 2498 696 2498 577 2499 580 2499 694 2499 575 2500 694 2500 693 2500 575 2501 693 2501 692 2501 575 2502 577 2502 694 2502 573 2503 692 2503 691 2503 573 2504 575 2504 692 2504 571 2505 573 2505 691 2505 565 2506 691 2506 690 2506 565 2507 571 2507 691 2507 566 2508 690 2508 689 2508 566 2509 689 2509 688 2509 566 2510 565 2510 690 2510 561 2511 566 2511 688 2511 554 2512 688 2512 687 2512 554 2513 561 2513 688 2513 555 2514 554 2514 687 2514 555 2515 687 2515 686 2515 555 2516 686 2516 685 2516 549 2517 555 2517 685 2517 545 2518 549 2518 685 2518 545 2519 685 2519 684 2519 541 2520 684 2520 683 2520 541 2521 545 2521 684 2521 537 2522 683 2522 682 2522 537 2523 541 2523 683 2523 534 2524 682 2524 681 2524 534 2525 537 2525 682 2525 535 2526 681 2526 680 2526 535 2527 534 2527 681 2527 539 2528 680 2528 679 2528 539 2529 535 2529 680 2529 543 2530 679 2530 678 2530 543 2531 678 2531 677 2531 543 2532 539 2532 679 2532 547 2533 677 2533 676 2533 547 2534 543 2534 677 2534 551 2535 547 2535 676 2535 552 2536 676 2536 675 2536 552 2537 551 2537 676 2537 557 2538 675 2538 674 2538 557 2539 552 2539 675 2539 563 2540 674 2540 673 2540 563 2541 557 2541 674 2541 568 2542 673 2542 672 2542 568 2543 563 2543 673 2543 984 2544 612 2544 1211 2544 984 2545 611 2545 612 2545 979 2546 1211 2546 1206 2546 979 2547 984 2547 1211 2547 977 2548 1206 2548 1207 2548 977 2549 1207 2549 1204 2549 977 2550 979 2550 1206 2550 978 2551 977 2551 1204 2551 972 2552 1204 2552 1203 2552 972 2553 978 2553 1204 2553 973 2554 1203 2554 1205 2554 973 2555 1205 2555 1199 2555 973 2556 972 2556 1203 2556 969 2557 973 2557 1199 2557 970 2558 969 2558 1199 2558 970 2559 1199 2559 1198 2559 970 2560 1198 2560 1190 2560 965 2561 970 2561 1190 2561 966 2562 1190 2562 1191 2562 966 2563 965 2563 1190 2563 959 2564 1191 2564 1192 2564 959 2565 966 2565 1191 2565 960 2566 1192 2566 1185 2566 960 2567 959 2567 1192 2567 961 2568 1185 2568 1182 2568 961 2569 1182 2569 1181 2569 961 2570 960 2570 1185 2570 962 2571 961 2571 1181 2571 957 2572 1181 2572 1183 2572 957 2573 962 2573 1181 2573 954 2574 1183 2574 1184 2574 954 2575 957 2575 1183 2575 955 2576 1184 2576 1186 2576 955 2577 954 2577 1184 2577 953 2578 1186 2578 1193 2578 953 2579 955 2579 1186 2579 958 2580 1193 2580 1197 2580 958 2581 953 2581 1193 2581 956 2582 1197 2582 1187 2582 956 2583 958 2583 1197 2583 964 2584 1187 2584 1189 2584 964 2585 956 2585 1187 2585 963 2586 1189 2586 1188 2586 963 2587 964 2587 1189 2587 968 2588 1188 2588 1195 2588 968 2589 1195 2589 1194 2589 968 2590 963 2590 1188 2590 967 2591 968 2591 1194 2591 971 2592 1194 2592 1196 2592 971 2593 967 2593 1194 2593 975 2594 1196 2594 1201 2594 975 2595 971 2595 1196 2595 974 2596 1201 2596 1200 2596 974 2597 1200 2597 1202 2597 974 2598 975 2598 1201 2598 976 2599 974 2599 1202 2599 976 2600 1202 2600 1209 2600 981 2601 976 2601 1209 2601 980 2602 1209 2602 1210 2602 980 2603 1210 2603 1208 2603 980 2604 981 2604 1209 2604 983 2605 1208 2605 1212 2605 983 2606 980 2606 1208 2606 982 2607 983 2607 1212 2607 1448 2608 670 2608 1376 2608 1448 2609 1376 2609 1378 2609 1448 2610 671 2610 670 2610 1440 2611 1448 2611 1378 2611 1441 2612 1378 2612 1377 2612 1441 2613 1440 2613 1378 2613 1439 2614 1377 2614 1379 2614 1439 2615 1441 2615 1377 2615 1447 2616 1379 2616 1381 2616 1447 2617 1439 2617 1379 2617 1450 2618 1381 2618 1380 2618 1450 2619 1447 2619 1381 2619 1451 2620 1380 2620 1386 2620 1451 2621 1450 2621 1380 2621 1449 2622 1386 2622 1389 2622 1449 2623 1451 2623 1386 2623 1455 2624 1449 2624 1389 2624 1455 2625 1389 2625 1392 2625 1458 2626 1392 2626 1395 2626 1458 2627 1455 2627 1392 2627 1457 2628 1395 2628 1394 2628 1457 2629 1458 2629 1395 2629 1463 2630 1394 2630 1398 2630 1463 2631 1457 2631 1394 2631 1462 2632 1398 2632 1400 2632 1462 2633 1463 2633 1398 2633 1465 2634 1400 2634 1404 2634 1465 2635 1462 2635 1400 2635 1464 2636 1404 2636 1406 2636 1464 2637 1465 2637 1404 2637 1469 2638 1406 2638 1405 2638 1469 2639 1464 2639 1406 2639 1466 2640 1405 2640 1403 2640 1466 2641 1469 2641 1405 2641 1467 2642 1403 2642 1402 2642 1467 2643 1466 2643 1403 2643 1468 2644 1402 2644 1401 2644 1468 2645 1467 2645 1402 2645 1461 2646 1401 2646 1399 2646 1461 2647 1468 2647 1401 2647 1459 2648 1399 2648 1397 2648 1459 2649 1461 2649 1399 2649 1460 2650 1397 2650 1396 2650 1460 2651 1459 2651 1397 2651 1456 2652 1396 2652 1393 2652 1456 2653 1460 2653 1396 2653 1452 2654 1393 2654 1390 2654 1452 2655 1456 2655 1393 2655 1453 2656 1390 2656 1387 2656 1453 2657 1452 2657 1390 2657 1454 2658 1387 2658 1383 2658 1454 2659 1453 2659 1387 2659 1442 2660 1383 2660 1382 2660 1442 2661 1454 2661 1383 2661 1443 2662 1382 2662 1384 2662 1443 2663 1442 2663 1382 2663 1444 2664 1384 2664 1385 2664 1444 2665 1443 2665 1384 2665 1445 2666 1385 2666 1388 2666 1445 2667 1444 2667 1385 2667 1446 2668 1388 2668 1391 2668 1446 2669 1445 2669 1388 2669 1473 2670 1391 2670 1471 2670 1473 2671 1446 2671 1391 2671 728 2672 730 2672 793 2672 728 2673 793 2673 825 2673 1470 2674 921 2674 858 2674 858 2675 921 2675 856 2675 1212 2676 1213 2676 982 2676 982 2677 1213 2677 985 2677 987 2678 1213 2678 1215 2678 987 2679 985 2679 1213 2679 988 2680 1215 2680 1216 2680 988 2681 987 2681 1215 2681 986 2682 1216 2682 1214 2682 986 2683 988 2683 1216 2683 989 2684 1214 2684 1217 2684 989 2685 986 2685 1214 2685 991 2686 1217 2686 1219 2686 991 2687 989 2687 1217 2687 992 2688 1219 2688 1218 2688 992 2689 991 2689 1219 2689 990 2690 1218 2690 1220 2690 990 2691 992 2691 1218 2691 994 2692 1220 2692 1221 2692 994 2693 990 2693 1220 2693 993 2694 994 2694 1221 2694 993 2695 1221 2695 1223 2695 995 2696 1223 2696 1222 2696 995 2697 993 2697 1223 2697 997 2698 1222 2698 1224 2698 997 2699 995 2699 1222 2699 996 2700 1224 2700 1226 2700 996 2701 997 2701 1224 2701 998 2702 1226 2702 1227 2702 998 2703 996 2703 1226 2703 1000 2704 1227 2704 1225 2704 1000 2705 998 2705 1227 2705 999 2706 1225 2706 1229 2706 999 2707 1000 2707 1225 2707 1001 2708 1229 2708 1228 2708 1001 2709 999 2709 1229 2709 1003 2710 1228 2710 1230 2710 1003 2711 1001 2711 1228 2711 1002 2712 1230 2712 1232 2712 1002 2713 1003 2713 1230 2713 1004 2714 1232 2714 1231 2714 1004 2715 1002 2715 1232 2715 1006 2716 1231 2716 1234 2716 1006 2717 1004 2717 1231 2717 1007 2718 1234 2718 1235 2718 1007 2719 1006 2719 1234 2719 1005 2720 1235 2720 1233 2720 1005 2721 1007 2721 1235 2721 1009 2722 1233 2722 1237 2722 1009 2723 1005 2723 1233 2723 1008 2724 1237 2724 1238 2724 1008 2725 1009 2725 1237 2725 1011 2726 1238 2726 1236 2726 1011 2727 1008 2727 1238 2727 1012 2728 1236 2728 1239 2728 1012 2729 1011 2729 1236 2729 1013 2730 1239 2730 1241 2730 1013 2731 1012 2731 1239 2731 1010 2732 1241 2732 1240 2732 1010 2733 1013 2733 1241 2733 1015 2734 1240 2734 1243 2734 1015 2735 1010 2735 1240 2735 1016 2736 1243 2736 1244 2736 1016 2737 1015 2737 1243 2737 1014 2738 1244 2738 1245 2738 1014 2739 1016 2739 1244 2739 1017 2740 1245 2740 1242 2740 1017 2741 1014 2741 1245 2741 1083 2742 1017 2742 1279 2742 1279 2743 1017 2743 1242 2743 1115 2744 1114 2744 1311 2744 1311 2745 1114 2745 1310 2745 1310 2746 1113 2746 1309 2746 1309 2747 1113 2747 1308 2747 1114 2748 1113 2748 1310 2748 1113 2749 1112 2749 1308 2749 1308 2750 1111 2750 1307 2750 1112 2751 1111 2751 1308 2751 1307 2752 1110 2752 1306 2752 1306 2753 1110 2753 1305 2753 1111 2754 1110 2754 1307 2754 1110 2755 1109 2755 1305 2755 1305 2756 1108 2756 1304 2756 1109 2757 1108 2757 1305 2757 1304 2758 1107 2758 1303 2758 1303 2759 1107 2759 1302 2759 1108 2760 1107 2760 1304 2760 1107 2761 1106 2761 1302 2761 1302 2762 1105 2762 1301 2762 1106 2763 1105 2763 1302 2763 1301 2764 1104 2764 1300 2764 1105 2765 1104 2765 1301 2765 1300 2766 1103 2766 1299 2766 1104 2767 1103 2767 1300 2767 1299 2768 1102 2768 1298 2768 1298 2769 1102 2769 1297 2769 1103 2770 1102 2770 1299 2770 1102 2771 1101 2771 1297 2771 1297 2772 1100 2772 1296 2772 1101 2773 1100 2773 1297 2773 1296 2774 1099 2774 1295 2774 1100 2775 1099 2775 1296 2775 1295 2776 1098 2776 1294 2776 1099 2777 1098 2777 1295 2777 1294 2778 1097 2778 1293 2778 1098 2779 1097 2779 1294 2779 1293 2780 1085 2780 1281 2780 1281 2781 1085 2781 1280 2781 1097 2782 1085 2782 1293 2782 1085 2783 1084 2783 1280 2783 1280 2784 1086 2784 1282 2784 1084 2785 1086 2785 1280 2785 1282 2786 1087 2786 1283 2786 1086 2787 1087 2787 1282 2787 1283 2788 1088 2788 1284 2788 1087 2789 1088 2789 1283 2789 1284 2790 1089 2790 1285 2790 1088 2791 1089 2791 1284 2791 1285 2792 1090 2792 1286 2792 1089 2793 1090 2793 1285 2793 1286 2794 1091 2794 1287 2794 1090 2795 1091 2795 1286 2795 1287 2796 1092 2796 1288 2796 1091 2797 1092 2797 1287 2797 1288 2798 1093 2798 1289 2798 1092 2799 1093 2799 1288 2799 1289 2800 1094 2800 1290 2800 1290 2801 1094 2801 1291 2801 1093 2802 1094 2802 1289 2802 1094 2803 1095 2803 1291 2803 1291 2804 1096 2804 1292 2804 1292 2805 1096 2805 1279 2805 1095 2806 1096 2806 1291 2806 1096 2807 1083 2807 1279 2807 1148 2808 1311 2808 1344 2808 1148 2809 1115 2809 1311 2809 1116 2810 1117 2810 1312 2810 1312 2811 1117 2811 1313 2811 1313 2812 1118 2812 1314 2812 1117 2813 1118 2813 1313 2813 1314 2814 1119 2814 1315 2814 1118 2815 1119 2815 1314 2815 1315 2816 1120 2816 1316 2816 1119 2817 1120 2817 1315 2817 1316 2818 1121 2818 1317 2818 1120 2819 1121 2819 1316 2819 1317 2820 1122 2820 1318 2820 1121 2821 1122 2821 1317 2821 1318 2822 1123 2822 1319 2822 1319 2823 1123 2823 1320 2823 1122 2824 1123 2824 1318 2824 1123 2825 1124 2825 1320 2825 1320 2826 1124 2826 1321 2826 1124 2827 1125 2827 1321 2827 1321 2828 1126 2828 1322 2828 1125 2829 1126 2829 1321 2829 1322 2830 1126 2830 1323 2830 1126 2831 1127 2831 1323 2831 1127 2832 1128 2832 1323 2832 1323 2833 1128 2833 1324 2833 1324 2834 1129 2834 1325 2834 1128 2835 1129 2835 1324 2835 1325 2836 1130 2836 1326 2836 1326 2837 1130 2837 1327 2837 1129 2838 1130 2838 1325 2838 1130 2839 1131 2839 1327 2839 1327 2840 1132 2840 1328 2840 1131 2841 1132 2841 1327 2841 1328 2842 1133 2842 1329 2842 1329 2843 1133 2843 1330 2843 1132 2844 1133 2844 1328 2844 1330 2845 1134 2845 1331 2845 1133 2846 1134 2846 1330 2846 1134 2847 1135 2847 1331 2847 1331 2848 1136 2848 1332 2848 1135 2849 1136 2849 1331 2849 1332 2850 1137 2850 1333 2850 1136 2851 1137 2851 1332 2851 1333 2852 1138 2852 1334 2852 1137 2853 1138 2853 1333 2853 1334 2854 1139 2854 1335 2854 1138 2855 1139 2855 1334 2855 1335 2856 1140 2856 1336 2856 1336 2857 1140 2857 1337 2857 1139 2858 1140 2858 1335 2858 1140 2859 1141 2859 1337 2859 1337 2860 1142 2860 1338 2860 1141 2861 1142 2861 1337 2861 1338 2862 1143 2862 1339 2862 1142 2863 1143 2863 1338 2863 1339 2864 1144 2864 1340 2864 1143 2865 1144 2865 1339 2865 1340 2866 1145 2866 1341 2866 1144 2867 1145 2867 1340 2867 1341 2868 1146 2868 1342 2868 1342 2869 1146 2869 1343 2869 1145 2870 1146 2870 1341 2870 1343 2871 1147 2871 1344 2871 1146 2872 1147 2872 1343 2872 1147 2873 1148 2873 1344 2873 1050 2874 1312 2874 1275 2874 1050 2875 1116 2875 1312 2875 1277 2876 1180 2876 1049 2876 1049 2877 1180 2877 1052 2877 1278 2878 1049 2878 1048 2878 1278 2879 1277 2879 1049 2879 1276 2880 1048 2880 1045 2880 1276 2881 1278 2881 1048 2881 1274 2882 1045 2882 1044 2882 1274 2883 1276 2883 1045 2883 1268 2884 1044 2884 1036 2884 1268 2885 1274 2885 1044 2885 1266 2886 1036 2886 1037 2886 1266 2887 1268 2887 1036 2887 1267 2888 1037 2888 1035 2888 1267 2889 1266 2889 1037 2889 1257 2890 1035 2890 1029 2890 1257 2891 1267 2891 1035 2891 1258 2892 1029 2892 1028 2892 1258 2893 1257 2893 1029 2893 1256 2894 1258 2894 1028 2894 1256 2895 1028 2895 1027 2895 1254 2896 1027 2896 1024 2896 1254 2897 1256 2897 1027 2897 1251 2898 1024 2898 1026 2898 1251 2899 1254 2899 1024 2899 1252 2900 1026 2900 1025 2900 1252 2901 1251 2901 1026 2901 1250 2902 1025 2902 1039 2902 1250 2903 1252 2903 1025 2903 1253 2904 1039 2904 1021 2904 1253 2905 1250 2905 1039 2905 1248 2906 1021 2906 1020 2906 1248 2907 1253 2907 1021 2907 1246 2908 1020 2908 1019 2908 1246 2909 1248 2909 1020 2909 1249 2910 1019 2910 1018 2910 1249 2911 1246 2911 1019 2911 1247 2912 1018 2912 1023 2912 1247 2913 1249 2913 1018 2913 1255 2914 1023 2914 1022 2914 1255 2915 1247 2915 1023 2915 1259 2916 1022 2916 1040 2916 1259 2917 1255 2917 1022 2917 1260 2918 1040 2918 1032 2918 1260 2919 1259 2919 1040 2919 1261 2920 1032 2920 1031 2920 1261 2921 1260 2921 1032 2921 1263 2922 1031 2922 1033 2922 1263 2923 1261 2923 1031 2923 1264 2924 1033 2924 1034 2924 1264 2925 1263 2925 1033 2925 1265 2926 1034 2926 1030 2926 1265 2927 1264 2927 1034 2927 1262 2928 1030 2928 1041 2928 1262 2929 1265 2929 1030 2929 1272 2930 1041 2930 1042 2930 1272 2931 1262 2931 1041 2931 1271 2932 1042 2932 1043 2932 1271 2933 1272 2933 1042 2933 1269 2934 1043 2934 1038 2934 1269 2935 1271 2935 1043 2935 1270 2936 1038 2936 1047 2936 1270 2937 1269 2937 1038 2937 1273 2938 1047 2938 1046 2938 1273 2939 1270 2939 1047 2939 1275 2940 1046 2940 1050 2940 1275 2941 1273 2941 1046 2941 1471 2942 1472 2942 1473 2942 1473 2943 1472 2943 1438 2943</p>
        </triangles>
      </mesh>
    </geometry>
  </library_geometries>
  <library_materials>
    <material id="mat_Fillet013" name="Fillet013">
      <instance_effect url="#effect_Fillet013" />
    </material>
  </library_materials>
  <library_visual_scenes>
    <visual_scene id="scene">
      <node id="node0" name="node0">
        <instance_geometry url="#geometry0">
          <bind_material>
            <technique_common>
              <instance_material symbol="ref_Fillet013" target="#mat_Fillet013" />
            </technique_common>
          </bind_material>
        </instance_geometry>
      </node>
    </visual_scene>
  </library_visual_scenes>
  <scene>
    <instance_visual_scene url="#scene" />
  </scene>
</COLLADA>
