# FreeCAD v1.1 build1 Arch module
# https://www.freecad.org
mtllib Steel chair folded-BodyFillet013.mtl
o Fillet013
usemtl color_727980
v 148.730667 151.60936 0.0
v 200.0 -200.0 0.0
v 148.564819 151.435181 0.0
v 148.39064 151.269333 0.0
v 148.208527 151.112244 0.0
v 148.887756 151.791473 0.0
v 200.0 200.0 0.0
v 148.018921 150.964279 0.0
v 149.035721 151.981079 0.0
v 149.174194 152.177704 0.0
v 147.822296 150.825806 0.0
v 147.61911 150.697128 0.0
v 149.302872 152.38089 0.0
v 147.409851 150.578583 0.0
v 149.421417 152.590149 0.0
v 147.195023 150.470459 0.0
v 149.529541 152.804977 0.0
v 149.627014 153.024857 0.0
v 146.975143 150.372986 0.0
v 149.713562 153.249237 0.0
v 146.750763 150.286438 0.0
v 146.5224 150.210999 0.0
v 149.789001 153.4776 0.0
v 146.290604 150.146851 0.0
v 149.853149 153.709396 0.0
v 149.905853 153.944061 0.0
v 146.055939 150.094147 0.0
v 145.818985 150.05304 0.0
v 149.94696 154.181015 0.0
v 145.580276 150.02359 0.0
v 149.97641 154.419724 0.0
v 145.340439 150.005905 0.0
v 149.994095 154.659561 0.0
v 145.100006 150.0 0.0
v 150.0 154.899994 0.0
v 144.899994 150.0 0.0
v 144.659561 150.005905 0.0
v 144.419724 150.02359 0.0
v 144.181015 150.05304 0.0
v 143.944061 150.094147 0.0
v 143.709396 150.146851 0.0
v 143.4776 150.210999 0.0
v 143.249237 150.286438 0.0
v 143.024857 150.372986 0.0
v 142.804977 150.470459 0.0
v 142.590149 150.578583 0.0
v 142.38089 150.697128 0.0
v 142.177704 150.825806 0.0
v -200.0 -200.0 0.0
v 150.0 200.0 0.0
v -141.60936 151.269333 0.0
v 141.435181 151.435181 0.0
v 141.60936 151.269333 0.0
v -141.435181 151.435181 0.0
v -141.269333 151.60936 0.0
v 141.269333 151.60936 0.0
v -141.112244 151.791473 0.0
v 141.112244 151.791473 0.0
v 140.964279 151.981079 0.0
v -141.791473 151.112244 0.0
v 141.791473 151.112244 0.0
v 141.981079 150.964279 0.0
v -141.981079 150.964279 0.0
v -140.964279 151.981079 0.0
v -142.177704 150.825806 0.0
v -140.825806 152.177704 0.0
v 140.825806 152.177704 0.0
v -142.38089 150.697128 0.0
v -140.697128 152.38089 0.0
v 140.697128 152.38089 0.0
v -140.578583 152.590149 0.0
v 140.578583 152.590149 0.0
v -142.590149 150.578583 0.0
v -142.804977 150.470459 0.0
v -140.470459 152.804977 0.0
v 140.470459 152.804977 0.0
v -143.024857 150.372986 0.0
v -140.372986 153.024857 0.0
v 140.372986 153.024857 0.0
v -143.249237 150.286438 0.0
v -140.286438 153.249237 0.0
v 140.286438 153.249237 0.0
v -143.4776 150.210999 0.0
v -140.210999 153.4776 0.0
v 140.210999 153.4776 0.0
v -143.709396 150.146851 0.0
v -140.146851 153.709396 0.0
v 140.146851 153.709396 0.0
v -143.944061 150.094147 0.0
v -140.094147 153.944061 0.0
v 140.094147 153.944061 0.0
v -144.181015 150.05304 0.0
v -140.05304 154.181015 0.0
v 140.05304 154.181015 0.0
v -140.02359 154.419724 0.0
v 140.02359 154.419724 0.0
v 140.005905 154.659561 0.0
v -144.419724 150.02359 0.0
v -144.659561 150.005905 0.0
v -140.005905 154.659561 0.0
v -140.0 154.899994 0.0
v 140.0 154.899994 0.0
v -144.899994 150.0 0.0
v -145.100006 150.0 0.0
v -145.340439 150.005905 0.0
v -145.580276 150.02359 0.0
v -145.818985 150.05304 0.0
v -146.055939 150.094147 0.0
v -146.290604 150.146851 0.0
v -146.5224 150.210999 0.0
v -146.750763 150.286438 0.0
v -146.975143 150.372986 0.0
v -147.195023 150.470459 0.0
v -147.409851 150.578583 0.0
v -147.61911 150.697128 0.0
v -147.822296 150.825806 0.0
v -148.018921 150.964279 0.0
v -148.208527 151.112244 0.0
v -148.39064 151.269333 0.0
v -148.564819 151.435181 0.0
v -148.730667 151.60936 0.0
v -148.887756 151.791473 0.0
v -140.0 200.0 0.0
v 140.0 200.0 0.0
v -200.0 200.0 0.0
v -150.0 200.0 0.0
v -150.0 154.899994 0.0
v -149.994095 154.659561 0.0
v -149.97641 154.419724 0.0
v -149.94696 154.181015 0.0
v -149.905853 153.944061 0.0
v -149.853149 153.709396 0.0
v -149.789001 153.4776 0.0
v -149.713562 153.249237 0.0
v -149.627014 153.024857 0.0
v -149.529541 152.804977 0.0
v -149.421417 152.590149 0.0
v -149.302872 152.38089 0.0
v -149.174194 152.177704 0.0
v -149.035721 151.981079 0.0
v 144.899994 150.0 5.0
v 145.100006 150.0 5.0
v 144.659561 150.005905 5.0
v 144.419724 150.02359 5.0
v 144.181015 150.05304 5.0
v 143.944061 150.094147 5.0
v 143.709396 150.146851 5.0
v 143.4776 150.210999 5.0
v 143.249237 150.286438 5.0
v 143.024857 150.372986 5.0
v 142.804977 150.470459 5.0
v 142.590149 150.578583 5.0
v 142.38089 150.697128 5.0
v 142.177704 150.825806 5.0
v 141.981079 150.964279 5.0
v 141.791473 151.112244 5.0
v 141.60936 151.269333 5.0
v 141.435181 151.435181 5.0
v 141.269333 151.60936 5.0
v 141.112244 151.791473 5.0
v 140.964279 151.981079 5.0
v 140.825806 152.177704 5.0
v 140.697128 152.38089 5.0
v 140.578583 152.590149 5.0
v 140.470459 152.804977 5.0
v 140.372986 153.024857 5.0
v 140.286438 153.249237 5.0
v 140.210999 153.4776 5.0
v 140.146851 153.709396 5.0
v 140.094147 153.944061 5.0
v 140.05304 154.181015 5.0
v 140.02359 154.419724 5.0
v 140.005905 154.659561 5.0
v 140.0 154.899994 5.0
v 145.340439 150.005905 5.0
v 145.580276 150.02359 5.0
v 145.818985 150.05304 5.0
v 146.055939 150.094147 5.0
v 146.290604 150.146851 5.0
v 146.5224 150.210999 5.0
v 146.750763 150.286438 5.0
v 146.975143 150.372986 5.0
v 147.195023 150.470459 5.0
v 147.409851 150.578583 5.0
v 147.61911 150.697128 5.0
v 147.822296 150.825806 5.0
v 148.018921 150.964279 5.0
v 148.208527 151.112244 5.0
v 148.39064 151.269333 5.0
v 148.564819 151.435181 5.0
v 148.730667 151.60936 5.0
v 148.887756 151.791473 5.0
v 149.035721 151.981079 5.0
v 149.174194 152.177704 5.0
v 149.302872 152.38089 5.0
v 149.421417 152.590149 5.0
v 149.529541 152.804977 5.0
v 149.627014 153.024857 5.0
v 149.713562 153.249237 5.0
v 149.789001 153.4776 5.0
v 149.853149 153.709396 5.0
v 149.905853 153.944061 5.0
v 149.94696 154.181015 5.0
v 149.97641 154.419724 5.0
v 149.994095 154.659561 5.0
v 150.0 154.899994 5.0
v 140.0 203.523178 6.452147
v 140.0 206.862411 2.726264
v 140.0 207.206848 3.067379
v 140.0 203.692276 6.628488
v 140.0 207.534363 3.424786
v 140.0 203.345657 6.284276
v 140.0 206.501846 2.402241
v 140.0 203.85257 6.81288
v 140.0 207.844162 3.797645
v 140.0 203.160141 6.125278
v 140.0 206.126007 2.096073
v 140.0 204.003662 7.004882
v 140.0 208.135513 4.185079
v 140.0 202.967102 5.975531
v 140.0 205.735764 1.80848
v 140.0 204.145187 7.204035
v 140.0 208.407761 4.586178
v 140.0 202.766953 5.835394
v 140.0 205.332047 1.540136
v 140.0 204.276825 7.409865
v 140.0 208.660248 5.0
v 140.0 202.560211 5.705201
v 140.0 204.915787 1.291672
v 140.0 204.398239 7.621879
v 140.0 208.870102 5.382514
v 140.0 202.347351 5.585262
v 140.0 204.487991 1.063674
v 140.0 204.509155 7.839571
v 140.0 209.06308 5.773818
v 140.0 202.128891 5.475865
v 140.0 204.049637 0.856675
v 140.0 204.609314 8.062422
v 140.0 209.2388 6.173166
v 140.0 201.90535 5.37727
v 140.0 203.601776 0.671163
v 140.0 204.698456 8.289899
v 140.0 209.396927 6.579799
v 140.0 201.677261 5.289713
v 140.0 203.145447 0.507574
v 140.0 201.44516 5.213403
v 140.0 202.681732 0.366291
v 140.0 201.20961 5.148521
v 140.0 202.2117 0.247648
v 140.0 200.971176 5.095224
v 140.0 201.736481 0.151922
v 140.0 200.730408 5.053638
v 140.0 201.305267 0.085551
v 140.0 200.487915 5.023863
v 140.0 200.871552 0.038053
v 140.0 200.244247 5.00597
v 140.0 200.436188 0.009518
v 140.0 200.0 5.0
v 140.0 364.331329 432.258606
v 140.0 359.632874 433.968719
v 150.0 203.523178 -1.452146
v 150.0 206.691299 2.431448
v 150.0 207.046341 2.095707
v 150.0 207.384552 1.743024
v 150.0 203.692276 -1.628488
v 150.0 207.705139 1.37424
v 150.0 203.345657 -1.284276
v 150.0 203.85257 -1.81288
v 150.0 208.007309 0.990236
v 150.0 203.160141 -1.125278
v 150.0 206.320297 2.749445
v 150.0 204.003662 -2.004882
v 150.0 202.967102 -0.975531
v 150.0 205.53392 3.329212
v 150.0 205.934189 3.048938
v 150.0 204.145187 -2.204036
v 150.0 208.290375 0.591929
v 150.0 202.766953 -0.835394
v 150.0 204.276825 -2.409865
v 150.0 208.55365 0.18027
v 150.0 202.560211 -0.7052
v 150.0 205.120422 3.589599
v 150.0 204.398239 -2.621879
v 150.0 208.796478 -0.243758
v 150.0 202.347351 -0.585262
v 150.0 204.694717 3.829476
v 150.0 204.509155 -2.839571
v 150.0 209.018326 -0.679143
v 150.0 202.128891 -0.475865
v 150.0 204.257797 4.048271
v 150.0 204.609314 -3.062422
v 150.0 209.218628 -1.124844
v 150.0 209.396927 -1.579799
v 150.0 201.90535 -0.37727
v 150.0 203.810699 4.245461
v 150.0 204.698456 -3.289899
v 150.0 201.677261 -0.289713
v 150.0 203.354523 4.420575
v 150.0 201.44516 -0.213403
v 150.0 202.41922 4.702957
v 150.0 202.89032 4.573195
v 150.0 201.20961 -0.148521
v 150.0 201.942337 4.809552
v 150.0 200.971176 -0.095224
v 150.0 200.730408 -0.053638
v 150.0 201.460831 4.892724
v 150.0 200.487915 -0.023863
v 150.0 200.488495 4.988061
v 150.0 200.97583 4.952274
v 150.0 200.244247 -0.005969
v 150.0 200.0 5.0
v 150.0 354.502563 -414.873322
v 150.0 359.20105 -413.163208
v -140.0 200.436188 0.009518
v -140.0 200.871552 0.038053
v -140.0 201.305267 0.085551
v -140.0 201.736481 0.151922
v -140.0 202.2117 0.247648
v -140.0 202.681732 0.366291
v -140.0 203.145447 0.507574
v -140.0 203.601776 0.671163
v -140.0 204.049637 0.856675
v -140.0 204.487991 1.063674
v -140.0 204.915787 1.291672
v -140.0 205.332047 1.540136
v -140.0 205.735764 1.80848
v -140.0 206.126007 2.096073
v -140.0 206.501846 2.402241
v -140.0 206.862411 2.726264
v -140.0 207.206848 3.067379
v -140.0 207.534363 3.424786
v -140.0 207.844162 3.797645
v -140.0 208.135513 4.185079
v -140.0 208.407761 4.586178
v -140.0 208.660248 5.0
v -140.0 208.870102 5.382514
v -140.0 209.06308 5.773818
v -140.0 209.2388 6.173166
v -140.0 209.396927 6.579799
v 200.0 200.244247 -0.005969
v 200.0 200.487915 -0.023863
v 200.0 200.730408 -0.053638
v 200.0 200.971176 -0.095224
v 200.0 201.20961 -0.148521
v 200.0 201.44516 -0.213403
v 200.0 201.677261 -0.289713
v 200.0 201.90535 -0.37727
v 200.0 202.128891 -0.475865
v 200.0 202.347351 -0.585262
v 200.0 202.560211 -0.7052
v 200.0 202.766953 -0.835394
v 200.0 202.967102 -0.975531
v 200.0 203.160141 -1.125278
v 200.0 203.345657 -1.284276
v 200.0 203.523178 -1.452146
v 200.0 203.692276 -1.628488
v 200.0 203.85257 -1.81288
v 200.0 204.003662 -2.004882
v 200.0 204.145187 -2.204036
v 200.0 204.276825 -2.409865
v 200.0 204.398239 -2.621879
v 200.0 204.509155 -2.839571
v 200.0 204.609314 -3.062422
v 200.0 204.698456 -3.289899
v -140.0 204.698456 8.289899
v -140.0 359.632874 433.968719
v -140.0 364.331329 432.258606
v -140.0 204.609314 8.062422
v -140.0 204.509155 7.839571
v -140.0 204.398239 7.621879
v -140.0 204.276825 7.409865
v -140.0 204.145187 7.204035
v -140.0 204.003662 7.004882
v -140.0 203.85257 6.81288
v -140.0 203.692276 6.628488
v -140.0 203.523178 6.452147
v -140.0 203.345657 6.284276
v -140.0 203.160141 6.125278
v -140.0 202.967102 5.975531
v -140.0 202.766953 5.835394
v -140.0 202.560211 5.705201
v -140.0 202.347351 5.585262
v -140.0 202.128891 5.475865
v -140.0 201.90535 5.37727
v -140.0 201.677261 5.289713
v -140.0 201.44516 5.213403
v -140.0 201.20961 5.148521
v -140.0 200.971176 5.095224
v -140.0 200.730408 5.053638
v -140.0 200.487915 5.023863
v -140.0 200.244247 5.00597
v -140.0 200.0 5.0
v -140.0 154.899994 5.0
v 200.0 209.396927 -1.579799
v 200.0 354.502563 -414.873322
v 200.0 359.20105 -413.163208
v 200.0 209.218628 -1.124844
v 200.0 209.018326 -0.679143
v 200.0 208.796478 -0.243758
v 200.0 208.55365 0.18027
v 200.0 208.290375 0.591929
v 200.0 208.007309 0.990236
v 200.0 207.705139 1.37424
v 200.0 207.384552 1.743024
v 200.0 207.046341 2.095707
v 200.0 206.691299 2.431448
v 200.0 206.320297 2.749445
v 200.0 205.934189 3.048938
v 200.0 205.53392 3.329212
v 200.0 205.120422 3.589599
v 200.0 204.694717 3.829476
v 200.0 204.257797 4.048271
v 200.0 203.810699 4.245461
v 200.0 203.354523 4.420575
v 200.0 202.89032 4.573195
v 200.0 202.41922 4.702957
v 200.0 201.942337 4.809552
v 200.0 201.460831 4.892724
v 200.0 200.97583 4.952274
v 200.0 200.488495 4.988061
v 200.0 200.0 5.0
v 200.0 -204.698456 -3.289899
v 200.0 -359.20105 -413.163208
v 200.0 -354.502563 -414.873322
v 200.0 -200.0 5.0
v 200.0 -200.488495 4.988061
v 200.0 -200.244247 -0.005969
v 200.0 -200.487915 -0.023863
v 200.0 -200.97583 4.952274
v 200.0 -200.730408 -0.053638
v 200.0 -201.460831 4.892724
v 200.0 -201.942337 4.809552
v 200.0 -200.971176 -0.095224
v 200.0 -202.41922 4.702957
v 200.0 -201.20961 -0.148521
v 200.0 -201.44516 -0.213403
v 200.0 -202.89032 4.573195
v 200.0 -203.354523 4.420575
v 200.0 -201.677261 -0.289713
v 200.0 -209.396927 -1.579799
v 200.0 -204.609314 -3.062422
v 200.0 -203.810699 4.245461
v 200.0 -201.90535 -0.37727
v 200.0 -209.218628 -1.124844
v 200.0 -204.509155 -2.839571
v 200.0 -204.257797 4.048271
v 200.0 -202.128891 -0.475865
v 200.0 -202.347351 -0.585262
v 200.0 -209.018326 -0.679143
v 200.0 -204.694717 3.829476
v 200.0 -208.796478 -0.243758
v 200.0 -204.398239 -2.621879
v 200.0 -205.120422 3.589599
v 200.0 -202.560211 -0.7052
v 200.0 -202.766953 -0.835394
v 200.0 -208.55365 0.18027
v 200.0 -204.276825 -2.409865
v 200.0 -205.53392 3.329212
v 200.0 -208.290375 0.591929
v 200.0 -204.145187 -2.204036
v 200.0 -205.934189 3.048938
v 200.0 -202.967102 -0.975531
v 200.0 -203.160141 -1.125278
v 200.0 -208.007309 0.990236
v 200.0 -204.003662 -2.004882
v 200.0 -206.320297 2.749445
v 200.0 -207.705139 1.37424
v 200.0 -203.85257 -1.81288
v 200.0 -203.692276 -1.628488
v 200.0 -206.691299 2.431448
v 200.0 -203.345657 -1.284276
v 200.0 -207.384552 1.743024
v 200.0 -203.523178 -1.452146
v 200.0 -207.046341 2.095707
v -144.899994 150.0 5.0
v -144.659561 150.005905 5.0
v -144.419724 150.02359 5.0
v -144.181015 150.05304 5.0
v -143.944061 150.094147 5.0
v -143.709396 150.146851 5.0
v -143.4776 150.210999 5.0
v -143.249237 150.286438 5.0
v -143.024857 150.372986 5.0
v -142.804977 150.470459 5.0
v -142.590149 150.578583 5.0
v -142.38089 150.697128 5.0
v -142.177704 150.825806 5.0
v -141.981079 150.964279 5.0
v -141.791473 151.112244 5.0
v -141.60936 151.269333 5.0
v -141.435181 151.435181 5.0
v -141.269333 151.60936 5.0
v -141.112244 151.791473 5.0
v -140.964279 151.981079 5.0
v -140.825806 152.177704 5.0
v -140.697128 152.38089 5.0
v -140.578583 152.590149 5.0
v -140.470459 152.804977 5.0
v -140.372986 153.024857 5.0
v -140.286438 153.249237 5.0
v -140.210999 153.4776 5.0
v -140.146851 153.709396 5.0
v -140.094147 153.944061 5.0
v -140.05304 154.181015 5.0
v -140.02359 154.419724 5.0
v -140.005905 154.659561 5.0
v -200.0 -200.244247 -0.005969
v -200.0 -200.487915 -0.023863
v -200.0 -200.730408 -0.053638
v -200.0 -200.971176 -0.095224
v -200.0 -201.20961 -0.148521
v -200.0 -201.44516 -0.213403
v -200.0 -201.677261 -0.289713
v -200.0 -201.90535 -0.37727
v -200.0 -202.128891 -0.475865
v -200.0 -202.347351 -0.585262
v -200.0 -202.560211 -0.7052
v -200.0 -202.766953 -0.835394
v -200.0 -202.967102 -0.975531
v -200.0 -203.160141 -1.125278
v -200.0 -203.345657 -1.284276
v -200.0 -203.523178 -1.452146
v -200.0 -203.692276 -1.628488
v -200.0 -203.85257 -1.81288
v -200.0 -204.003662 -2.004882
v -200.0 -204.145187 -2.204036
v -200.0 -204.276825 -2.409865
v -200.0 -204.398239 -2.621879
v -200.0 -204.509155 -2.839571
v -200.0 -204.609314 -3.062422
v -200.0 -204.698456 -3.289899
v -145.100006 150.0 5.0
v -200.0 203.692276 -1.628488
v -200.0 203.523178 -1.452146
v -200.0 207.046341 2.095707
v -200.0 207.384552 1.743024
v -200.0 203.345657 -1.284276
v -200.0 206.691299 2.431448
v -200.0 203.85257 -1.81288
v -200.0 207.705139 1.37424
v -200.0 203.160141 -1.125278
v -200.0 206.320297 2.749445
v -200.0 204.003662 -2.004882
v -200.0 208.007309 0.990236
v -200.0 202.967102 -0.975531
v -200.0 205.934189 3.048938
v -200.0 204.145187 -2.204036
v -200.0 208.290375 0.591929
v -200.0 202.766953 -0.835394
v -200.0 205.53392 3.329212
v -200.0 204.276825 -2.409865
v -200.0 208.55365 0.18027
v -200.0 208.796478 -0.243758
v -200.0 202.560211 -0.7052
v -200.0 204.694717 3.829476
v -200.0 205.120422 3.589599
v -200.0 204.398239 -2.621879
v -200.0 209.018326 -0.679143
v -200.0 202.347351 -0.585262
v -200.0 204.509155 -2.839571
v -200.0 202.128891 -0.475865
v -200.0 204.257797 4.048271
v -200.0 204.609314 -3.062422
v -200.0 209.218628 -1.124844
v -200.0 201.90535 -0.37727
v -200.0 203.354523 4.420575
v -200.0 203.810699 4.245461
v -200.0 204.698456 -3.289899
v -200.0 209.396927 -1.579799
v -200.0 201.677261 -0.289713
v -200.0 201.44516 -0.213403
v -200.0 202.89032 4.573195
v -200.0 201.20961 -0.148521
v -200.0 202.41922 4.702957
v -200.0 200.971176 -0.095224
v -200.0 201.942337 4.809552
v -200.0 200.730408 -0.053638
v -200.0 201.460831 4.892724
v -200.0 200.487915 -0.023863
v -200.0 200.488495 4.988061
v -200.0 200.97583 4.952274
v -200.0 200.244247 -0.005969
v -200.0 200.0 5.0
v -200.0 354.502563 -414.873322
v -200.0 359.20105 -413.163208
v -200.0 -200.0 5.0
v -200.0 -200.488495 4.988061
v -200.0 -200.97583 4.952274
v -200.0 -201.460831 4.892724
v -200.0 -201.942337 4.809552
v -200.0 -202.41922 4.702957
v -200.0 -202.89032 4.573195
v -200.0 -203.354523 4.420575
v -200.0 -203.810699 4.245461
v -200.0 -204.257797 4.048271
v -200.0 -204.694717 3.829476
v -200.0 -205.120422 3.589599
v -200.0 -205.53392 3.329212
v -200.0 -205.934189 3.048938
v -200.0 -206.320297 2.749445
v -200.0 -206.691299 2.431448
v -200.0 -207.046341 2.095707
v -200.0 -207.384552 1.743024
v -200.0 -207.705139 1.37424
v -200.0 -208.007309 0.990236
v -200.0 -208.290375 0.591929
v -200.0 -208.55365 0.18027
v -200.0 -208.796478 -0.243758
v -200.0 -209.018326 -0.679143
v -200.0 -209.218628 -1.124844
v -200.0 -209.396927 -1.579799
v -200.0 -359.20105 -413.163208
v -200.0 -354.502563 -414.873322
v -150.0 154.899994 5.0
v -149.994095 154.659561 5.0
v -149.97641 154.419724 5.0
v -149.94696 154.181015 5.0
v -149.905853 153.944061 5.0
v -149.853149 153.709396 5.0
v -149.789001 153.4776 5.0
v -149.713562 153.249237 5.0
v -149.627014 153.024857 5.0
v -149.529541 152.804977 5.0
v -149.421417 152.590149 5.0
v -149.302872 152.38089 5.0
v -149.174194 152.177704 5.0
v -149.035721 151.981079 5.0
v -148.887756 151.791473 5.0
v -148.730667 151.60936 5.0
v -148.564819 151.435181 5.0
v -148.39064 151.269333 5.0
v -148.208527 151.112244 5.0
v -148.018921 150.964279 5.0
v -147.822296 150.825806 5.0
v -147.61911 150.697128 5.0
v -147.409851 150.578583 5.0
v -147.195023 150.470459 5.0
v -146.975143 150.372986 5.0
v -146.750763 150.286438 5.0
v -146.5224 150.210999 5.0
v -146.290604 150.146851 5.0
v -146.055939 150.094147 5.0
v -145.818985 150.05304 5.0
v -145.580276 150.02359 5.0
v -145.340439 150.005905 5.0
v -150.0 200.244247 -0.005969
v -150.0 200.487915 -0.023863
v -150.0 200.730408 -0.053638
v -150.0 200.971176 -0.095224
v -150.0 201.20961 -0.148521
v -150.0 201.44516 -0.213403
v -150.0 201.677261 -0.289713
v -150.0 201.90535 -0.37727
v -150.0 202.128891 -0.475865
v -150.0 202.347351 -0.585262
v -150.0 202.560211 -0.7052
v -150.0 202.766953 -0.835394
v -150.0 202.967102 -0.975531
v -150.0 203.160141 -1.125278
v -150.0 203.345657 -1.284276
v -150.0 203.523178 -1.452146
v -150.0 203.692276 -1.628488
v -150.0 203.85257 -1.81288
v -150.0 204.003662 -2.004882
v -150.0 204.145187 -2.204036
v -150.0 204.276825 -2.409865
v -150.0 204.398239 -2.621879
v -150.0 204.509155 -2.839571
v -150.0 204.609314 -3.062422
v -150.0 204.698456 -3.289899
v -150.0 354.502563 -414.873322
v -150.0 359.20105 -413.163208
v -150.0 209.396927 -1.579799
v -150.0 209.218628 -1.124844
v -150.0 209.018326 -0.679143
v -150.0 208.796478 -0.243758
v -150.0 208.55365 0.18027
v -150.0 208.290375 0.591929
v -150.0 208.007309 0.990236
v -150.0 207.705139 1.37424
v -150.0 207.384552 1.743024
v -150.0 207.046341 2.095707
v -150.0 206.691299 2.431448
v -150.0 206.320297 2.749445
v -150.0 205.934189 3.048938
v -150.0 205.53392 3.329212
v -150.0 205.120422 3.589599
v -150.0 204.694717 3.829476
v -150.0 204.257797 4.048271
v -150.0 203.810699 4.245461
v -150.0 203.354523 4.420575
v -150.0 202.89032 4.573195
v -150.0 202.41922 4.702957
v -150.0 201.942337 4.809552
v -150.0 201.460831 4.892724
v -150.0 200.97583 4.952274
v -150.0 200.488495 4.988061
v -150.0 200.0 5.0
v -139.231415 362.30188 441.301697
v -139.567062 361.640259 439.483978
v -139.807388 360.973846 437.652954
v -139.951813 360.304169 435.813049
v -138.801254 362.957031 443.101776
v -138.277618 363.604218 444.879852
v -137.661758 364.241791 446.631622
v -136.955185 364.868286 448.352905
v -135.276855 366.08197 451.687439
v -136.159576 365.482178 450.03952
v -132.128296 367.782532 456.35968
v -133.258789 367.233521 454.851318
v -134.309143 366.666229 453.292664
v -129.638046 368.820343 459.21106
v -130.920425 368.31189 457.814087
v -126.862358 369.769684 461.819366
v -128.284271 369.306671 460.547241
v -120.56411 371.36731 466.208771
v -122.222809 371.008057 465.221741
v -123.827972 370.621399 464.159424
v -125.375732 370.208282 463.024384
v -118.855873 371.698273 467.118103
v -113.475594 372.513947 469.359192
v -115.307335 372.272308 468.695221
v -117.102203 372.000183 467.947601
v -111.611389 372.724579 469.937897
v -107.803612 373.050812 470.834167
v -109.719208 372.903687 470.429962
v -105.869217 373.165619 471.149567
v -103.920685 373.247803 471.375427
v -100.0 373.31369 471.556396
v -101.962708 373.297211 471.511139
v 100.0 373.31369 471.556396
v 139.567062 361.640259 439.483978
v 139.951813 360.304169 435.813049
v 139.807388 360.973846 437.652954
v 103.920685 373.247803 471.375427
v 101.962708 373.297211 471.511139
v 107.803612 373.050812 470.834167
v 105.869217 373.165619 471.149567
v 111.611389 372.724579 469.937897
v 109.719208 372.903687 470.429962
v 136.955185 364.868286 448.352905
v 139.231415 362.30188 441.301697
v 138.801254 362.957031 443.101776
v 138.277618 363.604218 444.879852
v 137.661758 364.241791 446.631622
v 115.307335 372.272308 468.695221
v 113.475594 372.513947 469.359192
v 118.855873 371.698273 467.118103
v 117.102203 372.000183 467.947601
v 134.309143 366.666229 453.292664
v 136.159576 365.482178 450.03952
v 135.276855 366.08197 451.687439
v 120.56411 371.36731 466.208771
v 133.258789 367.233521 454.851318
v 122.222809 371.008057 465.221741
v 123.827972 370.621399 464.159424
v 129.638046 368.820343 459.21106
v 132.128296 367.782532 456.35968
v 130.920425 368.31189 457.814087
v 128.284271 369.306671 460.547241
v 126.862358 369.769684 461.819366
v 125.375732 370.208282 463.024384
v 139.951813 365.002625 434.102936
v 139.807388 365.672302 435.942841
v 139.567062 366.338745 437.773865
v 139.231415 367.000336 439.591614
v 138.801254 367.655518 441.391663
v 138.277618 368.302673 443.169739
v 137.661758 368.940277 444.921509
v 136.955185 369.566772 446.642792
v 136.159576 370.180634 448.329407
v 135.276855 370.780426 449.977325
v 134.309143 371.364685 451.58255
v 133.258789 371.931976 453.141205
v 132.128296 372.480988 454.649567
v 130.920425 373.010345 456.104004
v 129.638046 373.518799 457.500977
v 128.284271 374.005127 458.837128
v 126.862358 374.46814 460.109253
v 125.375732 374.906738 461.314301
v 123.827972 375.319855 462.449341
v 122.222809 375.706512 463.511627
v 120.56411 376.065765 464.498657
v 118.855873 376.396729 465.40799
v 117.102203 376.698639 466.237488
v 115.307335 376.970764 466.985107
v 113.475594 377.212433 467.649078
v 111.611389 377.423065 468.227783
v 109.719208 377.602142 468.719849
v 107.803612 377.749268 469.124084
v 105.869217 377.864075 469.439484
v 103.920685 377.946259 469.665314
v 101.962708 377.995667 469.801025
v 100.0 378.012146 469.846313
v -139.951813 365.002625 434.102936
v -139.807388 365.672302 435.942841
v -139.567062 366.338745 437.773865
v -139.231415 367.000336 439.591614
v -138.801254 367.655518 441.391663
v -138.277618 368.302673 443.169739
v -137.661758 368.940277 444.921509
v -136.955185 369.566772 446.642792
v -136.159576 370.180634 448.329407
v -135.276855 370.780426 449.977325
v -134.309143 371.364685 451.58255
v -132.128296 372.480988 454.649567
v -130.920425 373.010345 456.104004
v -133.258789 371.931976 453.141205
v -128.284271 374.005127 458.837128
v -126.862358 374.46814 460.109253
v -129.638046 373.518799 457.500977
v -125.375732 374.906738 461.314301
v -123.827972 375.319855 462.449341
v -122.222809 375.706512 463.511627
v -120.56411 376.065765 464.498657
v -118.855873 376.396729 465.40799
v -115.307335 376.970764 466.985107
v -113.475594 377.212433 467.649078
v -117.102203 376.698639 466.237488
v -109.719208 377.602142 468.719849
v -107.803612 377.749268 469.124084
v -111.611389 377.423065 468.227783
v -105.869217 377.864075 469.439484
v -103.920685 377.946259 469.665314
v -101.962708 377.995667 469.801025
v -100.0 378.012146 469.846313
v 150.024078 359.368652 -413.623749
v 150.006027 359.284943 -413.393768
v 150.054123 359.451965 -413.852631
v 150.096069 359.534668 -414.079834
v 150.215302 359.697449 -414.5271
v 150.149841 359.616547 -414.30484
v 150.3806 359.855469 -414.961243
v 150.292282 359.777161 -414.746094
v 150.480057 359.93219 -415.172058
v 150.590393 360.007172 -415.378052
v 150.842651 360.151123 -415.773529
v 150.711349 360.0802 -415.578705
v 150.983963 360.219757 -415.962097
v 151.464462 360.410248 -416.485535
v 151.134949 360.285919 -416.14389
v 151.295242 360.349487 -416.318512
v 151.642212 360.46814 -416.644562
v 152.222153 360.622925 -417.069855
v 152.0215 360.574615 -416.937042
v 151.828033 360.52298 -416.795166
v 152.429489 360.667847 -417.193237
v 152.643021 360.709229 -417.306885
v 152.862228 360.746948 -417.410583
v 153.086578 360.780975 -417.504028
v 153.548584 360.837494 -417.659363
v 153.315552 360.811188 -417.587036
v 153.785095 360.859894 -417.720886
v 154.509918 360.902893 -417.83905
v 154.266342 360.892639 -417.810822
v 154.024551 360.878296 -417.771393
v 155.0 360.911133 -417.861694
v 154.754669 360.909088 -417.856018
v 195.0 360.911133 -417.861694
v 195.490082 360.902893 -417.83905
v 195.245331 360.909088 -417.856018
v 199.903931 359.534668 -414.079834
v 199.993973 359.284943 -413.393768
v 199.975922 359.368652 -413.623749
v 199.945877 359.451965 -413.852631
v 196.214905 360.859894 -417.720886
v 195.975449 360.878296 -417.771393
v 195.733658 360.892639 -417.810822
v 196.684448 360.811188 -417.587036
v 196.451416 360.837494 -417.659363
v 199.6194 359.855469 -414.961243
v 199.850159 359.616547 -414.30484
v 199.784698 359.697449 -414.5271
v 199.707718 359.777161 -414.746094
v 196.913422 360.780975 -417.504028
v 199.519943 359.93219 -415.172058
v 197.137772 360.746948 -417.410583
v 199.409607 360.007172 -415.378052
v 197.356979 360.709229 -417.306885
v 197.570511 360.667847 -417.193237
v 199.157349 360.151123 -415.773529
v 199.288651 360.0802 -415.578705
v 197.777847 360.622925 -417.069855
v 199.016037 360.219757 -415.962097
v 197.9785 360.574615 -416.937042
v 198.704758 360.349487 -416.318512
v 198.865051 360.285919 -416.14389
v 198.357788 360.46814 -416.644562
v 198.171967 360.52298 -416.795166
v 198.535538 360.410248 -416.485535
v 150.006027 354.586487 -415.103851
v 150.024078 354.670197 -415.333832
v 150.054123 354.75351 -415.562714
v 150.096069 354.836212 -415.789948
v 150.149841 354.918091 -416.014954
v 150.215302 354.998993 -416.237213
v 150.292282 355.078705 -416.456177
v 150.3806 355.157013 -416.671356
v 150.480057 355.233734 -416.882172
v 150.590393 355.308716 -417.088165
v 150.711349 355.381744 -417.288818
v 150.842651 355.452667 -417.483643
v 150.983963 355.521271 -417.67218
v 151.134949 355.587463 -417.854004
v 151.295242 355.651001 -418.028625
v 151.464462 355.711792 -418.195618
v 151.642212 355.769684 -418.354645
v 151.828033 355.824493 -418.50528
v 152.0215 355.876129 -418.647156
v 152.222153 355.924469 -418.779938
v 152.429489 355.969391 -418.90332
v 152.643021 356.010742 -419.016998
v 152.862228 356.048492 -419.120667
v 153.086578 356.082489 -419.214142
v 153.315552 356.112701 -419.297119
v 153.548584 356.139038 -419.369476
v 153.785095 356.161438 -419.430969
v 154.024551 356.17981 -419.481506
v 154.266342 356.194153 -419.520935
v 154.509918 356.204437 -419.549164
v 154.754669 356.210602 -419.566132
v 155.0 356.212677 -419.571777
v 195.490082 356.204437 -419.549164
v 195.733658 356.194153 -419.520935
v 195.245331 356.210602 -419.566132
v 199.945877 354.75351 -415.562714
v 199.993973 354.586487 -415.103851
v 199.975922 354.670197 -415.333832
v 199.850159 354.918091 -416.014954
v 199.903931 354.836212 -415.789948
v 196.214905 356.161438 -419.430969
v 195.975449 356.17981 -419.481506
v 199.784698 354.998993 -416.237213
v 199.707718 355.078705 -416.456177
v 196.913422 356.082489 -419.214142
v 197.137772 356.048492 -419.120667
v 196.684448 356.112701 -419.297119
v 196.451416 356.139038 -419.369476
v 197.356979 356.010742 -419.016998
v 199.409607 355.308716 -417.088165
v 199.6194 355.157013 -416.671356
v 199.519943 355.233734 -416.882172
v 199.288651 355.381744 -417.288818
v 197.777847 355.924469 -418.779938
v 197.570511 355.969391 -418.90332
v 199.016037 355.521271 -417.67218
v 199.157349 355.452667 -417.483643
v 197.9785 355.876129 -418.647156
v 198.171967 355.824493 -418.50528
v 198.535538 355.711792 -418.195618
v 198.865051 355.587463 -417.854004
v 198.704758 355.651001 -418.028625
v 198.357788 355.769684 -418.354645
v -198.171967 -360.52298 -416.795166
v -198.535538 -360.410248 -416.485535
v -198.357788 -360.46814 -416.644562
v -197.777847 -360.622925 -417.069855
v -198.704758 -360.349487 -416.318512
v -197.9785 -360.574615 -416.937042
v -199.288651 -360.0802 -415.578705
v -199.157349 -360.151123 -415.773529
v -199.016037 -360.219757 -415.962097
v -198.865051 -360.285919 -416.14389
v -197.356979 -360.709229 -417.306885
v -197.570511 -360.667847 -417.193237
v -199.519943 -359.93219 -415.172058
v -199.409607 -360.007172 -415.378052
v -196.913422 -360.780975 -417.504028
v -197.137772 -360.746948 -417.410583
v -199.707718 -359.777161 -414.746094
v -199.6194 -359.855469 -414.961243
v -196.684448 -360.811188 -417.587036
v -199.850159 -359.616547 -414.30484
v -199.784698 -359.697449 -414.5271
v -196.214905 -360.859894 -417.720886
v -196.451416 -360.837494 -417.659363
v -195.975449 -360.878296 -417.771393
v -199.945877 -359.451965 -413.852631
v -199.903931 -359.534668 -414.079834
v -199.975922 -359.368652 -413.623749
v -195.490082 -360.902893 -417.83905
v -195.733658 -360.892639 -417.810822
v -195.0 -360.911133 -417.861694
v -195.245331 -360.909088 -417.856018
v -199.993973 -359.284943 -413.393768
v -155.0 -360.911133 -417.861694
v -154.266342 -360.892639 -417.810822
v -154.754669 -360.909088 -417.856018
v -154.509918 -360.902893 -417.83905
v -154.024551 -360.878296 -417.771393
v -153.315552 -360.811188 -417.587036
v -153.785095 -360.859894 -417.720886
v -153.548584 -360.837494 -417.659363
v -152.862228 -360.746948 -417.410583
v -153.086578 -360.780975 -417.504028
v -152.643021 -360.709229 -417.306885
v -152.222153 -360.622925 -417.069855
v -152.429489 -360.667847 -417.193237
v -152.0215 -360.574615 -416.937042
v -151.642212 -360.46814 -416.644562
v -151.828033 -360.52298 -416.795166
v -151.464462 -360.410248 -416.485535
v -151.134949 -360.285919 -416.14389
v -151.295242 -360.349487 -416.318512
v -150.983963 -360.219757 -415.962097
v -150.590393 -360.007172 -415.378052
v -150.842651 -360.151123 -415.773529
v -150.711349 -360.0802 -415.578705
v -150.3806 -359.855469 -414.961243
v -150.480057 -359.93219 -415.172058
v -150.096069 -359.534668 -414.079834
v -150.292282 -359.777161 -414.746094
v -150.215302 -359.697449 -414.5271
v -150.149841 -359.616547 -414.30484
v -150.006027 -359.284943 -413.393768
v -150.054123 -359.451965 -413.852631
v -150.024078 -359.368652 -413.623749
v -150.0 -359.20105 -413.163208
v 151.295242 -360.349487 -416.318512
v 151.464462 -360.410248 -416.485535
v 151.642212 -360.46814 -416.644562
v 151.828033 -360.52298 -416.795166
v 150.983963 -360.219757 -415.962097
v 151.134949 -360.285919 -416.14389
v 152.643021 -360.709229 -417.306885
v 152.222153 -360.622925 -417.069855
v 152.429489 -360.667847 -417.193237
v 152.862228 -360.746948 -417.410583
v 153.086578 -360.780975 -417.504028
v 153.315552 -360.811188 -417.587036
v 150.292282 -359.777161 -414.746094
v 150.590393 -360.007172 -415.378052
v 150.711349 -360.0802 -415.578705
v 150.480057 -359.93219 -415.172058
v 150.3806 -359.855469 -414.961243
v 153.548584 -360.837494 -417.659363
v 154.024551 -360.878296 -417.771393
v 153.785095 -360.859894 -417.720886
v 150.054123 -359.451965 -413.852631
v 152.0215 -360.574615 -416.937042
v 150.842651 -360.151123 -415.773529
v 150.215302 -359.697449 -414.5271
v 150.149841 -359.616547 -414.30484
v 150.096069 -359.534668 -414.079834
v 154.266342 -360.892639 -417.810822
v 154.509918 -360.902893 -417.83905
v 150.006027 -359.284943 -413.393768
v 150.024078 -359.368652 -413.623749
v 154.754669 -360.909088 -417.856018
v 155.0 -360.911133 -417.861694
v 150.0 -359.20105 -413.163208
v 195.490082 -360.902893 -417.83905
v 195.0 -360.911133 -417.861694
v 195.245331 -360.909088 -417.856018
v 196.214905 -360.859894 -417.720886
v 195.733658 -360.892639 -417.810822
v 195.975449 -360.878296 -417.771393
v 196.451416 -360.837494 -417.659363
v 196.684448 -360.811188 -417.587036
v 196.913422 -360.780975 -417.504028
v 197.137772 -360.746948 -417.410583
v 197.570511 -360.667847 -417.193237
v 197.356979 -360.709229 -417.306885
v 198.357788 -360.46814 -416.644562
v 197.9785 -360.574615 -416.937042
v 198.171967 -360.52298 -416.795166
v 197.777847 -360.622925 -417.069855
v 198.535538 -360.410248 -416.485535
v 198.704758 -360.349487 -416.318512
v 199.016037 -360.219757 -415.962097
v 198.865051 -360.285919 -416.14389
v 199.157349 -360.151123 -415.773529
v 199.409607 -360.007172 -415.378052
v 199.288651 -360.0802 -415.578705
v 199.519943 -359.93219 -415.172058
v 199.707718 -359.777161 -414.746094
v 199.6194 -359.855469 -414.961243
v 199.784698 -359.697449 -414.5271
v 199.850159 -359.616547 -414.30484
v 199.945877 -359.451965 -413.852631
v 199.903931 -359.534668 -414.079834
v 199.975922 -359.368652 -413.623749
v 199.993973 -359.284943 -413.393768
v -150.0 -237.78717 -79.581345
v -143.258789 -230.186523 -58.69873
v -142.128296 -229.637512 -57.190372
v -144.309143 -230.75383 -60.257401
v -145.276855 -231.338074 -61.862621
v -146.159576 -231.937866 -63.510529
v -146.955185 -232.551743 -65.197151
v -147.661758 -233.178238 -66.918427
v -148.277618 -233.815842 -68.670204
v -148.801254 -234.462997 -70.448273
v -149.231415 -235.118179 -72.248344
v -149.567062 -235.77977 -74.066078
v -149.807388 -236.446213 -75.897102
v -149.951813 -237.115875 -77.737
v -140.920425 -229.108154 -55.735954
v -139.638046 -228.599701 -54.338982
v -138.284271 -228.113373 -53.002819
v -136.862366 -227.65036 -51.73069
v -135.375732 -227.211761 -50.525654
v -133.827972 -226.798645 -49.390614
v -132.222809 -226.411987 -48.328308
v -130.564102 -226.05275 -47.341293
v -128.855865 -225.721771 -46.431946
v -127.102203 -225.419861 -45.602459
v -125.307335 -225.147751 -44.854832
v -123.475594 -224.906082 -44.190861
v -121.611389 -224.69545 -43.612152
v -119.719208 -224.516357 -43.120094
v -117.803612 -224.369232 -42.715874
v -115.869217 -224.25444 -42.400467
v -113.920685 -224.172241 -42.174633
v -111.962708 -224.122833 -42.038914
v -110.0 -224.106354 -41.993637
v 150.0 -237.78717 -79.581345
v 149.951813 -237.115875 -77.737
v 149.807388 -236.446213 -75.897102
v 149.567062 -235.77977 -74.066078
v 149.231415 -235.118179 -72.248344
v 148.801254 -234.462997 -70.448273
v 148.277618 -233.815842 -68.670204
v 147.661758 -233.178238 -66.918427
v 146.955185 -232.551743 -65.197151
v 146.159576 -231.937866 -63.510529
v 145.276855 -231.338074 -61.862621
v 144.309143 -230.75383 -60.257401
v 143.258789 -230.186523 -58.69873
v 142.128296 -229.637512 -57.190372
v 140.920425 -229.108154 -55.735954
v 139.638046 -228.599701 -54.338982
v 138.284271 -228.113373 -53.002819
v 136.862366 -227.65036 -51.73069
v 135.375732 -227.211761 -50.525654
v 133.827972 -226.798645 -49.390614
v 132.222809 -226.411987 -48.328308
v 130.564102 -226.05275 -47.341293
v 128.855865 -225.721771 -46.431946
v 127.102203 -225.419861 -45.602459
v 125.307335 -225.147751 -44.854832
v 123.475594 -224.906082 -44.190861
v 121.611389 -224.69545 -43.612152
v 119.719208 -224.516357 -43.120094
v 117.803612 -224.369232 -42.715874
v 115.869217 -224.25444 -42.400467
v 113.920685 -224.172241 -42.174633
v 111.962708 -224.122833 -42.038914
v 110.0 -224.106354 -41.993637
v 199.993973 -354.586487 -415.103851
v 199.975922 -354.670197 -415.333832
v 199.945877 -354.75351 -415.562714
v 199.903931 -354.836212 -415.789948
v 199.850159 -354.918091 -416.014954
v 199.784698 -354.998993 -416.237213
v 199.707718 -355.078705 -416.456177
v 199.6194 -355.157013 -416.671356
v 199.519943 -355.233734 -416.882172
v 199.409607 -355.308716 -417.088165
v 199.288651 -355.381744 -417.288818
v 199.157349 -355.452667 -417.483643
v 199.016037 -355.521271 -417.67218
v 198.865051 -355.587463 -417.854004
v 198.704758 -355.651001 -418.028625
v 198.535538 -355.711792 -418.195618
v 198.357788 -355.769684 -418.354645
v 198.171967 -355.824493 -418.50528
v 197.9785 -355.876129 -418.647156
v 197.777847 -355.924469 -418.779938
v 197.570511 -355.969391 -418.90332
v 197.356979 -356.010742 -419.016998
v 197.137772 -356.048492 -419.120667
v 196.913422 -356.082489 -419.214142
v 196.684448 -356.112701 -419.297119
v 196.451416 -356.139038 -419.369476
v 196.214905 -356.161438 -419.430969
v 195.975449 -356.17981 -419.481506
v 195.733658 -356.194153 -419.520935
v 195.490082 -356.204437 -419.549164
v 195.245331 -356.210602 -419.566132
v 195.0 -356.212677 -419.571777
v -198.865051 -355.587463 -417.854004
v -199.016037 -355.521271 -417.67218
v -198.704758 -355.651001 -418.028625
v -198.535538 -355.711792 -418.195618
v -199.157349 -355.452667 -417.483643
v -198.357788 -355.769684 -418.354645
v -197.777847 -355.924469 -418.779938
v -197.356979 -356.010742 -419.016998
v -197.570511 -355.969391 -418.90332
v -199.519943 -355.233734 -416.882172
v -199.409607 -355.308716 -417.088165
v -199.288651 -355.381744 -417.288818
v -198.171967 -355.824493 -418.50528
v -196.913422 -356.082489 -419.214142
v -197.137772 -356.048492 -419.120667
v -196.684448 -356.112701 -419.297119
v -197.9785 -355.876129 -418.647156
v -199.6194 -355.157013 -416.671356
v -199.707718 -355.078705 -416.456177
v -196.214905 -356.161438 -419.430969
v -196.451416 -356.139038 -419.369476
v -195.975449 -356.17981 -419.481506
v -199.850159 -354.918091 -416.014954
v -199.903931 -354.836212 -415.789948
v -199.784698 -354.998993 -416.237213
v -199.975922 -354.670197 -415.333832
v -199.945877 -354.75351 -415.562714
v -195.245331 -356.210602 -419.566132
v -195.733658 -356.194153 -419.520935
v -195.490082 -356.204437 -419.549164
v -199.993973 -354.586487 -415.103851
v -195.0 -356.212677 -419.571777
v -155.0 -356.212677 -419.571777
v -154.266342 -356.194153 -419.520935
v -154.754669 -356.210602 -419.566132
v -154.509918 -356.204437 -419.549164
v -154.024551 -356.17981 -419.481506
v -153.548584 -356.139038 -419.369476
v -153.785095 -356.161438 -419.430969
v -153.315552 -356.112701 -419.297119
v -153.086578 -356.082489 -419.214142
v -152.643021 -356.010742 -419.016998
v -152.862228 -356.048492 -419.120667
v -152.429489 -355.969391 -418.90332
v -151.828033 -355.824493 -418.50528
v -152.222153 -355.924469 -418.779938
v -152.0215 -355.876129 -418.647156
v -151.464462 -355.711792 -418.195618
v -151.642212 -355.769684 -418.354645
v -151.295242 -355.651001 -418.028625
v -150.983963 -355.521271 -417.67218
v -151.134949 -355.587463 -417.854004
v -150.590393 -355.308716 -417.088165
v -150.842651 -355.452667 -417.483643
v -150.711349 -355.381744 -417.288818
v -150.292282 -355.078705 -416.456177
v -150.480057 -355.233734 -416.882172
v -150.3806 -355.157013 -416.671356
v -150.215302 -354.998993 -416.237213
v -150.096069 -354.836212 -415.789948
v -150.149841 -354.918091 -416.014954
v -150.0 -354.502563 -414.873322
v -150.054123 -354.75351 -415.562714
v -150.024078 -354.670197 -415.333832
v -150.006027 -354.586487 -415.103851
v 151.464462 -355.711792 -418.195618
v 151.134949 -355.587463 -417.854004
v 151.642212 -355.769684 -418.354645
v 151.295242 -355.651001 -418.028625
v 152.0215 -355.876129 -418.647156
v 152.429489 -355.969391 -418.90332
v 152.222153 -355.924469 -418.779938
v 151.828033 -355.824493 -418.50528
v 152.643021 -356.010742 -419.016998
v 150.983963 -355.521271 -417.67218
v 152.862228 -356.048492 -419.120667
v 153.315552 -356.112701 -419.297119
v 153.086578 -356.082489 -419.214142
v 150.842651 -355.452667 -417.483643
v 150.711349 -355.381744 -417.288818
v 150.590393 -355.308716 -417.088165
v 150.215302 -354.998993 -416.237213
v 150.480057 -355.233734 -416.882172
v 150.3806 -355.157013 -416.671356
v 150.292282 -355.078705 -416.456177
v 153.785095 -356.161438 -419.430969
v 153.548584 -356.139038 -419.369476
v 154.024551 -356.17981 -419.481506
v 150.054123 -354.75351 -415.562714
v 150.024078 -354.670197 -415.333832
v 150.096069 -354.836212 -415.789948
v 150.149841 -354.918091 -416.014954
v 150.006027 -354.586487 -415.103851
v 154.266342 -356.194153 -419.520935
v 150.0 -354.502563 -414.873322
v 154.509918 -356.204437 -419.549164
v 155.0 -356.212677 -419.571777
v 154.754669 -356.210602 -419.566132
v -150.0 -233.088699 -81.291443
v -143.258789 -225.488052 -60.408833
v -142.128296 -224.939056 -58.900471
v -144.309143 -226.055359 -61.967499
v -145.276855 -226.639618 -63.57272
v -146.159576 -227.23941 -65.220627
v -146.955185 -227.853287 -66.907249
v -147.661758 -228.479782 -68.628525
v -148.277618 -229.117371 -70.38031
v -148.801254 -229.764542 -72.158379
v -149.231415 -230.419708 -73.958443
v -149.567062 -231.081314 -75.776184
v -149.807388 -231.747757 -77.607201
v -149.951813 -232.417419 -79.447098
v -140.920425 -224.409698 -57.446056
v -139.638046 -223.90123 -56.049084
v -138.284271 -223.414917 -54.712921
v -136.862366 -222.951889 -53.440788
v -135.375732 -222.51329 -52.235752
v -133.827972 -222.100174 -51.100716
v -132.222809 -221.713531 -50.038406
v -130.564102 -221.354279 -49.051392
v -128.855865 -221.023315 -48.142048
v -127.102203 -220.721405 -47.312561
v -125.307335 -220.44928 -46.56493
v -123.475594 -220.207626 -45.900963
v -121.611389 -219.996994 -45.32225
v -119.719208 -219.817886 -44.830193
v -117.803612 -219.670776 -44.425976
v -115.869217 -219.555969 -44.110569
v -113.920685 -219.47377 -43.884731
v -111.962708 -219.424377 -43.749012
v -110.0 -219.407898 -43.703739
v 150.0 -233.088699 -81.291443
v 149.951813 -232.417419 -79.447098
v 149.807388 -231.747757 -77.607201
v 149.567062 -231.081314 -75.776184
v 149.231415 -230.419708 -73.958443
v 148.801254 -229.764542 -72.158379
v 148.277618 -229.117371 -70.38031
v 147.661758 -228.479782 -68.628525
v 146.955185 -227.853287 -66.907249
v 146.159576 -227.23941 -65.220627
v 145.276855 -226.639618 -63.57272
v 144.309143 -226.055359 -61.967499
v 143.258789 -225.488052 -60.408833
v 142.128296 -224.939056 -58.900471
v 140.920425 -224.409698 -57.446056
v 139.638046 -223.90123 -56.049084
v 138.284271 -223.414917 -54.712921
v 136.862366 -222.951889 -53.440788
v 135.375732 -222.51329 -52.235752
v 133.827972 -222.100174 -51.100716
v 132.222809 -221.713531 -50.038406
v 130.564102 -221.354279 -49.051392
v 128.855865 -221.023315 -48.142048
v 127.102203 -220.721405 -47.312561
v 125.307335 -220.44928 -46.56493
v 123.475594 -220.207626 -45.900963
v 121.611389 -219.996994 -45.32225
v 119.719208 -219.817886 -44.830193
v 117.803612 -219.670776 -44.425976
v 115.869217 -219.555969 -44.110569
v 113.920685 -219.47377 -43.884731
v 111.962708 -219.424377 -43.749012
v 110.0 -219.407898 -43.703739
v -199.945877 354.75351 -415.562714
v -199.903931 354.836212 -415.789948
v -199.975922 354.670197 -415.333832
v -199.993973 354.586487 -415.103851
v -199.850159 354.918091 -416.014954
v -199.784698 354.998993 -416.237213
v -199.707718 355.078705 -416.456177
v -199.6194 355.157013 -416.671356
v -199.519943 355.233734 -416.882172
v -199.409607 355.308716 -417.088165
v -199.288651 355.381744 -417.288818
v -199.157349 355.452667 -417.483643
v -199.016037 355.521271 -417.67218
v -198.865051 355.587463 -417.854004
v -198.704758 355.651001 -418.028625
v -198.357788 355.769684 -418.354645
v -198.535538 355.711792 -418.195618
v -198.171967 355.824493 -418.50528
v -197.777847 355.924469 -418.779938
v -197.9785 355.876129 -418.647156
v -197.570511 355.969391 -418.90332
v -197.356979 356.010742 -419.016998
v -197.137772 356.048492 -419.120667
v -196.913422 356.082489 -419.214142
v -196.684448 356.112701 -419.297119
v -196.214905 356.161438 -419.430969
v -196.451416 356.139038 -419.369476
v -195.975449 356.17981 -419.481506
v -195.733658 356.194153 -419.520935
v -195.490082 356.204437 -419.549164
v -195.245331 356.210602 -419.566132
v -150.006027 354.586487 -415.103851
v -150.054123 354.75351 -415.562714
v -150.024078 354.670197 -415.333832
v -150.096069 354.836212 -415.789948
v -150.215302 354.998993 -416.237213
v -150.149841 354.918091 -416.014954
v -153.785095 356.161438 -419.430969
v -153.548584 356.139038 -419.369476
v -154.024551 356.17981 -419.481506
v -154.266342 356.194153 -419.520935
v -150.292282 355.078705 -416.456177
v -153.315552 356.112701 -419.297119
v -154.509918 356.204437 -419.549164
v -150.3806 355.157013 -416.671356
v -153.086578 356.082489 -419.214142
v -154.754669 356.210602 -419.566132
v -150.480057 355.233734 -416.882172
v -152.862228 356.048492 -419.120667
v -150.711349 355.381744 -417.288818
v -150.590393 355.308716 -417.088165
v -152.643021 356.010742 -419.016998
v -152.429489 355.969391 -418.90332
v -150.842651 355.452667 -417.483643
v -152.222153 355.924469 -418.779938
v -150.983963 355.521271 -417.67218
v -152.0215 355.876129 -418.647156
v -151.828033 355.824493 -418.50528
v -151.642212 355.769684 -418.354645
v -151.134949 355.587463 -417.854004
v -151.464462 355.711792 -418.195618
v -151.295242 355.651001 -418.028625
v -199.993973 359.284943 -413.393768
v -199.975922 359.368652 -413.623749
v -199.945877 359.451965 -413.852631
v -199.903931 359.534668 -414.079834
v -199.850159 359.616547 -414.30484
v -199.784698 359.697449 -414.5271
v -199.707718 359.777161 -414.746094
v -199.6194 359.855469 -414.961243
v -199.519943 359.93219 -415.172058
v -199.409607 360.007172 -415.378052
v -199.288651 360.0802 -415.578705
v -199.157349 360.151123 -415.773529
v -199.016037 360.219757 -415.962097
v -198.865051 360.285919 -416.14389
v -198.704758 360.349487 -416.318512
v -198.535538 360.410248 -416.485535
v -198.357788 360.46814 -416.644562
v -198.171967 360.52298 -416.795166
v -197.9785 360.574615 -416.937042
v -197.777847 360.622925 -417.069855
v -197.570511 360.667847 -417.193237
v -197.356979 360.709229 -417.306885
v -197.137772 360.746948 -417.410583
v -196.913422 360.780975 -417.504028
v -196.684448 360.811188 -417.587036
v -196.451416 360.837494 -417.659363
v -196.214905 360.859894 -417.720886
v -195.975449 360.878296 -417.771393
v -195.733658 360.892639 -417.810822
v -195.490082 360.902893 -417.83905
v -195.245331 360.909088 -417.856018
v -195.0 360.911133 -417.861694
v -150.096069 359.534668 -414.079834
v -150.024078 359.368652 -413.623749
v -150.054123 359.451965 -413.852631
v -153.785095 360.859894 -417.720886
v -154.024551 360.878296 -417.771393
v -154.266342 360.892639 -417.810822
v -154.509918 360.902893 -417.83905
v -154.754669 360.909088 -417.856018
v -150.149841 359.616547 -414.30484
v -150.006027 359.284943 -413.393768
v -150.3806 359.855469 -414.961243
v -150.215302 359.697449 -414.5271
v -150.292282 359.777161 -414.746094
v -153.086578 360.780975 -417.504028
v -153.315552 360.811188 -417.587036
v -153.548584 360.837494 -417.659363
v -150.480057 359.93219 -415.172058
v -152.862228 360.746948 -417.410583
v -150.711349 360.0802 -415.578705
v -150.590393 360.007172 -415.378052
v -152.429489 360.667847 -417.193237
v -152.643021 360.709229 -417.306885
v -152.222153 360.622925 -417.069855
v -150.983963 360.219757 -415.962097
v -150.842651 360.151123 -415.773529
v -151.295242 360.349487 -416.318512
v -151.134949 360.285919 -416.14389
v -151.642212 360.46814 -416.644562
v -151.828033 360.52298 -416.795166
v -152.0215 360.574615 -416.937042
v -151.464462 360.410248 -416.485535
v 195.0 356.212677 -419.571777
v -155.0 356.212677 -419.571777
v -195.0 356.212677 -419.571777
v -155.0 360.911133 -417.861694
vn -0.0 -0.0 -1.0
vn -0.0 -0.0 -1.0
vn -0.0 -0.0 -1.0
vn -0.0 0.0 -1.0
vn -0.0 -0.0 -1.0
vn -0.0 -0.0 -1.0
vn 0.0 -0.0 -1.0
vn 0.0 -0.0 -1.0
vn -0.0 -0.0 -1.0
vn -0.0 -0.0 -1.0
vn 0.0 -0.0 -1.0
vn -0.0 -0.0 -1.0
vn 0.0 -0.0 -1.0
vn -0.0 -0.0 -1.0
vn 0.0 -0.0 -1.0
vn 0.0 -0.0 -1.0
vn -0.0 -0.0 -1.0
vn 0.0 -0.0 -1.0
vn -0.0 -0.0 -1.0
vn -0.0 -0.0 -1.0
vn 0.0 -0.0 -1.0
vn -0.0 -0.0 -1.0
vn 0.0 -0.0 -1.0
vn 0.0 -0.0 -1.0
vn -0.0 -0.0 -1.0
vn -0.0 -0.0 -1.0
vn 0.0 -0.0 -1.0
vn -0.0 -0.0 -1.0
vn 0.0 -0.0 -1.0
vn -0.0 0.0 -1.0
vn 0.0 -0.0 -1.0
vn 0.0 0.0 -1.0
vn 0.0 -0.0 -1.0
vn 0.0 0.0 -1.0
vn 0.0 0.0 -1.0
vn 0.0 0.0 -1.0
vn 0.0 0.0 -1.0
vn 0.0 0.0 -1.0
vn 0.0 0.0 -1.0
vn 0.0 0.0 -1.0
vn 0.0 0.0 -1.0
vn 0.0 0.0 -1.0
vn 0.0 0.0 -1.0
vn 0.0 0.0 -1.0
vn 0.0 0.0 -1.0
vn 0.0 0.0 -1.0
vn 0.0 -0.0 -1.0
vn 0.0 0.0 -1.0
vn 0.0 0.0 -1.0
vn 0.0 0.0 -1.0
vn 0.0 0.0 -1.0
vn 0.0 -0.0 -1.0
vn 0.0 0.0 -1.0
vn 0.0 0.0 -1.0
vn 0.0 -0.0 -1.0
vn 0.0 0.0 -1.0
vn 0.0 0.0 -1.0
vn 0.0 0.0 -1.0
vn 0.0 0.0 -1.0
vn 0.0 -0.0 -1.0
vn 0.0 0.0 -1.0
vn 0.0 -0.0 -1.0
vn 0.0 0.0 -1.0
vn 0.0 0.0 -1.0
vn 0.0 -0.0 -1.0
vn 0.0 -0.0 -1.0
vn 0.0 0.0 -1.0
vn 0.0 -0.0 -1.0
vn 0.0 -0.0 -1.0
vn 0.0 0.0 -1.0
vn 0.0 -0.0 -1.0
vn 0.0 -0.0 -1.0
vn 0.0 0.0 -1.0
vn 0.0 -0.0 -1.0
vn 0.0 -0.0 -1.0
vn 0.0 0.0 -1.0
vn 0.0 -0.0 -1.0
vn 0.0 -0.0 -1.0
vn 0.0 -0.0 -1.0
vn 0.0 0.0 -1.0
vn 0.0 -0.0 -1.0
vn 0.0 0.0 -1.0
vn 0.0 -0.0 -1.0
vn 0.0 -0.0 -1.0
vn 0.0 0.0 -1.0
vn 0.0 -0.0 -1.0
vn 0.0 -0.0 -1.0
vn 0.0 -0.0 -1.0
vn 0.0 0.0 -1.0
vn 0.0 -0.0 -1.0
vn 0.0 0.0 -1.0
vn 0.0 -0.0 -1.0
vn 0.0 -0.0 -1.0
vn 0.0 0.0 -1.0
vn 0.0 0.0 -1.0
vn 0.0 -0.0 -1.0
vn 0.0 -0.0 -1.0
vn 0.0 -0.0 -1.0
vn 0.0 0.0 -1.0
vn 0.0 -0.0 -1.0
vn 0.0 -0.0 -1.0
vn 0.0 -0.0 -1.0
vn -0.0 0.0 -1.0
vn 0.0 0.0 -1.0
vn 0.0 -0.0 -1.0
vn 0.0 -0.0 -1.0
vn 0.0 -0.0 -1.0
vn 0.0 -0.0 -1.0
vn 0.0 -0.0 -1.0
vn 0.0 -0.0 -1.0
vn 0.0 -0.0 -1.0
vn 0.0 -0.0 -1.0
vn 0.0 -0.0 -1.0
vn 0.0 -0.0 -1.0
vn 0.0 -0.0 -1.0
vn 0.0 -0.0 -1.0
vn 0.0 -0.0 -1.0
vn 0.0 -0.0 -1.0
vn 0.0 -0.0 -1.0
vn 0.0 -0.0 -1.0
vn 0.0 0.0 -1.0
vn 0.0 0.0 -1.0
vn 0.0 0.0 -1.0
vn -0.0 -0.0 -1.0
vn -0.0 -0.0 -1.0
vn -0.0 -0.0 -1.0
vn -0.0 -0.0 -1.0
vn -0.0 -0.0 -1.0
vn -0.0 -0.0 -1.0
vn -0.0 -0.0 -1.0
vn -0.0 -0.0 -1.0
vn -0.0 -0.0 -1.0
vn -0.0 -0.0 -1.0
vn -0.0 -0.0 -1.0
vn -0.0 -0.0 -1.0
vn -0.0 -0.0 -1.0
vn -0.0 -0.0 -1.0
vn 0.0 0.0 -1.0
vn -0.0 1.0 0.0
vn 0.0 1.0 0.0
vn 0.024553 0.999699 0.0
vn 0.024553 0.999699 -0.0
vn 0.073537 0.997292 0.0
vn 0.122442 0.992476 0.0
vn 0.073537 0.997292 -0.0
vn 0.122442 0.992476 0.0
vn 0.170929 0.985283 0.0
vn 0.170929 0.985283 -0.0
vn 0.219133 0.975695 0.0
vn 0.266718 0.963775 0.0
vn 0.219133 0.975695 -0.0
vn 0.266718 0.963775 0.0
vn 0.313676 0.94953 0.0
vn 0.313676 0.94953 -0.0
vn 0.359876 0.933 0.0
vn 0.359876 0.933 -0.0
vn 0.405267 0.914198 -0.0
vn 0.405267 0.914198 0.0
vn 0.449572 0.893244 0.0
vn 0.449572 0.893244 -0.0
vn 0.492904 0.870084 0.0
vn 0.535031 0.844832 0.0
vn 0.492904 0.870084 -0.0
vn 0.535031 0.844832 0.0
vn 0.575794 0.817595 0.0
vn 0.575794 0.817595 -0.0
vn 0.615218 0.788357 0.0
vn 0.615218 0.788357 -0.0
vn 0.653166 0.757215 0.0
vn 0.653166 0.757215 -0.0
vn 0.689574 0.724215 0.0
vn 0.689574 0.724215 -0.0
vn 0.724215 0.689574 0.0
vn 0.724215 0.689574 -0.0
vn 0.757215 0.653166 0.0
vn 0.757215 0.653166 -0.0
vn 0.788357 0.615218 0.0
vn 0.788357 0.615218 -0.0
vn 0.817595 0.575794 0.0
vn 0.817595 0.575794 -0.0
vn 0.844832 0.535031 0.0
vn 0.844832 0.535031 -0.0
vn 0.870084 0.492904 0.0
vn 0.870084 0.492904 -0.0
vn 0.893244 0.449572 0.0
vn 0.893244 0.449572 -0.0
vn 0.914198 0.405267 0.0
vn 0.914198 0.405267 -0.0
vn 0.933 0.359876 0.0
vn 0.933 0.359876 -0.0
vn 0.94953 0.313676 0.0
vn 0.94953 0.313676 -0.0
vn 0.963775 0.266718 0.0
vn 0.963775 0.266718 -0.0
vn 0.975695 0.219133 0.0
vn 0.975695 0.219133 -0.0
vn 0.985283 0.170929 0.0
vn 0.985283 0.170929 -0.0
vn 0.992476 0.122442 0.0
vn 0.997292 0.073537 0.0
vn 0.992476 0.122442 -0.0
vn 0.997292 0.073537 0.0
vn 0.999699 0.024553 0.0
vn 0.999699 0.024553 0.0
vn -0.024553 0.999699 0.0
vn -0.024553 0.999699 0.0
vn -0.073537 0.997292 0.0
vn -0.073537 0.997292 0.0
vn -0.122442 0.992476 0.0
vn -0.122442 0.992476 0.0
vn -0.170929 0.985283 0.0
vn -0.170929 0.985283 0.0
vn -0.219133 0.975695 0.0
vn -0.219133 0.975695 0.0
vn -0.266718 0.963775 0.0
vn -0.266718 0.963775 0.0
vn -0.313676 0.94953 0.0
vn -0.313676 0.94953 0.0
vn -0.359876 0.933 0.0
vn -0.359876 0.933 0.0
vn -0.405267 0.914198 0.0
vn -0.405267 0.914198 0.0
vn -0.449572 0.893244 0.0
vn -0.492904 0.870084 0.0
vn -0.449572 0.893244 0.0
vn -0.492904 0.870084 0.0
vn -0.535031 0.844832 0.0
vn -0.535031 0.844832 0.0
vn -0.575794 0.817595 0.0
vn -0.575794 0.817595 0.0
vn -0.615218 0.788357 0.0
vn -0.615218 0.788357 0.0
vn -0.653166 0.757215 0.0
vn -0.689574 0.724215 0.0
vn -0.653166 0.757215 0.0
vn -0.689574 0.724215 0.0
vn -0.724215 0.689574 0.0
vn -0.757215 0.653166 0.0
vn -0.724215 0.689574 0.0
vn -0.757215 0.653166 0.0
vn -0.788357 0.615218 0.0
vn -0.817595 0.575794 0.0
vn -0.788357 0.615218 0.0
vn -0.817595 0.575794 0.0
vn -0.844832 0.535031 0.0
vn -0.870084 0.492904 0.0
vn -0.844832 0.535031 0.0
vn -0.870084 0.492904 0.0
vn -0.893244 0.449572 0.0
vn -0.914198 0.405267 0.0
vn -0.893244 0.449572 0.0
vn -0.914198 0.405267 0.0
vn -0.933 0.359876 0.0
vn -0.933 0.359876 0.0
vn -0.94953 0.313676 0.0
vn -0.94953 0.313676 0.0
vn -0.963775 0.266718 0.0
vn -0.963775 0.266718 0.0
vn -0.975695 0.219133 0.0
vn -0.975695 0.219133 0.0
vn -0.985283 0.170929 0.0
vn -0.992476 0.122442 0.0
vn -0.985283 0.170929 0.0
vn -0.992476 0.122442 0.0
vn -0.997292 0.073537 0.0
vn -0.997292 0.073537 0.0
vn -0.999699 0.024553 0.0
vn -0.999699 0.024553 0.0
vn 1.0 0.0 0.0
vn 1.0 0.0 0.0
vn 1.0 0.0 0.0
vn 1.0 0.0 0.0
vn 1.0 -0.0 0.0
vn 1.0 0.0 0.0
vn 1.0 0.0 0.0
vn 1.0 -0.0 0.0
vn 1.0 0.0 0.0
vn 1.0 0.0 0.0
vn 1.0 0.0 0.0
vn 1.0 -0.0 0.0
vn 1.0 0.0 0.0
vn 1.0 0.0 0.0
vn 1.0 0.0 0.0
vn 1.0 0.0 0.0
vn 1.0 -0.0 0.0
vn 1.0 0.0 0.0
vn 1.0 0.0 0.0
vn 1.0 0.0 0.0
vn 1.0 -0.0 0.0
vn 1.0 0.0 0.0
vn 1.0 0.0 0.0
vn 1.0 0.0 0.0
vn 1.0 -0.0 0.0
vn 1.0 0.0 0.0
vn 1.0 0.0 0.0
vn 1.0 0.0 0.0
vn 1.0 -0.0 0.0
vn 1.0 0.0 0.0
vn 1.0 0.0 0.0
vn 1.0 0.0 0.0
vn 1.0 -0.0 0.0
vn 1.0 0.0 0.0
vn 1.0 0.0 0.0
vn 1.0 0.0 0.0
vn 1.0 -0.0 0.0
vn 1.0 0.0 0.0
vn 1.0 -0.0 0.0
vn 1.0 0.0 0.0
vn 1.0 -0.0 0.0
vn 1.0 0.0 0.0
vn 1.0 -0.0 0.0
vn 1.0 0.0 0.0
vn 1.0 -0.0 0.0
vn 1.0 0.0 0.0
vn 1.0 -0.0 0.0
vn 1.0 0.0 0.0
vn 1.0 -0.0 0.0
vn 1.0 0.0 0.0
vn 1.0 -0.0 0.0
vn 1.0 0.0 0.0
vn 1.0 -0.0 0.0
vn 1.0 0.0 0.0
vn 1.0 0.0 0.0
vn -1.0 0.0 0.0
vn -1.0 0.0 0.0
vn -1.0 0.0 0.0
vn -1.0 0.0 0.0
vn -1.0 0.0 0.0
vn -1.0 0.0 0.0
vn -1.0 0.0 0.0
vn -1.0 0.0 0.0
vn -1.0 0.0 0.0
vn -1.0 0.0 0.0
vn -1.0 0.0 0.0
vn -1.0 0.0 0.0
vn -1.0 0.0 0.0
vn -1.0 0.0 0.0
vn -1.0 0.0 0.0
vn -1.0 0.0 0.0
vn -1.0 0.0 0.0
vn -1.0 0.0 0.0
vn -1.0 0.0 0.0
vn -1.0 0.0 0.0
vn -1.0 0.0 0.0
vn -1.0 0.0 0.0
vn -1.0 0.0 0.0
vn -1.0 0.0 0.0
vn -1.0 0.0 0.0
vn -1.0 0.0 0.0
vn -1.0 0.0 0.0
vn -1.0 0.0 0.0
vn -1.0 0.0 0.0
vn -1.0 0.0 0.0
vn -1.0 0.0 0.0
vn -1.0 0.0 0.0
vn -1.0 0.0 0.0
vn -1.0 0.0 0.0
vn -1.0 0.0 0.0
vn -1.0 0.0 0.0
vn -1.0 0.0 0.0
vn -1.0 0.0 0.0
vn -1.0 0.0 0.0
vn -1.0 0.0 0.0
vn -1.0 0.0 0.0
vn -1.0 0.0 0.0
vn -1.0 0.0 0.0
vn -1.0 0.0 0.0
vn -1.0 0.0 0.0
vn -1.0 0.0 0.0
vn -1.0 0.0 0.0
vn -1.0 0.0 0.0
vn -1.0 0.0 0.0
vn -1.0 0.0 0.0
vn -1.0 0.0 0.0
vn -1.0 0.0 0.0
vn -1.0 0.0 0.0
vn -1.0 0.0 0.0
vn 0.0 0.021815 -0.999762
vn 0.0 0.065403 -0.997859
vn 0.0 0.021815 -0.999762
vn 0.0 0.108864 -0.994057
vn 0.0 0.065403 -0.997859
vn 0.0 0.152126 -0.988361
vn 0.0 0.108864 -0.994057
vn 0.0 0.197468 -0.980309
vn 0.0 0.152126 -0.988361
vn 0.0 0.244739 -0.969589
vn 0.0 0.197468 -0.980309
vn 0.0 0.291448 -0.956587
vn 0.0 0.244739 -0.969589
vn 0.0 0.337461 -0.94134
vn 0.0 0.291448 -0.956587
vn 0.0 0.382687 -0.923878
vn 0.0 0.337461 -0.94134
vn 0.0 0.427003 -0.90425
vn 0.0 0.382687 -0.923878
vn 0.0 0.470333 -0.882489
vn 0.0 0.427003 -0.90425
vn 0.0 0.512534 -0.858667
vn 0.0 0.470333 -0.882489
vn 0.0 0.512534 -0.858667
vn 0.0 0.553556 -0.832812
vn 0.0 0.553556 -0.832812
vn 0.0 0.59326 -0.80501
vn 0.0 0.631584 -0.775307
vn 0.0 0.59326 -0.80501
vn 0.0 0.631584 -0.775307
vn 0.0 0.66841 -0.743793
vn 0.0 0.703673 -0.710524
vn 0.0 0.66841 -0.743793
vn 0.0 0.737266 -0.675603
vn 0.0 0.703673 -0.710524
vn 0.0 0.76915 -0.639068
vn 0.0 0.737266 -0.675603
vn 0.0 0.799231 -0.601024
vn 0.0 0.76915 -0.639068
vn 0.0 0.827406 -0.561604
vn 0.0 0.799231 -0.601024
vn 0.0 0.853652 -0.520843
vn 0.0 0.827406 -0.561604
vn 0.0 0.853652 -0.520843
vn 0.0 0.876727 -0.480988
vn 0.0 0.876727 -0.480988
vn 0.0 0.896865 -0.442304
vn 0.0 0.896865 -0.442304
vn 0.0 0.915309 -0.402752
vn 0.0 0.915309 -0.402752
vn 0.0 0.932011 -0.36243
vn 0.0 0.932011 -0.36243
vn -0.0 -0.024432 -0.999701
vn 0.0 -0.024432 -0.999701
vn -0.0 -0.073238 -0.997315
vn -0.0 -0.121873 -0.992546
vn 0.0 -0.073238 -0.997315
vn -0.0 -0.121873 -0.992546
vn -0.0 -0.170201 -0.985409
vn -0.0 -0.218147 -0.975916
vn 0.0 -0.170201 -0.985409
vn -0.0 -0.265556 -0.964096
vn -0.0 -0.218147 -0.975916
vn -0.0 -0.265556 -0.964096
vn -0.0 -0.312332 -0.949973
vn 0.0 -0.312332 -0.949973
vn -0.0 -0.358376 -0.933577
vn -0.0 -0.40355 -0.914957
vn 0.0 -0.358376 -0.933577
vn -0.0 -0.40355 -0.914957
vn -0.0 -0.447761 -0.894153
vn 0.0 -0.447761 -0.894153
vn 0.0 -0.490897 -0.871217
vn -0.0 -0.490897 -0.871217
vn -0.0 -0.53288 -0.846191
vn -0.0 -0.53288 -0.846191
vn 0.0 -0.573552 -0.819169
vn -0.0 -0.573552 -0.819169
vn -0.0 -0.612933 -0.790135
vn 0.0 -0.612933 -0.790135
vn -0.0 -0.650755 -0.759288
vn 0.0 -0.650755 -0.759288
vn -0.0 -0.687082 -0.72658
vn 0.0 -0.687082 -0.72658
vn -0.0 -0.721776 -0.692127
vn 0.0 -0.721776 -0.692127
vn -0.0 -0.754701 -0.656069
vn 0.0 -0.754701 -0.656069
vn -0.0 -0.785853 -0.618413
vn -0.0 -0.815139 -0.579266
vn 0.0 -0.785853 -0.618413
vn -0.0 -0.842445 -0.538783
vn -0.0 -0.815139 -0.579266
vn -0.0 -0.842445 -0.538783
vn -0.0 -0.867778 -0.496951
vn 0.0 -0.867778 -0.496951
vn -0.0 -0.891013 -0.453979
vn 0.0 -0.891013 -0.453979
vn -0.0 -0.912112 -0.409942
vn 0.0 -0.912112 -0.409942
vn -0.0 -0.931063 -0.364857
vn 0.0 -0.931063 -0.364857
vn -1.0 0.0 0.0
vn -1.0 0.0 0.0
vn -1.0 0.0 0.0
vn -1.0 0.0 0.0
vn -1.0 0.0 0.0
vn -1.0 0.0 0.0
vn -1.0 0.0 0.0
vn -1.0 0.0 0.0
vn -1.0 0.0 0.0
vn -1.0 0.0 0.0
vn -1.0 0.0 0.0
vn -1.0 0.0 0.0
vn -1.0 0.0 0.0
vn -1.0 0.0 0.0
vn -1.0 0.0 0.0
vn -1.0 0.0 0.0
vn -1.0 0.0 0.0
vn -1.0 0.0 0.0
vn -1.0 0.0 0.0
vn -1.0 0.0 0.0
vn -1.0 0.0 0.0
vn -1.0 0.0 0.0
vn -1.0 0.0 0.0
vn -1.0 0.0 0.0
vn -1.0 0.0 0.0
vn -1.0 0.0 0.0
vn -1.0 0.0 0.0
vn -1.0 0.0 0.0
vn -1.0 0.0 0.0
vn -1.0 0.0 0.0
vn -1.0 0.0 0.0
vn -1.0 0.0 0.0
vn -1.0 0.0 0.0
vn -1.0 0.0 0.0
vn -1.0 0.0 0.0
vn -1.0 0.0 0.0
vn -1.0 0.0 0.0
vn -1.0 0.0 0.0
vn -1.0 0.0 0.0
vn -1.0 0.0 0.0
vn -1.0 0.0 0.0
vn -1.0 0.0 0.0
vn -1.0 0.0 0.0
vn -1.0 0.0 0.0
vn -1.0 0.0 0.0
vn -1.0 0.0 0.0
vn -1.0 0.0 0.0
vn -1.0 0.0 0.0
vn -1.0 0.0 0.0
vn -1.0 0.0 0.0
vn -1.0 0.0 0.0
vn -1.0 0.0 0.0
vn -1.0 0.0 0.0
vn -1.0 0.0 0.0
vn -1.0 0.0 0.0
vn 1.0 0.0 0.0
vn 1.0 -0.0 0.0
vn 1.0 -0.0 0.0
vn 1.0 0.0 0.0
vn 1.0 0.0 0.0
vn 1.0 -0.0 0.0
vn 1.0 0.0 0.0
vn 1.0 -0.0 0.0
vn 1.0 0.0 0.0
vn 1.0 -0.0 0.0
vn 1.0 0.0 0.0
vn 1.0 -0.0 0.0
vn 1.0 0.0 0.0
vn 1.0 0.0 0.0
vn 1.0 -0.0 0.0
vn 1.0 -0.0 0.0
vn 1.0 0.0 0.0
vn 1.0 -0.0 0.0
vn 1.0 0.0 0.0
vn 1.0 0.0 0.0
vn 1.0 0.0 0.0
vn 1.0 0.0 0.0
vn 1.0 0.0 0.0
vn 1.0 0.0 0.0
vn 1.0 0.0 0.0
vn 1.0 0.0 0.0
vn 1.0 0.0 0.0
vn 1.0 0.0 0.0
vn 1.0 0.0 0.0
vn 1.0 0.0 0.0
vn 1.0 0.0 0.0
vn 1.0 0.0 0.0
vn 1.0 0.0 0.0
vn 1.0 0.0 0.0
vn 1.0 0.0 0.0
vn 1.0 0.0 0.0
vn 1.0 0.0 0.0
vn 1.0 0.0 0.0
vn 1.0 0.0 0.0
vn 1.0 0.0 0.0
vn 1.0 0.0 0.0
vn 1.0 0.0 0.0
vn 1.0 0.0 0.0
vn 1.0 0.0 0.0
vn 1.0 0.0 0.0
vn 1.0 0.0 0.0
vn 1.0 0.0 0.0
vn 1.0 0.0 0.0
vn 1.0 0.0 0.0
vn 1.0 0.0 0.0
vn 1.0 0.0 0.0
vn 1.0 0.0 0.0
vn 1.0 0.0 0.0
vn 1.0 -0.0 0.0
vn 1.0 0.0 0.0
vn 1.0 -0.0 0.0
vn 1.0 0.0 0.0
vn 1.0 0.0 0.0
vn 1.0 -0.0 0.0
vn 1.0 0.0 0.0
vn 1.0 -0.0 0.0
vn 1.0 0.0 0.0
vn 1.0 -0.0 0.0
vn 1.0 0.0 0.0
vn 1.0 0.0 0.0
vn 1.0 -0.0 0.0
vn 1.0 -0.0 0.0
vn 1.0 -0.0 0.0
vn 1.0 0.0 0.0
vn 1.0 0.0 0.0
vn 1.0 0.0 0.0
vn 1.0 -0.0 0.0
vn 1.0 0.0 0.0
vn 1.0 0.0 0.0
vn 1.0 0.0 0.0
vn 1.0 -0.0 0.0
vn 1.0 0.0 0.0
vn 1.0 0.0 0.0
vn 1.0 0.0 0.0
vn 1.0 -0.0 0.0
vn 1.0 0.0 0.0
vn 1.0 0.0 0.0
vn 1.0 0.0 0.0
vn 1.0 0.0 0.0
vn 1.0 -0.0 0.0
vn 1.0 0.0 0.0
vn 1.0 0.0 0.0
vn 1.0 -0.0 0.0
vn 1.0 0.0 0.0
vn 1.0 0.0 0.0
vn 1.0 -0.0 0.0
vn 1.0 0.0 0.0
vn 1.0 0.0 0.0
vn 1.0 0.0 0.0
vn 1.0 0.0 0.0
vn 1.0 -0.0 0.0
vn 1.0 0.0 0.0
vn 1.0 0.0 0.0
vn 1.0 0.0 0.0
vn 1.0 -0.0 0.0
vn 1.0 0.0 0.0
vn 1.0 0.0 0.0
vn 1.0 0.0 0.0
vn 1.0 0.0 0.0
vn 1.0 -0.0 0.0
vn 1.0 0.0 0.0
vn -0.024553 0.999699 0.0
vn -0.024553 0.999699 0.0
vn -0.073537 0.997292 0.0
vn -0.122442 0.992476 0.0
vn -0.073537 0.997292 0.0
vn -0.122442 0.992476 0.0
vn -0.170929 0.985283 0.0
vn -0.170929 0.985283 0.0
vn -0.219133 0.975695 0.0
vn -0.266718 0.963775 0.0
vn -0.219133 0.975695 0.0
vn -0.266718 0.963775 0.0
vn -0.313676 0.94953 0.0
vn -0.313676 0.94953 0.0
vn -0.359876 0.933 0.0
vn -0.359876 0.933 0.0
vn -0.405267 0.914198 0.0
vn -0.405267 0.914198 0.0
vn -0.449572 0.893244 0.0
vn -0.449572 0.893244 0.0
vn -0.492904 0.870084 0.0
vn -0.535031 0.844832 0.0
vn -0.492904 0.870084 0.0
vn -0.535031 0.844832 0.0
vn -0.575794 0.817595 0.0
vn -0.575794 0.817595 0.0
vn -0.615218 0.788357 0.0
vn -0.615218 0.788357 0.0
vn -0.653166 0.757215 0.0
vn -0.653166 0.757215 0.0
vn -0.689574 0.724215 0.0
vn -0.689574 0.724215 0.0
vn -0.724215 0.689574 0.0
vn -0.724215 0.689574 0.0
vn -0.757215 0.653166 0.0
vn -0.757215 0.653166 0.0
vn -0.788357 0.615218 0.0
vn -0.788357 0.615218 0.0
vn -0.817595 0.575794 0.0
vn -0.817595 0.575794 0.0
vn -0.844832 0.535031 0.0
vn -0.844832 0.535031 0.0
vn -0.870084 0.492904 0.0
vn -0.870084 0.492904 0.0
vn -0.893244 0.449572 0.0
vn -0.893244 0.449572 0.0
vn -0.914198 0.405267 0.0
vn -0.914198 0.405267 0.0
vn -0.933 0.359876 0.0
vn -0.933 0.359876 0.0
vn -0.94953 0.313676 0.0
vn -0.94953 0.313676 0.0
vn -0.963775 0.266718 0.0
vn -0.963775 0.266718 0.0
vn -0.975695 0.219133 0.0
vn -0.975695 0.219133 0.0
vn -0.985283 0.170929 0.0
vn -0.985283 0.170929 0.0
vn -0.992476 0.122442 0.0
vn -0.997292 0.073537 0.0
vn -0.992476 0.122442 0.0
vn -0.997292 0.073537 0.0
vn -0.999699 0.024553 0.0
vn -0.999699 0.024553 0.0
vn 0.0 0.024432 -0.999701
vn 0.0 0.024432 -0.999701
vn 0.0 0.073238 -0.997315
vn 0.0 0.121873 -0.992546
vn 0.0 0.073238 -0.997315
vn 0.0 0.121873 -0.992546
vn 0.0 0.170201 -0.985409
vn 0.0 0.218147 -0.975916
vn 0.0 0.170201 -0.985409
vn 0.0 0.265556 -0.964096
vn 0.0 0.218147 -0.975916
vn 0.0 0.265556 -0.964096
vn 0.0 0.312332 -0.949973
vn 0.0 0.312332 -0.949973
vn 0.0 0.358376 -0.933577
vn 0.0 0.40355 -0.914957
vn 0.0 0.358376 -0.933577
vn 0.0 0.40355 -0.914957
vn 0.0 0.447761 -0.894153
vn 0.0 0.447761 -0.894153
vn 0.0 0.490897 -0.871217
vn 0.0 0.490897 -0.871217
vn 0.0 0.53288 -0.846191
vn 0.0 0.53288 -0.846191
vn 0.0 0.573552 -0.819169
vn 0.0 0.573552 -0.819169
vn 0.0 0.612933 -0.790135
vn 0.0 0.612933 -0.790135
vn 0.0 0.650755 -0.759288
vn 0.0 0.650755 -0.759288
vn 0.0 0.687082 -0.72658
vn 0.0 0.687082 -0.72658
vn 0.0 0.721776 -0.692127
vn 0.0 0.721776 -0.692127
vn 0.0 0.754701 -0.656069
vn 0.0 0.754701 -0.656069
vn 0.0 0.785853 -0.618413
vn 0.0 0.815139 -0.579266
vn 0.0 0.785853 -0.618413
vn 0.0 0.842445 -0.538783
vn 0.0 0.815139 -0.579266
vn 0.0 0.842445 -0.538783
vn 0.0 0.867778 -0.496951
vn 0.0 0.867778 -0.496951
vn 0.0 0.891013 -0.453979
vn 0.0 0.891013 -0.453979
vn 0.0 0.912112 -0.409942
vn 0.0 0.912112 -0.409942
vn 0.0 0.931063 -0.364857
vn 0.0 0.931063 -0.364857
vn -0.0 1.0 0.0
vn 0.0 1.0 0.0
vn -1.0 0.0 0.0
vn -1.0 0.0 0.0
vn -1.0 0.0 0.0
vn -1.0 0.0 0.0
vn -1.0 0.0 0.0
vn -1.0 0.0 0.0
vn -1.0 0.0 0.0
vn -1.0 0.0 0.0
vn -1.0 0.0 0.0
vn -1.0 0.0 0.0
vn -1.0 0.0 0.0
vn -1.0 0.0 0.0
vn -1.0 0.0 0.0
vn -1.0 0.0 0.0
vn -1.0 0.0 0.0
vn -1.0 0.0 0.0
vn -1.0 0.0 0.0
vn -1.0 0.0 0.0
vn -1.0 0.0 0.0
vn -1.0 0.0 0.0
vn -1.0 0.0 0.0
vn -1.0 0.0 0.0
vn -1.0 0.0 0.0
vn -1.0 0.0 0.0
vn -1.0 0.0 0.0
vn -1.0 0.0 0.0
vn -1.0 0.0 0.0
vn -1.0 0.0 0.0
vn -1.0 0.0 0.0
vn -1.0 0.0 0.0
vn -1.0 0.0 0.0
vn -1.0 0.0 0.0
vn -1.0 0.0 0.0
vn -1.0 0.0 0.0
vn -1.0 0.0 0.0
vn -1.0 0.0 0.0
vn -1.0 0.0 0.0
vn -1.0 0.0 0.0
vn -1.0 0.0 0.0
vn -1.0 0.0 0.0
vn -1.0 0.0 0.0
vn -1.0 0.0 0.0
vn -1.0 0.0 0.0
vn -1.0 0.0 0.0
vn -1.0 0.0 0.0
vn -1.0 0.0 0.0
vn -1.0 0.0 0.0
vn -1.0 0.0 0.0
vn -1.0 0.0 0.0
vn -1.0 0.0 0.0
vn -1.0 0.0 0.0
vn -1.0 0.0 0.0
vn -1.0 0.0 0.0
vn -1.0 0.0 0.0
vn -1.0 0.0 0.0
vn -1.0 0.0 0.0
vn -1.0 0.0 0.0
vn -1.0 0.0 0.0
vn -1.0 0.0 0.0
vn -1.0 0.0 0.0
vn -1.0 0.0 0.0
vn -1.0 0.0 0.0
vn -1.0 0.0 0.0
vn -1.0 0.0 0.0
vn -1.0 0.0 0.0
vn -1.0 0.0 0.0
vn -1.0 0.0 0.0
vn -1.0 0.0 0.0
vn -1.0 0.0 0.0
vn -1.0 0.0 0.0
vn -1.0 0.0 0.0
vn -1.0 0.0 0.0
vn -1.0 0.0 0.0
vn -1.0 0.0 0.0
vn -1.0 0.0 0.0
vn -1.0 0.0 0.0
vn -1.0 0.0 0.0
vn -1.0 0.0 0.0
vn -1.0 0.0 0.0
vn -1.0 0.0 0.0
vn -1.0 0.0 0.0
vn -1.0 0.0 0.0
vn -1.0 0.0 0.0
vn -1.0 0.0 0.0
vn -1.0 0.0 0.0
vn -1.0 0.0 0.0
vn -1.0 0.0 0.0
vn -1.0 0.0 0.0
vn -1.0 0.0 0.0
vn -1.0 0.0 0.0
vn -1.0 0.0 0.0
vn -1.0 0.0 0.0
vn -1.0 0.0 0.0
vn -1.0 0.0 0.0
vn -1.0 0.0 0.0
vn -1.0 0.0 0.0
vn -1.0 0.0 0.0
vn -1.0 0.0 0.0
vn -1.0 0.0 0.0
vn -1.0 0.0 0.0
vn -1.0 0.0 0.0
vn -1.0 0.0 0.0
vn -1.0 0.0 0.0
vn -1.0 0.0 0.0
vn -1.0 0.0 0.0
vn -1.0 0.0 0.0
vn 0.999699 0.024553 -0.0
vn 0.999699 0.024553 0.0
vn 0.997292 0.073537 -0.0
vn 0.997292 0.073537 0.0
vn 0.992476 0.122442 -0.0
vn 0.992476 0.122442 0.0
vn 0.985283 0.170929 -0.0
vn 0.975695 0.219133 -0.0
vn 0.985283 0.170929 0.0
vn 0.975695 0.219133 -0.0
vn 0.963775 0.266718 -0.0
vn 0.94953 0.313676 -0.0
vn 0.963775 0.266718 0.0
vn 0.94953 0.313676 -0.0
vn 0.933 0.359876 0.0
vn 0.933 0.359876 -0.0
vn 0.914198 0.405267 0.0
vn 0.914198 0.405267 -0.0
vn 0.893244 0.449572 -0.0
vn 0.893244 0.449572 0.0
vn 0.870084 0.492904 -0.0
vn 0.870084 0.492904 0.0
vn 0.844832 0.535031 -0.0
vn 0.844832 0.535031 0.0
vn 0.817595 0.575794 -0.0
vn 0.817595 0.575794 0.0
vn 0.788357 0.615218 -0.0
vn 0.788357 0.615218 0.0
vn 0.757215 0.653166 -0.0
vn 0.757215 0.653166 0.0
vn 0.724215 0.689574 -0.0
vn 0.724215 0.689574 0.0
vn 0.689574 0.724215 -0.0
vn 0.653166 0.757215 -0.0
vn 0.689574 0.724215 0.0
vn 0.653166 0.757215 -0.0
vn 0.615218 0.788357 -0.0
vn 0.615218 0.788357 0.0
vn 0.575794 0.817595 -0.0
vn 0.575794 0.817595 0.0
vn 0.535031 0.844832 -0.0
vn 0.535031 0.844832 0.0
vn 0.492904 0.870084 -0.0
vn 0.492904 0.870084 0.0
vn 0.449572 0.893244 -0.0
vn 0.449572 0.893244 0.0
vn 0.405267 0.914198 -0.0
vn 0.405267 0.914198 0.0
vn 0.359876 0.933 -0.0
vn 0.359876 0.933 0.0
vn 0.313676 0.94953 -0.0
vn 0.313676 0.94953 0.0
vn 0.266718 0.963775 -0.0
vn 0.219133 0.975695 -0.0
vn 0.266718 0.963775 0.0
vn 0.219133 0.975695 -0.0
vn 0.170929 0.985283 -0.0
vn 0.170929 0.985283 0.0
vn 0.122442 0.992476 -0.0
vn 0.122442 0.992476 0.0
vn 0.073537 0.997292 -0.0
vn 0.024553 0.999699 -0.0
vn 0.073537 0.997292 0.0
vn 0.024553 0.999699 -0.0
vn -0.0 -0.024432 -0.999701
vn 0.0 -0.024432 -0.999701
vn -0.0 -0.073238 -0.997315
vn -0.0 -0.121873 -0.992546
vn 0.0 -0.073238 -0.997315
vn -0.0 -0.121873 -0.992546
vn -0.0 -0.170201 -0.985409
vn -0.0 -0.218147 -0.975916
vn 0.0 -0.170201 -0.985409
vn -0.0 -0.265556 -0.964096
vn -0.0 -0.218147 -0.975916
vn -0.0 -0.265556 -0.964096
vn -0.0 -0.312332 -0.949973
vn 0.0 -0.312332 -0.949973
vn -0.0 -0.358376 -0.933577
vn -0.0 -0.40355 -0.914957
vn 0.0 -0.358376 -0.933577
vn -0.0 -0.40355 -0.914957
vn -0.0 -0.447761 -0.894153
vn 0.0 -0.447761 -0.894153
vn 0.0 -0.490897 -0.871217
vn -0.0 -0.490897 -0.871217
vn -0.0 -0.53288 -0.846191
vn -0.0 -0.53288 -0.846191
vn 0.0 -0.573552 -0.819169
vn -0.0 -0.573552 -0.819169
vn -0.0 -0.612933 -0.790135
vn 0.0 -0.612933 -0.790135
vn -0.0 -0.650755 -0.759288
vn 0.0 -0.650755 -0.759288
vn -0.0 -0.687082 -0.72658
vn 0.0 -0.687082 -0.72658
vn -0.0 -0.721776 -0.692127
vn 0.0 -0.721776 -0.692127
vn -0.0 -0.754701 -0.656069
vn 0.0 -0.754701 -0.656069
vn -0.0 -0.785853 -0.618413
vn -0.0 -0.815139 -0.579266
vn 0.0 -0.785853 -0.618413
vn -0.0 -0.842445 -0.538783
vn -0.0 -0.815139 -0.579266
vn -0.0 -0.842445 -0.538783
vn -0.0 -0.867778 -0.496951
vn 0.0 -0.867778 -0.496951
vn -0.0 -0.891013 -0.453979
vn 0.0 -0.891013 -0.453979
vn -0.0 -0.912112 -0.409942
vn 0.0 -0.912112 -0.409942
vn -0.0 -0.931063 -0.364857
vn 0.0 -0.931063 -0.364857
vn 1.0 0.0 0.0
vn 1.0 -0.0 0.0
vn 1.0 0.0 0.0
vn 1.0 -0.0 0.0
vn 1.0 0.0 0.0
vn 1.0 -0.0 0.0
vn 1.0 0.0 0.0
vn 1.0 -0.0 0.0
vn 1.0 0.0 0.0
vn 1.0 -0.0 0.0
vn 1.0 0.0 0.0
vn 1.0 0.0 0.0
vn 1.0 -0.0 0.0
vn 1.0 -0.0 0.0
vn 1.0 0.0 0.0
vn 1.0 -0.0 0.0
vn 1.0 0.0 0.0
vn 1.0 -0.0 0.0
vn 1.0 0.0 0.0
vn 1.0 0.0 0.0
vn 1.0 0.0 0.0
vn 1.0 0.0 0.0
vn 1.0 0.0 0.0
vn 1.0 0.0 0.0
vn 1.0 0.0 0.0
vn 1.0 0.0 0.0
vn 1.0 0.0 0.0
vn 1.0 0.0 0.0
vn 1.0 0.0 0.0
vn 1.0 0.0 0.0
vn 1.0 0.0 0.0
vn 1.0 0.0 0.0
vn 1.0 0.0 0.0
vn 1.0 0.0 0.0
vn 1.0 0.0 0.0
vn 1.0 0.0 0.0
vn 1.0 0.0 0.0
vn 1.0 0.0 0.0
vn 1.0 0.0 0.0
vn 1.0 0.0 0.0
vn 1.0 0.0 0.0
vn 1.0 0.0 0.0
vn 1.0 0.0 0.0
vn 1.0 0.0 0.0
vn 1.0 0.0 0.0
vn 1.0 0.0 0.0
vn 1.0 0.0 0.0
vn 1.0 0.0 0.0
vn 1.0 0.0 0.0
vn 1.0 0.0 0.0
vn 1.0 0.0 0.0
vn 1.0 0.0 0.0
vn 1.0 0.0 0.0
vn 1.0 -0.0 0.0
vn 0.0 0.0 1.0
vn 0.0 0.0 1.0
vn 0.0 0.0 1.0
vn 0.0 0.0 1.0
vn 0.0 0.0 1.0
vn 0.0 0.0 1.0
vn 0.0 0.0 1.0
vn 0.0 0.0 1.0
vn 0.0 0.0 1.0
vn 0.0 0.0 1.0
vn 0.0 0.0 1.0
vn 0.0 0.0 1.0
vn 0.0 0.0 1.0
vn 0.0 0.0 1.0
vn 0.0 0.0 1.0
vn 0.0 0.0 1.0
vn 0.0 0.0 1.0
vn 0.0 0.0 1.0
vn 0.0 0.0 1.0
vn 0.0 0.0 1.0
vn 0.0 0.0 1.0
vn 0.0 0.0 1.0
vn 0.0 0.0 1.0
vn 0.0 0.0 1.0
vn 0.0 0.0 1.0
vn 0.0 0.0 1.0
vn 0.0 0.0 1.0
vn 0.0 0.0 1.0
vn 0.0 0.0 1.0
vn 0.0 0.0 1.0
vn 0.0 0.0 1.0
vn 0.0 0.0 1.0
vn 0.0 0.0 1.0
vn 0.0 0.0 1.0
vn 0.0 0.0 1.0
vn 0.0 0.0 1.0
vn 0.0 0.0 1.0
vn 0.0 0.0 1.0
vn 0.0 0.0 1.0
vn 0.0 0.0 1.0
vn 0.0 0.0 1.0
vn 0.0 0.0 1.0
vn 0.0 0.0 1.0
vn 0.0 0.0 1.0
vn 0.0 0.0 1.0
vn 0.0 0.0 1.0
vn 0.0 0.0 1.0
vn 0.0 0.0 1.0
vn 0.0 0.0 1.0
vn 0.0 0.0 1.0
vn 0.0 0.0 1.0
vn 0.0 0.0 1.0
vn 0.0 0.0 1.0
vn 0.0 0.0 1.0
vn 0.0 0.0 1.0
vn 0.0 0.0 1.0
vn 0.0 0.0 1.0
vn 0.0 0.0 1.0
vn 0.0 0.0 1.0
vn 0.0 0.0 1.0
vn 0.0 0.0 1.0
vn 0.0 0.0 1.0
vn 0.0 0.0 1.0
vn 0.0 0.0 1.0
vn 0.0 0.0 1.0
vn 0.0 0.0 1.0
vn 0.0 0.0 1.0
vn 0.0 0.0 1.0
vn 0.0 0.0 1.0
vn 0.0 0.0 1.0
vn 0.0 0.0 1.0
vn 0.0 0.0 1.0
vn 0.0 0.0 1.0
vn 0.0 0.0 1.0
vn 0.0 0.0 1.0
vn 0.0 0.0 1.0
vn 0.0 0.0 1.0
vn 0.0 0.0 1.0
vn 0.0 0.0 1.0
vn 0.0 0.0 1.0
vn 0.0 0.0 1.0
vn 0.0 0.0 1.0
vn 0.0 0.0 1.0
vn 0.0 0.0 1.0
vn 0.0 0.0 1.0
vn 0.0 0.0 1.0
vn 0.0 0.0 1.0
vn 0.0 0.0 1.0
vn 0.0 0.0 1.0
vn 0.0 0.0 1.0
vn 0.0 0.0 1.0
vn 0.0 0.0 1.0
vn 0.0 0.0 1.0
vn 0.0 0.0 1.0
vn 0.0 0.0 1.0
vn 0.0 0.0 1.0
vn 0.0 0.0 1.0
vn 0.0 0.0 1.0
vn 0.0 0.0 1.0
vn 0.0 0.0 1.0
vn 0.0 0.0 1.0
vn 0.0 0.0 1.0
vn 0.0 0.0 1.0
vn 0.0 0.0 1.0
vn 0.0 0.0 1.0
vn 0.0 0.0 1.0
vn 0.0 0.0 1.0
vn 0.0 0.0 1.0
vn 0.0 0.0 1.0
vn 0.0 0.0 1.0
vn 0.0 0.0 1.0
vn 0.0 0.0 1.0
vn 0.0 0.0 1.0
vn 0.0 0.0 1.0
vn 0.0 0.0 1.0
vn 0.0 0.0 1.0
vn 0.0 0.0 1.0
vn 0.0 0.0 1.0
vn 0.0 0.0 1.0
vn 0.0 0.0 1.0
vn 0.0 0.0 1.0
vn 0.0 0.0 1.0
vn 0.0 0.0 1.0
vn 0.0 0.0 1.0
vn 0.0 0.0 1.0
vn 0.0 0.0 1.0
vn 0.0 0.0 1.0
vn 0.0 0.0 1.0
vn 0.0 0.0 1.0
vn 0.0 0.0 1.0
vn 0.0 0.0 1.0
vn 0.0 0.0 1.0
vn 0.0 0.0 1.0
vn 0.0 0.0 1.0
vn 0.0 0.0 1.0
vn 0.0 0.0 1.0
vn 0.0 0.0 1.0
vn 0.0 0.0 1.0
vn 0.0 -0.024433 0.999701
vn 0.0 -0.024433 0.999701
vn 0.0 -0.073236 0.997315
vn 0.0 -0.073236 0.997315
vn 0.0 -0.121874 0.992546
vn 0.0 -0.121874 0.992546
vn 0.0 -0.170202 0.985409
vn 0.0 -0.170202 0.985409
vn 0.0 -0.218146 0.975916
vn 0.0 -0.218146 0.975916
vn 0.0 -0.265556 0.964095
vn 0.0 -0.265556 0.964095
vn 0.0 -0.312332 0.949973
vn 0.0 -0.312332 0.949973
vn 0.0 -0.358375 0.933578
vn 0.0 -0.403551 0.914957
vn 0.0 -0.358375 0.933578
vn 0.0 -0.403551 0.914957
vn 0.0 -0.44776 0.894154
vn 0.0 -0.490899 0.871217
vn 0.0 -0.44776 0.894154
vn 0.0 -0.490899 0.871217
vn 0.0 -0.53288 0.846191
vn 0.0 -0.53288 0.846191
vn 0.0 -0.573552 0.819169
vn 0.0 -0.573552 0.819169
vn 0.0 -0.612933 0.790135
vn 0.0 -0.612933 0.790135
vn 0.0 -0.650755 0.759288
vn 0.0 -0.650755 0.759288
vn 0.0 -0.687082 0.72658
vn 0.0 -0.721776 0.692127
vn 0.0 -0.687082 0.72658
vn 0.0 -0.721776 0.692127
vn 0.0 -0.754701 0.656069
vn 0.0 -0.785853 0.618413
vn 0.0 -0.754701 0.656069
vn 0.0 -0.785853 0.618413
vn 0.0 -0.815139 0.579266
vn 0.0 -0.842445 0.538783
vn 0.0 -0.815139 0.579266
vn 0.0 -0.842445 0.538783
vn 0.0 -0.867779 0.496951
vn 0.0 -0.891013 0.453979
vn 0.0 -0.867779 0.496951
vn 0.0 -0.891013 0.453979
vn 0.0 -0.912111 0.409943
vn 0.0 -0.931063 0.364857
vn 0.0 -0.912111 0.409943
vn 0.0 -0.931063 0.364857
vn 0.000498 -0.939718 0.341951
vn -4.7e-05 -0.93969 0.342027
vn -5.6e-05 -0.93969 0.342028
vn -0.000113 -0.939688 0.342033
vn 6.5e-05 -0.939695 0.342012
vn -6e-05 -0.939689 0.34203
vn -0.0 -0.939693 0.34202
vn -0.00013 -0.939671 0.342081
vn 1.3e-05 -0.939694 0.342018
vn 0.000204 -0.939739 0.341892
vn -2.9e-05 -0.939686 0.342038
vn 1e-06 -0.939693 0.34202
vn -5e-06 -0.939692 0.342022
vn -3e-06 -0.939693 0.34202
vn -3e-06 -0.939692 0.342022
vn -7e-06 -0.939691 0.342025
vn 3e-06 -0.939693 0.342019
vn -1.2e-05 -0.939685 0.342041
vn 3.4e-05 -0.939709 0.341975
vn -1.8e-05 -0.939684 0.342045
vn -6e-06 -0.939691 0.342024
vn -0.000158 -0.939565 0.34237
vn -5e-06 -0.93969 0.342027
vn 1.6e-05 -0.939709 0.341975
vn -5e-06 -0.93968 0.342056
vn 1.4e-05 -0.939705 0.341985
vn 1e-05 -0.939702 0.341993
vn -1e-06 -0.939692 0.342021
vn -1.8e-05 -0.939673 0.342074
vn 2e-06 -0.939673 0.342074
vn 5e-06 -0.939694 0.342016
vn 0.0 -0.939693 0.34202
vn 0.0 -0.939693 0.34202
vn 0.0 -0.939692 0.342021
vn 0.0 -0.939692 0.342021
vn 0.000151 -0.939689 0.34203
vn 0.000321 -0.939683 0.342045
vn -1e-06 -0.939693 0.342019
vn -6e-06 -0.939695 0.342014
vn -3e-06 -0.939694 0.342017
vn 5.1e-05 -0.939581 0.342327
vn 1.3e-05 -0.939669 0.342084
vn 5e-06 -0.93968 0.342056
vn 0.000118 -0.939681 0.342052
vn -0.000111 -0.939705 0.341986
vn 0.00018 -0.939672 0.342076
vn -0.000169 -0.939715 0.341959
vn -8.8e-05 -0.939783 0.341772
vn -7e-05 -0.939741 0.341887
vn 3.7e-05 -0.939663 0.3421
vn 6.7e-05 -0.93968 0.342055
vn -5.2e-05 -0.939702 0.341996
vn -3e-06 -0.939697 0.342009
vn -2e-06 -0.939693 0.34202
vn 8e-05 -0.939678 0.342061
vn 1.2e-05 -0.939685 0.342041
vn -2e-06 -0.939694 0.342015
vn 1.2e-05 -0.939685 0.342041
vn 7.8e-05 -0.939671 0.342078
vn 3e-06 -0.939693 0.34202
vn -7.5e-05 -0.93972 0.341944
vn 3e-05 -0.939681 0.342053
vn 1e-06 -0.939692 0.342021
vn -1e-06 -0.939692 0.34202
vn 1e-06 -0.939692 0.342021
vn 1.6e-05 -0.939688 0.342033
vn 0.999699 0.008395 0.023064
vn 0.997291 0.02516 0.069125
vn 0.999699 0.008395 0.023064
vn 0.99248 0.041867 0.115027
vn 0.997291 0.02516 0.069125
vn 0.985278 0.058472 0.16065
vn 0.99248 0.041867 0.115027
vn 0.975702 0.074937 0.205889
vn 0.985278 0.058472 0.160652
vn 0.963776 0.091221 0.250627
vn 0.975702 0.074937 0.205887
vn 0.949526 0.107288 0.294769
vn 0.963777 0.091221 0.250625
vn 0.932995 0.12309 0.338186
vn 0.949526 0.107288 0.294771
vn 0.932995 0.12309 0.338186
vn 0.914209 0.138602 0.380804
vn 0.91421 0.138602 0.380802
vn 0.893226 0.153776 0.422494
vn 0.870086 0.168583 0.463173
vn 0.893226 0.153776 0.422494
vn 0.844852 0.182982 0.502735
vn 0.870086 0.168583 0.463173
vn 0.817584 0.19694 0.541084
vn 0.844852 0.182982 0.502735
vn 0.788353 0.210421 0.578121
vn 0.817584 0.19694 0.541084
vn 0.788347 0.21042 0.578128
vn 0.757207 0.223397 0.613784
vn 0.724245 0.235836 0.647959
vn 0.757207 0.223397 0.613784
vn 0.724252 0.235837 0.647951
vn 0.689539 0.24771 0.680571
vn 0.653176 0.258982 0.71154
vn 0.689539 0.24771 0.680571
vn 0.615231 0.269628 0.740804
vn 0.653168 0.25898 0.711548
vn 0.615231 0.269628 0.740804
vn 0.575803 0.279634 0.768281
vn 0.535004 0.288958 0.793898
vn 0.575812 0.279627 0.768276
vn 0.492892 0.297591 0.817617
vn 0.535004 0.288958 0.793898
vn 0.492892 0.297591 0.817617
vn 0.449615 0.305502 0.839354
vn 0.405239 0.312681 0.859076
vn 0.449615 0.305502 0.839354
vn 0.359897 0.319105 0.876725
vn 0.405239 0.312681 0.859076
vn 0.359892 0.319103 0.876727
vn 0.31368 0.324759 0.892265
vn 0.31368 0.324759 0.892265
vn 0.266713 0.329633 0.905652
vn 0.219109 0.333712 0.916858
vn 0.266718 0.329631 0.905652
vn 0.219095 0.333708 0.916862
vn 0.17096 0.336982 0.925859
vn 0.17096 0.336982 0.925859
vn 0.122406 0.339451 0.932625
vn 0.12242 0.339445 0.932626
vn 0.073563 0.341096 0.937146
vn 0.073563 0.341096 0.937146
vn 0.024547 0.341914 0.93941
vn 0.024532 0.34192 0.939409
vn 6.7e-05 0.93969 -0.342028
vn 0.000199 0.939683 -0.342045
vn 7.9e-05 0.93969 -0.342029
vn 0.000271 0.939669 -0.342086
vn -5.3e-05 0.939697 -0.342009
vn -5e-06 0.939692 -0.342021
vn 3e-05 0.939689 -0.342031
vn 4.2e-05 0.939689 -0.34203
vn -5.2e-05 0.939702 -0.341995
vn 0.000207 0.93964 -0.342164
vn -6.2e-05 0.939709 -0.341977
vn 4e-06 0.939692 -0.342022
vn 2.3e-05 0.939688 -0.342033
vn 8.1e-05 0.939664 -0.342098
vn 2.5e-05 0.939683 -0.342046
vn 1e-06 0.939692 -0.342021
vn 1.8e-05 0.939686 -0.342038
vn -7e-06 0.939695 -0.342013
vn 7e-05 0.939654 -0.342127
vn -9e-06 0.939694 -0.342016
vn 6e-06 0.939691 -0.342024
vn 3.7e-05 0.939658 -0.342114
vn -3.1e-05 0.939714 -0.341961
vn -3e-06 0.939693 -0.342019
vn -3.1e-05 0.939743 -0.341881
vn 2.7e-05 0.939665 -0.342097
vn 5e-06 0.939691 -0.342024
vn 3.3e-05 0.939617 -0.342227
vn 0.0 0.939693 -0.34202
vn -7e-06 0.939695 -0.342014
vn 2e-06 0.939692 -0.342022
vn 0.0 0.939693 -0.34202
vn 0.0 0.939693 -0.34202
vn 0.0 0.939692 -0.34202
vn 0.0 0.939693 -0.34202
vn -6.7e-05 0.93969 -0.342028
vn -5e-06 0.939691 -0.342025
vn 2.4e-05 0.939774 -0.341796
vn -3e-06 0.939682 -0.342049
vn -5e-06 0.939672 -0.342076
vn 0.000321 0.939714 -0.34196
vn -3.7e-05 0.93969 -0.342026
vn -7.6e-05 0.939687 -0.342035
vn -6.4e-05 0.939626 -0.342203
vn 5e-06 0.939704 -0.34199
vn -0.000108 0.939678 -0.342059
vn 2.2e-05 0.939694 -0.342016
vn -3.7e-05 0.939658 -0.342114
vn -2.1e-05 0.939672 -0.342077
vn 0.000136 0.939716 -0.341955
vn 1.9e-05 0.939706 -0.341983
vn -0.000149 0.939663 -0.342102
vn -2.6e-05 0.939678 -0.342062
vn 0.0 0.939693 -0.34202
vn 1e-06 0.939694 -0.342017
vn -6e-06 0.939692 -0.342022
vn 3.4e-05 0.9397 -0.342
vn 9e-05 0.939712 -0.341968
vn -3e-06 0.93969 -0.342028
vn -4.6e-05 0.939665 -0.342095
vn 4e-06 0.939696 -0.342012
vn 7.9e-05 0.939717 -0.341954
vn 2e-06 0.939694 -0.342016
vn 8.5e-05 0.939718 -0.34195
vn 2e-06 0.939694 -0.342016
vn 1e-06 0.939694 -0.342018
vn -0.0 0.024432 0.999701
vn 0.0 0.024432 0.999701
vn -0.0 0.073238 0.997314
vn -0.0 0.121869 0.992546
vn 0.0 0.073238 0.997314
vn -0.0 0.121869 0.992546
vn -0.0 0.170212 0.985407
vn -0.0 0.218141 0.975917
vn 0.0 0.170212 0.985407
vn -0.0 0.265555 0.964096
vn -0.0 0.218141 0.975917
vn -0.0 0.265555 0.964096
vn -0.0 0.312332 0.949973
vn 0.0 0.312332 0.949973
vn -0.0 0.358376 0.933577
vn -0.0 0.403539 0.914963
vn 0.0 0.358376 0.933577
vn -0.0 0.403539 0.914963
vn -0.0 0.447762 0.894153
vn 0.0 0.447762 0.894153
vn 0.0 0.490911 0.87121
vn -0.0 0.490911 0.87121
vn -0.0 0.532866 0.8462
vn -0.0 0.532866 0.8462
vn 0.0 0.573581 0.819149
vn -0.0 0.573581 0.819149
vn -0.0 0.612903 0.790158
vn 0.0 0.612903 0.790158
vn -0.0 0.650785 0.759262
vn 0.0 0.650785 0.759262
vn -0.0 0.687082 0.72658
vn 0.0 0.687082 0.72658
vn -0.0 0.721761 0.692143
vn 0.0 0.721761 0.692143
vn -0.0 0.754701 0.656069
vn 0.0 0.754701 0.656069
vn -0.0 0.785868 0.618394
vn -0.0 0.815124 0.579286
vn 0.0 0.785868 0.618394
vn -0.0 0.842445 0.538783
vn -0.0 0.815124 0.579286
vn -0.0 0.842445 0.538783
vn -0.0 0.867778 0.496951
vn 0.0 0.867778 0.496951
vn -0.0 0.891 0.454003
vn 0.0 0.891 0.454003
vn -0.0 0.912123 0.409916
vn 0.0 0.912123 0.409916
vn -0.0 0.931053 0.364884
vn 0.0 0.931053 0.364884
vn 0.0 0.939693 0.34202
vn -0.002176 0.93974 0.341882
vn -0.000886 0.939721 0.341942
vn -0.000465 0.93971 0.341971
vn -0.001745 0.939848 0.341589
vn 9.7e-05 0.939691 0.342023
vn 0.00031 0.939651 0.342133
vn 0.000574 0.939619 0.342222
vn -0.000276 0.939731 0.341914
vn -0.001066 0.939903 0.341439
vn -5.2e-05 0.939699 0.342003
vn 0.000163 0.939652 0.342132
vn -6.3e-05 0.939701 0.341997
vn 7.6e-05 0.939685 0.342042
vn 0.000204 0.939647 0.342146
vn 0.002443 0.938948 0.344051
vn -0.000106 0.93971 0.341971
vn 0.00133 0.939114 0.343603
vn -0.000909 0.940148 0.340766
vn -0.000517 0.939958 0.34129
vn 0.000436 0.93947 0.342632
vn 0.000408 0.939484 0.342593
vn -0.000199 0.939795 0.341739
vn 0.0001 0.939633 0.342183
vn 0.000522 0.939229 0.343291
vn -6e-06 0.939695 0.342013
vn -5.7e-05 0.939728 0.341922
vn 0.000201 0.939355 0.342947
vn 0.000111 0.939409 0.342799
vn 9e-06 0.939691 0.342024
vn 0.000159 0.938605 0.344993
vn -2.1e-05 0.939867 0.34154
vn 0.0 0.939693 0.34202
vn 0.0 0.939694 0.342016
vn 0.0 0.939694 0.342016
vn -0.000159 0.938605 0.344993
vn 0.001174 0.939734 0.341906
vn 0.000179 0.939692 0.342021
vn 4.8e-05 0.939686 0.342039
vn -1e-06 0.939714 0.341962
vn -0.000387 0.938986 0.343955
vn -0.000245 0.939231 0.343285
vn 0.000565 0.940354 0.340197
vn -0.000184 0.939667 0.342091
vn -0.00031 0.939651 0.342133
vn -0.000107 0.939597 0.342282
vn 0.00051 0.939754 0.34185
vn -2.6e-05 0.939694 0.342017
vn -0.000479 0.939633 0.342183
vn -0.000256 0.939443 0.342704
vn 0.000128 0.939706 0.341984
vn 0.000264 0.93994 0.341339
vn -0.000214 0.939517 0.342503
vn 0.001066 0.939903 0.341439
vn -1.5e-05 0.939675 0.342068
vn -0.000125 0.93959 0.342302
vn 5.7e-05 0.9397 0.342001
vn -0.000163 0.939652 0.342132
vn -1.1e-05 0.93969 0.342026
vn 0.000109 0.939815 0.341684
vn 0.000989 0.939965 0.341271
vn -0.001335 0.939112 0.34361
vn 3.5e-05 0.939685 0.342042
vn -7.6e-05 0.939685 0.342042
vn 9.6e-05 0.939709 0.341975
vn -0.001349 0.939308 0.343073
vn -0.999698 0.0084 -0.023079
vn -0.997291 0.025158 -0.06912
vn -0.999698 0.008399 -0.023077
vn -0.992478 0.04187 -0.115039
vn -0.997291 0.025158 -0.06912
vn -0.985286 0.058455 -0.160605
vn -0.992478 0.04187 -0.115039
vn -0.975699 0.074943 -0.205901
vn -0.985283 0.058463 -0.160623
vn -0.963771 0.091228 -0.250644
vn -0.975699 0.074943 -0.205901
vn -0.949527 0.107287 -0.294766
vn -0.963771 0.091228 -0.250644
vn -0.933009 0.123076 -0.338152
vn -0.949539 0.107274 -0.294734
vn -0.932994 0.123092 -0.338189
vn -0.91419 0.138617 -0.380843
vn -0.91419 0.138617 -0.380843
vn -0.893237 0.153769 -0.422472
vn -0.870098 0.168576 -0.463153
vn -0.893237 0.153769 -0.422472
vn -0.844834 0.182992 -0.502761
vn -0.870098 0.168576 -0.463153
vn -0.817563 0.19695 -0.541111
vn -0.844834 0.182992 -0.502761
vn -0.788388 0.2104 -0.578079
vn -0.817616 0.19692 -0.541042
vn -0.757204 0.223402 -0.613787
vn -0.788328 0.210431 -0.57815
vn -0.7242 0.235854 -0.648002
vn -0.757222 0.223394 -0.613768
vn -0.689551 0.247702 -0.680561
vn -0.724236 0.235839 -0.647968
vn -0.653186 0.258975 -0.711534
vn -0.689551 0.247702 -0.680561
vn -0.615227 0.269632 -0.740807
vn -0.653143 0.25899 -0.711567
vn -0.575785 0.279637 -0.768293
vn -0.615227 0.269632 -0.740807
vn -0.535031 0.288947 -0.793884
vn -0.575835 0.279622 -0.768261
vn -0.492902 0.297584 -0.817613
vn -0.535031 0.288947 -0.793884
vn -0.449571 0.305508 -0.839375
vn -0.492846 0.297598 -0.817642
vn -0.405303 0.312666 -0.859051
vn -0.449631 0.305495 -0.839348
vn -0.35983 0.319112 -0.87675
vn -0.405241 0.312679 -0.859076
vn -0.313747 0.324746 -0.892246
vn -0.359932 0.319093 -0.876715
vn -0.266691 0.329636 -0.905658
vn -0.313603 0.324769 -0.892288
vn -0.266799 0.32962 -0.905632
vn -0.219106 0.33371 -0.916859
vn -0.170969 0.336985 -0.925857
vn -0.219035 0.333712 -0.916875
vn -0.170969 0.336985 -0.925857
vn -0.122417 0.33945 -0.932624
vn -0.07356 0.341096 -0.937146
vn -0.122375 0.33945 -0.93263
vn -0.024511 0.341918 -0.93941
vn -0.073603 0.341093 -0.937144
vn -0.024585 0.341914 -0.93941
vn -0.000814 -0.939649 -0.342139
vn -0.000617 -0.939665 -0.342097
vn -0.00032 -0.93968 -0.342056
vn -0.000946 -0.939642 -0.342157
vn 0.000125 -0.939696 -0.342011
vn 0.00043 -0.939764 -0.341823
vn 0.001091 -0.939871 -0.341529
vn -0.000571 -0.939606 -0.342257
vn 4.5e-05 -0.939706 -0.341983
vn -0.000624 -0.939537 -0.342446
vn 0.002052 -0.940214 -0.340579
vn 5.4e-05 -0.939701 -0.341996
vn 0.001738 -0.940236 -0.340518
vn 0.000569 -0.939876 -0.341515
vn -0.000499 -0.939529 -0.34247
vn 0.000669 -0.939992 -0.341197
vn 4e-06 -0.939692 -0.342021
vn 0.000167 -0.939757 -0.341844
vn 0.00033 -0.939835 -0.341627
vn -0.000195 -0.939639 -0.342167
vn 0.000135 -0.939732 -0.341913
vn -3e-05 -0.939683 -0.342047
vn 0.000575 -0.940218 -0.340572
vn -0.000251 -0.93943 -0.342742
vn 0.000101 -0.939728 -0.341924
vn 0.000206 -0.940156 -0.340743
vn 8.8e-05 -0.939961 -0.341282
vn -1e-05 -0.939688 -0.342034
vn 2.4e-05 -0.939737 -0.341899
vn 0.000138 -0.940529 -0.339713
vn -7e-06 -0.939689 -0.342029
vn 0.0 -0.939693 -0.34202
vn 0.0 -0.939693 -0.34202
vn 0.0 -0.939692 -0.342023
vn 0.0 -0.939692 -0.342023
vn 0.000164 -0.939128 -0.343566
vn -0.000104 -0.940063 -0.341002
vn 0.000626 -0.939664 -0.342097
vn -0.000246 -0.939694 -0.342016
vn 0.00101 -0.939637 -0.342171
vn -7.3e-05 -0.939919 -0.341396
vn -0.000169 -0.940083 -0.340945
vn -0.000835 -0.939763 -0.341826
vn 1.6e-05 -0.939686 -0.342038
vn 0.000194 -0.939676 -0.342067
vn -0.000775 -0.939758 -0.341839
vn 1e-05 -0.939689 -0.342029
vn -0.00107 -0.940597 -0.339524
vn -0.000135 -0.939829 -0.341646
vn -0.00021 -0.939862 -0.341554
vn 0.000335 -0.939412 -0.34279
vn -0.00043 -0.939764 -0.341823
vn -0.001091 -0.939871 -0.341528
vn -4.5e-05 -0.939706 -0.341982
vn -1.6e-05 -0.939699 -0.342003
vn 0.001554 -0.938814 -0.344421
vn -9.2e-05 -0.939757 -0.341842
vn -4e-05 -0.939705 -0.341985
vn 0.00203 -0.939231 -0.343281
vn -0.000669 -0.939992 -0.341197
vn 0.000724 -0.939476 -0.342615
vn -0.001738 -0.940236 -0.340519
vn 0.001461 -0.939145 -0.343517
vn -0.000118 -0.939724 -0.341933
vn -7e-06 -0.939695 -0.342014
vn -0.00018 -0.939767 -0.341816
vn -0.024532 0.34192 0.939409
vn -0.024547 0.341914 0.93941
vn -0.073563 0.341096 0.937146
vn -0.073563 0.341096 0.937146
vn -0.12242 0.339445 0.932626
vn -0.122406 0.339451 0.932625
vn -0.17096 0.336982 0.925859
vn -0.17096 0.336982 0.925859
vn -0.219095 0.333713 0.91686
vn -0.219109 0.333707 0.916859
vn -0.266718 0.329631 0.905652
vn -0.266713 0.329633 0.905652
vn -0.31368 0.324759 0.892265
vn -0.31368 0.324759 0.892265
vn -0.359892 0.319105 0.876727
vn -0.359897 0.319103 0.876726
vn -0.405239 0.312681 0.859076
vn -0.405239 0.312681 0.859076
vn -0.449615 0.305502 0.839354
vn -0.449615 0.305502 0.839354
vn -0.492892 0.297591 0.817617
vn -0.535004 0.288958 0.793898
vn -0.492892 0.297591 0.817617
vn -0.535004 0.288958 0.793898
vn -0.575812 0.279627 0.768276
vn -0.575803 0.279634 0.768281
vn -0.615231 0.269628 0.740804
vn -0.615231 0.269628 0.740804
vn -0.653168 0.258984 0.711547
vn -0.653176 0.258978 0.711542
vn -0.689539 0.24771 0.680571
vn -0.689539 0.24771 0.680571
vn -0.724252 0.235833 0.647952
vn -0.724245 0.235839 0.647958
vn -0.757207 0.223397 0.613784
vn -0.757207 0.223397 0.613784
vn -0.788347 0.210423 0.578127
vn -0.788353 0.210417 0.578122
vn -0.817583 0.19694 0.541084
vn -0.817584 0.19694 0.541084
vn -0.844852 0.182982 0.502735
vn -0.844852 0.182982 0.502735
vn -0.870086 0.168583 0.463173
vn -0.870086 0.168583 0.463173
vn -0.893226 0.153776 0.422494
vn -0.91421 0.138602 0.380802
vn -0.893226 0.153776 0.422494
vn -0.914209 0.138602 0.380804
vn -0.932995 0.12309 0.338186
vn -0.949526 0.107288 0.294771
vn -0.932995 0.12309 0.338186
vn -0.949526 0.107288 0.294769
vn -0.963777 0.09122 0.250626
vn -0.963776 0.091221 0.250627
vn -0.975702 0.074936 0.205888
vn -0.975702 0.074938 0.205889
vn -0.985278 0.058473 0.160652
vn -0.985278 0.058471 0.16065
vn -0.99248 0.041867 0.115027
vn -0.99248 0.041866 0.115027
vn -0.997291 0.02516 0.069125
vn -0.999699 0.008395 0.023064
vn -0.997291 0.02516 0.069125
vn -0.999699 0.008395 0.023064
vn 0.999698 0.0084 -0.023079
vn 0.997291 0.025158 -0.06912
vn 0.999698 0.008399 -0.023077
vn 0.992478 0.04187 -0.115039
vn 0.997291 0.025158 -0.06912
vn 0.985286 0.058455 -0.160605
vn 0.992478 0.04187 -0.115039
vn 0.975699 0.074943 -0.205901
vn 0.985283 0.058463 -0.160623
vn 0.963771 0.091228 -0.250645
vn 0.975699 0.074943 -0.205901
vn 0.949527 0.107287 -0.294766
vn 0.963771 0.091228 -0.250644
vn 0.933009 0.123076 -0.338153
vn 0.949539 0.107274 -0.294734
vn 0.932994 0.123092 -0.338189
vn 0.91419 0.138617 -0.380843
vn 0.91419 0.138617 -0.380843
vn 0.893237 0.153769 -0.422473
vn 0.870098 0.168576 -0.463153
vn 0.893237 0.153769 -0.422472
vn 0.844835 0.182992 -0.502761
vn 0.870098 0.168576 -0.463153
vn 0.817563 0.19695 -0.541111
vn 0.844834 0.182992 -0.502761
vn 0.788389 0.2104 -0.578079
vn 0.817616 0.19692 -0.541042
vn 0.757204 0.223402 -0.613787
vn 0.788328 0.210431 -0.57815
vn 0.7242 0.235854 -0.648002
vn 0.757222 0.223394 -0.613768
vn 0.689551 0.247702 -0.680561
vn 0.724235 0.235839 -0.647968
vn 0.653186 0.258975 -0.711534
vn 0.689551 0.247702 -0.680561
vn 0.615227 0.269632 -0.740807
vn 0.653143 0.25899 -0.711567
vn 0.575785 0.279637 -0.768293
vn 0.615227 0.269632 -0.740807
vn 0.535031 0.288947 -0.793883
vn 0.575835 0.279622 -0.768261
vn 0.492902 0.297584 -0.817613
vn 0.535031 0.288947 -0.793884
vn 0.449571 0.305508 -0.839375
vn 0.492846 0.297598 -0.817642
vn 0.405303 0.312666 -0.859052
vn 0.449631 0.305495 -0.839348
vn 0.35983 0.319112 -0.87675
vn 0.405241 0.312679 -0.859076
vn 0.313747 0.324746 -0.892246
vn 0.359932 0.319093 -0.876715
vn 0.266691 0.329636 -0.905658
vn 0.313603 0.324769 -0.892288
vn 0.219106 0.333707 -0.91686
vn 0.266799 0.32962 -0.905632
vn 0.17097 0.336985 -0.925857
vn 0.219035 0.333716 -0.916874
vn 0.122417 0.339448 -0.932625
vn 0.170969 0.336985 -0.925857
vn 0.07356 0.341096 -0.937146
vn 0.122375 0.339452 -0.932629
vn 0.024511 0.341918 -0.93941
vn 0.073603 0.341093 -0.937144
vn 0.024585 0.341914 -0.93941
vn 0.0 -0.024432 0.999701
vn 0.0 -0.024432 0.999701
vn 0.0 -0.073238 0.997314
vn 0.0 -0.121869 0.992546
vn 0.0 -0.073238 0.997314
vn 0.0 -0.121869 0.992546
vn 0.0 -0.170212 0.985407
vn 0.0 -0.218141 0.975917
vn 0.0 -0.170212 0.985407
vn 0.0 -0.265555 0.964096
vn 0.0 -0.218141 0.975917
vn 0.0 -0.265555 0.964096
vn 0.0 -0.312332 0.949973
vn 0.0 -0.312332 0.949973
vn 0.0 -0.358376 0.933577
vn 0.0 -0.403539 0.914963
vn 0.0 -0.358376 0.933577
vn 0.0 -0.403539 0.914963
vn 0.0 -0.447762 0.894153
vn 0.0 -0.447762 0.894153
vn 0.0 -0.490911 0.87121
vn 0.0 -0.490911 0.87121
vn 0.0 -0.532866 0.8462
vn 0.0 -0.532866 0.8462
vn 0.0 -0.573581 0.819149
vn 0.0 -0.573581 0.819149
vn 0.0 -0.612903 0.790158
vn 0.0 -0.612903 0.790158
vn 0.0 -0.650785 0.759262
vn 0.0 -0.650785 0.759262
vn 0.0 -0.687082 0.72658
vn 0.0 -0.687082 0.72658
vn 0.0 -0.721761 0.692143
vn 0.0 -0.721761 0.692143
vn 0.0 -0.754701 0.656069
vn 0.0 -0.754701 0.656069
vn 0.0 -0.785868 0.618394
vn 0.0 -0.815124 0.579286
vn 0.0 -0.785868 0.618394
vn 0.0 -0.842445 0.538783
vn 0.0 -0.815124 0.579286
vn 0.0 -0.842445 0.538783
vn 0.0 -0.867778 0.496951
vn 0.0 -0.867778 0.496951
vn 0.0 -0.891 0.454003
vn 0.0 -0.891 0.454003
vn 0.0 -0.912123 0.409916
vn 0.0 -0.912123 0.409916
vn 0.0 -0.931053 0.364884
vn 0.0 -0.931053 0.364884
vn -0.000778 -0.939951 0.341308
vn 0.00085 -0.939336 0.342996
vn -0.000622 -0.93995 0.34131
vn 0.00133 -0.939114 0.343603
vn 0.000751 -0.93951 0.342521
vn 0.000502 -0.939567 0.342365
vn -0.000271 -0.939754 0.341852
vn -0.000182 -0.939756 0.341845
vn 0.000638 -0.939574 0.342347
vn 0.000342 -0.939457 0.342668
vn -0.000117 -0.939751 0.341861
vn -0.001304 -0.940642 0.339397
vn -0.00021 -0.939729 0.341921
vn 0.000702 -0.939599 0.342276
vn -3e-06 -0.939695 0.342013
vn 0.000166 -0.939668 0.342088
vn 0.00012 -0.939673 0.342074
vn -0.000565 -0.940354 0.340197
vn -0.000355 -0.940118 0.34085
vn 0.001857 -0.939571 0.342349
vn 0.000593 -0.939658 0.342114
vn 0.000129 -0.93952 0.342495
vn 0.000201 -0.939355 0.342947
vn 2.5e-05 -0.939678 0.34206
vn 1.6e-05 -0.939686 0.34204
vn 5e-06 -0.939691 0.342025
vn 0.0 -0.939716 0.341955
vn 0.000159 -0.938605 0.344993
vn -1.5e-05 -0.939699 0.342001
vn -0.00029 -0.939711 0.34197
vn -0.002176 -0.939741 0.341882
vn 0.0 -0.939694 0.342016
vn -0.000108 -0.939325 0.343028
vn 0.000303 -0.940747 0.339108
vn -2.8e-05 -0.939695 0.342013
vn 0.000355 -0.940118 0.34085
vn 0.000565 -0.940354 0.340197
vn -0.000448 -0.939295 0.343111
vn 4.5e-05 -0.939735 0.341902
vn 0.000656 -0.940205 0.340607
vn 0.000182 -0.939756 0.341846
vn 0.001292 -0.940386 0.340105
vn -0.001335 -0.939112 0.34361
vn -2.2e-05 -0.939672 0.342078
vn -0.000172 -0.939598 0.342279
vn -4.4e-05 -0.939656 0.34212
vn -0.002443 -0.938948 0.344051
vn -0.000204 -0.939647 0.342146
vn 3.1e-05 -0.939705 0.341988
vn -0.000251 -0.939633 0.342184
vn -0.000163 -0.939652 0.342132
vn 0.001066 -0.939903 0.341439
vn 0.001091 -0.939871 0.341528
vn 0.000493 -0.939742 0.341884
vn 0.001745 -0.939848 0.341589
vn 0.000113 -0.93969 0.342029
vn 0.000246 -0.939694 0.342016
vn 1.2e-05 -0.939696 0.342012
vn -3e-06 -0.939694 0.342015
vn 0.001174 -0.939734 0.341906
vn -1.1e-05 -0.939694 0.342015
vn 3.9e-05 -0.939697 0.342008
vn 0.0 -0.939694 0.342016
vn -3.2e-05 -0.939683 0.342045
vn -0.002264 -0.940481 0.33984
vn -0.001247 -0.940136 0.340797
vn -0.000989 -0.939965 0.341271
vn 2.6e-05 -0.93968 0.342054
vn -0.000182 -0.939756 0.341845
vn 0.001003 -0.939078 0.343703
vn -0.000264 -0.939844 0.341603
vn 6.8e-05 -0.939632 0.342186
vn 8.1e-05 -0.939682 0.34205
vn -0.000506 -0.93977 0.341806
vn 0.000702 -0.939599 0.342276
vn 0.000258 -0.939503 0.342541
vn -0.000276 -0.939998 0.341181
vn 3.5e-05 -0.939684 0.342044
vn -1e-06 -0.939692 0.342023
vn -0.000216 -0.93972 0.341945
vn -0.000214 -0.93971 0.341971
vn -0.000557 -0.939737 0.341899
vn 0.001857 -0.939571 0.342349
vn 3.5e-05 -0.939689 0.34203
vn -1.4e-05 -0.939693 0.342018
vn 0.000214 -0.939329 0.343018
vn 0.000206 -0.939342 0.342983
vn 0.000236 -0.939647 0.342145
vn -6e-06 -0.939694 0.342016
vn -0.000246 -0.939694 0.342016
vn 3.1e-05 -0.939685 0.342042
vn 2e-06 -0.939692 0.342022
vn -8e-05 -0.939719 0.341949
vn 8.4e-05 -0.939663 0.342103
vn -9e-05 -0.939725 0.341931
vn -0.000159 -0.938605 0.344993
vn -1e-06 -0.939714 0.341962
vn -0.000387 -0.938986 0.343955
vn -0.000245 -0.939231 0.343285
vn -3.8e-05 -0.93961 0.342247
vn 5.7e-05 -0.939829 0.341645
vn -2.3e-05 -0.939672 0.342076
vn -7.4e-05 -0.939584 0.342319
vn 5e-06 -0.939704 0.341989
vn -0.001523 -0.938722 0.344673
vn -0.001335 -0.939112 0.34361
vn -0.001332 -0.939113 0.343606
vn 0.000405 -0.939876 0.341515
vn -1.6e-05 -0.939679 0.342058
vn -0.00017 -0.939611 0.342244
vn 0.000113 -0.939785 0.341766
vn 0.000989 -0.939965 0.341271
vn 9e-05 -0.939713 0.341964
vn 0.001066 -0.939903 0.341439
vn -2.1e-05 -0.939682 0.342049
vn -5.6e-05 -0.939674 0.342072
vn -5.4e-05 -0.939674 0.34207
vn -0.000702 -0.939599 0.342276
vn -0.000443 -0.939636 0.342175
vn -3e-06 -0.939692 0.342023
vn -0.000284 -0.939657 0.342117
vn -0.001857 -0.939571 0.342349
vn -0.000593 -0.939658 0.342114
vn -0.000176 -0.939683 0.342046
vn 0.0 -0.939694 0.342016
vn 1.5e-05 -0.939699 0.342001
vn 0.000759 -0.939731 0.341915
vn 0.0 -0.939694 0.342016
vn 0.0 -0.939693 0.34202
vn 5e-06 -0.939691 0.342024
vn -2e-06 -0.939693 0.342019
vn -3e-06 -0.939694 0.342018
vn 2e-06 -0.939692 0.342021
vn -2e-06 -0.939693 0.342019
vn 1e-06 -0.939692 0.342021
vn 3e-06 -0.939692 0.342023
vn -5e-06 -0.939694 0.342017
vn 5e-06 -0.939691 0.342023
vn -6e-06 -0.939694 0.342015
vn 3e-06 -0.939692 0.342022
vn -4e-06 -0.939693 0.342018
vn 7e-06 -0.939691 0.342024
vn 0.0 -0.939693 0.34202
vn -2e-06 -0.939693 0.342018
vn -1e-06 -0.939693 0.342019
vn 2e-06 -0.939692 0.342022
vn -1e-06 -0.939693 0.342019
vn 0.0 -0.939692 0.342021
vn -1e-06 -0.939693 0.342019
vn 3e-06 -0.939691 0.342024
vn -2e-06 -0.939694 0.342018
vn 1e-06 -0.939692 0.342021
vn 1e-06 -0.939692 0.342021
vn -1e-06 -0.939693 0.342018
vn 1e-06 -0.939692 0.342022
vn -0.0 -0.939693 0.34202
vn -1e-06 -0.939693 0.342019
vn 0.0 -0.939692 0.342021
vn -2e-06 -0.939694 0.342016
vn 1e-06 -0.939692 0.342022
vn 4e-06 -0.93969 0.342028
vn 0.0 -0.939693 0.34202
vn 0.0 -0.939693 0.34202
vn 0.0 -0.939693 0.34202
vn -7e-06 -0.939691 0.342024
vn 4e-06 -0.939693 0.342018
vn -3e-06 -0.939692 0.342022
vn 6e-06 -0.939694 0.342015
vn -5e-06 -0.939691 0.342023
vn 5e-06 -0.939694 0.342017
vn -3e-06 -0.939692 0.342023
vn -1e-06 -0.939692 0.342021
vn 2e-06 -0.939693 0.342019
vn -2e-06 -0.939692 0.342021
vn 3e-06 -0.939694 0.342018
vn 2e-06 -0.939693 0.342019
vn -5e-06 -0.939691 0.342024
vn 2e-06 -0.939693 0.342018
vn 1e-06 -0.939693 0.34202
vn -2e-06 -0.939692 0.342022
vn 2e-06 -0.939693 0.342019
vn -0.0 -0.939692 0.342021
vn 1e-06 -0.939693 0.342019
vn -3e-06 -0.939691 0.342024
vn 2e-06 -0.939693 0.342018
vn -1e-06 -0.939692 0.342021
vn -1e-06 -0.939692 0.342021
vn 1e-06 -0.939693 0.342019
vn -1e-06 -0.939692 0.342021
vn 0.0 -0.939693 0.34202
vn 1e-06 -0.939693 0.342018
vn -1e-06 -0.939692 0.342021
vn 2e-06 -0.939694 0.342016
vn -1e-06 -0.939692 0.342022
vn -4e-06 -0.93969 0.342029
vn 0.0 -0.939693 0.342019
vn 0.0 -0.939693 0.34202
vn 0.0 -0.939693 0.34202
vn 0.999698 -0.0084 -0.023079
vn 0.997291 -0.025158 -0.06912
vn 0.999698 -0.008399 -0.023077
vn 0.992478 -0.04187 -0.115039
vn 0.997291 -0.025158 -0.06912
vn 0.985286 -0.058455 -0.160605
vn 0.992478 -0.04187 -0.115039
vn 0.975699 -0.074943 -0.205901
vn 0.985283 -0.058463 -0.160623
vn 0.963771 -0.091228 -0.250644
vn 0.975699 -0.074943 -0.205901
vn 0.949527 -0.107287 -0.294766
vn 0.963771 -0.091228 -0.250644
vn 0.933009 -0.123076 -0.338152
vn 0.949539 -0.107274 -0.294734
vn 0.932994 -0.123092 -0.338189
vn 0.91419 -0.138617 -0.380843
vn 0.91419 -0.138617 -0.380843
vn 0.893237 -0.153769 -0.422472
vn 0.870098 -0.168576 -0.463153
vn 0.893237 -0.153769 -0.422472
vn 0.844834 -0.182992 -0.502761
vn 0.870098 -0.168576 -0.463153
vn 0.817563 -0.19695 -0.541111
vn 0.844834 -0.182992 -0.502761
vn 0.788388 -0.2104 -0.578079
vn 0.817616 -0.19692 -0.541042
vn 0.757204 -0.223402 -0.613787
vn 0.788328 -0.210431 -0.57815
vn 0.7242 -0.235854 -0.648002
vn 0.757222 -0.223394 -0.613768
vn 0.689551 -0.247702 -0.680561
vn 0.724236 -0.235839 -0.647968
vn 0.653186 -0.258975 -0.711534
vn 0.689551 -0.247702 -0.680561
vn 0.615227 -0.269632 -0.740807
vn 0.653143 -0.25899 -0.711567
vn 0.575785 -0.279637 -0.768293
vn 0.615227 -0.269632 -0.740807
vn 0.535031 -0.288947 -0.793884
vn 0.575835 -0.279622 -0.768261
vn 0.492902 -0.297584 -0.817613
vn 0.535031 -0.288947 -0.793884
vn 0.449571 -0.305508 -0.839375
vn 0.492846 -0.297598 -0.817642
vn 0.405303 -0.312666 -0.859051
vn 0.449631 -0.305495 -0.839348
vn 0.35983 -0.319112 -0.87675
vn 0.405241 -0.312679 -0.859076
vn 0.313747 -0.324746 -0.892246
vn 0.359932 -0.319093 -0.876715
vn 0.266691 -0.329636 -0.905658
vn 0.313603 -0.324769 -0.892288
vn 0.219106 -0.333707 -0.91686
vn 0.266799 -0.32962 -0.905632
vn 0.170969 -0.336985 -0.925857
vn 0.219035 -0.333716 -0.916874
vn 0.122417 -0.339448 -0.932625
vn 0.170969 -0.336985 -0.925857
vn 0.07356 -0.341096 -0.937146
vn 0.122375 -0.339452 -0.932629
vn 0.024511 -0.341918 -0.93941
vn 0.073603 -0.341093 -0.937144
vn 0.024585 -0.341914 -0.93941
vn -0.002033 0.939123 -0.343574
vn 0.000534 0.939847 -0.341596
vn 0.000609 0.939869 -0.341536
vn 0.000329 0.93979 -0.341751
vn -0.001554 0.938814 -0.344421
vn -8.5e-05 0.939668 -0.342087
vn -0.000638 0.939574 -0.342347
vn 0.000515 0.939784 -0.341768
vn -0.000258 0.939624 -0.342207
vn -0.001476 0.938631 -0.344919
vn 8.1e-05 0.939751 -0.341859
vn 0.000318 0.939934 -0.341356
vn -0.00015 0.939595 -0.342289
vn 9e-05 0.93972 -0.341946
vn 0.000431 0.940134 -0.340804
vn -0.000448 0.939143 -0.343525
vn 0.001745 0.939848 -0.341589
vn 0.001054 0.93979 -0.341752
vn 6e-06 0.939691 -0.342025
vn -0.000814 0.939649 -0.342139
vn -1.7e-05 0.939677 -0.342063
vn -4e-06 0.939692 -0.342021
vn -1.5e-05 0.939681 -0.342052
vn 8e-06 0.939702 -0.341993
vn 3.3e-05 0.939817 -0.341679
vn -0.000164 0.939128 -0.343566
vn -0.000241 0.939673 -0.342075
vn -7e-06 0.939691 -0.342025
vn -0.000193 0.939676 -0.342067
vn -0.001065 0.93966 -0.342107
vn 8e-05 0.939719 -0.341948
vn 0.0 0.939692 -0.342023
vn -0.000104 0.940063 -0.341002
vn 0.000164 0.939128 -0.343566
vn 0.00078 0.938634 -0.344915
vn 7.2e-05 0.939609 -0.34225
vn 4.4e-05 0.939644 -0.342154
vn 0.000116 0.93955 -0.342413
vn 0.001476 0.938631 -0.344919
vn -2.3e-05 0.939721 -0.341943
vn -3.5e-05 0.939741 -0.341886
vn -0.000138 0.93984 -0.341615
vn -0.00033 0.939836 -0.341627
vn -0.000669 0.939992 -0.341197
vn 3e-05 0.939661 -0.342107
vn 0.001461 0.939145 -0.343517
vn -1.6e-05 0.939705 -0.341987
vn 3.7e-05 0.939661 -0.342107
vn 0.002033 0.939123 -0.343575
vn 0.001029 0.939474 -0.342619
vn -0.001066 0.939903 -0.341439
vn -0.000764 0.939815 -0.341683
vn -9.1e-05 0.93972 -0.341946
vn 0.000734 0.939588 -0.342307
vn -0.001745 0.939848 -0.341589
vn 3e-05 0.939689 -0.342031
vn 5.2e-05 0.939686 -0.342038
vn 2.6e-05 0.939688 -0.342032
vn 0.000291 0.939675 -0.342069
vn 0.000503 0.939668 -0.342089
vn 0.000189 0.939676 -0.342067
vn 0.001065 0.93966 -0.342107
vn 0.0 0.939692 -0.342023
vn -4e-06 0.939693 -0.342019
vn 0.000569 0.939876 -0.341515
vn 0.001738 0.940236 -0.340518
vn 0.000177 0.939753 -0.341854
vn 7.3e-05 0.939731 -0.341914
vn -0.001023 0.939137 -0.34354
vn 0.000287 0.93984 -0.341614
vn -0.000186 0.939619 -0.342221
vn -6.1e-05 0.939671 -0.342078
vn 0.000188 0.939768 -0.341813
vn 0.00107 0.940597 -0.339524
vn 0.000136 0.939755 -0.341848
vn -0.000101 0.939651 -0.342134
vn -6.9e-05 0.939661 -0.342108
vn -0.000103 0.939677 -0.342062
vn 0.000276 0.939731 -0.341914
vn -0.000574 0.939619 -0.342222
vn -0.001944 0.939449 -0.342682
vn 0.000431 0.940134 -0.340804
vn -0.000448 0.939143 -0.343525
vn -0.000814 0.939649 -0.342139
vn 0.00027 0.93971 -0.341973
vn -0.000739 0.939658 -0.342114
vn 6e-06 0.939694 -0.342016
vn -0.000109 0.939685 -0.342041
vn 4.3e-05 0.939706 -0.341984
vn -3.5e-05 0.939683 -0.342048
vn -7e-06 0.939691 -0.342026
vn -6e-06 0.939691 -0.342025
vn -0.000246 0.939668 -0.342088
vn 0.000138 0.940529 -0.339713
vn 1.8e-05 0.939698 -0.342006
vn 0.000164 0.939128 -0.343566
vn -0.000104 0.940063 -0.341002
vn -6.4e-05 0.939878 -0.341511
vn -8.8e-05 0.939961 -0.341282
vn 7.4e-05 0.939511 -0.342518
vn -6e-06 0.939695 -0.342012
vn 2.9e-05 0.939626 -0.342203
vn -2.8e-05 0.939724 -0.341933
vn 0.001476 0.938631 -0.344919
vn -2.4e-05 0.939719 -0.341949
vn 0.001554 0.938814 -0.344421
vn -0.000669 0.939992 -0.341197
vn -0.000666 0.93999 -0.341201
vn -2.3e-05 0.939681 -0.342053
vn -0.001141 0.940061 -0.341003
vn 0.00038 0.939568 -0.342363
vn 3.8e-05 0.939682 -0.342049
vn -0.000535 0.939851 -0.341585
vn 0.000177 0.939635 -0.342179
vn 0.000638 0.939574 -0.342347
vn -2.2e-05 0.9397 -0.342001
vn -0.0005 0.939782 -0.341775
vn 0.001944 0.939449 -0.342682
vn 2.6e-05 0.939686 -0.342038
vn -0.001745 0.939848 -0.341589
vn 0.000814 0.939649 -0.342139
vn 0.000263 0.939677 -0.342062
vn 0.0 0.939692 -0.342023
vn 0.0 0.939692 -0.342023
vn 0.001065 0.93966 -0.342107
vn 1.5e-05 0.939689 -0.34203
vn 0.000318 0.939673 -0.342073
vn 0.0 0.939692 -0.342023
vn 0.0 0.939693 -0.34202
vn 1e-06 0.939693 -0.342019
vn 1e-06 0.939693 -0.34202
vn -2e-06 0.939692 -0.342022
vn -1e-06 0.939692 -0.342021
vn 2e-06 0.939693 -0.342019
vn -1e-06 0.939692 -0.342021
vn 4e-06 0.939694 -0.342017
vn -3e-06 0.939692 -0.342023
vn 2e-06 0.939693 -0.342019
vn -1e-06 0.939692 -0.342021
vn -4e-06 0.939692 -0.342023
vn 4e-06 0.939693 -0.342018
vn 5e-06 0.939694 -0.342017
vn 0.0 0.939693 -0.34202
vn 2e-06 0.939693 -0.342018
vn -4e-06 0.939691 -0.342024
vn 3e-06 0.939694 -0.342016
vn -3e-06 0.939691 -0.342024
vn -0.0 0.939692 -0.342021
vn 1e-06 0.939693 -0.342019
vn 2e-06 0.939693 -0.342018
vn -2e-06 0.939691 -0.342023
vn 4e-06 0.939694 -0.342016
vn -1e-06 0.939692 -0.342021
vn -3e-06 0.939691 -0.342025
vn 4e-06 0.939695 -0.342015
vn 1e-06 0.939693 -0.342019
vn -4e-06 0.93969 -0.342027
vn 4e-06 0.939695 -0.342013
vn -3e-06 0.93969 -0.342026
vn -1e-06 0.939692 -0.342021
vn 2e-06 0.939694 -0.342016
vn -1e-06 0.939692 -0.342021
vn 0.0 0.939693 -0.34202
vn -0.0 0.939693 -0.34202
vn -5e-06 0.939694 -0.342017
vn -4e-06 0.939693 -0.342018
vn 4e-06 0.939692 -0.342023
vn 1e-06 0.939692 -0.342021
vn -2e-06 0.939693 -0.342019
vn 3e-06 0.939692 -0.342023
vn -4e-06 0.939694 -0.342017
vn 1e-06 0.939692 -0.342021
vn -2e-06 0.939693 -0.342019
vn 1e-06 0.939692 -0.342021
vn 2e-06 0.939692 -0.342022
vn -1e-06 0.939693 -0.34202
vn -1e-06 0.939693 -0.342019
vn -2e-06 0.939693 -0.342018
vn 4e-06 0.939691 -0.342024
vn -3e-06 0.939694 -0.342017
vn 3e-06 0.939691 -0.342023
vn 0.0 0.939692 -0.342021
vn -1e-06 0.939693 -0.342019
vn -2e-06 0.939694 -0.342018
vn 3e-06 0.939691 -0.342024
vn -3e-06 0.939694 -0.342016
vn 1e-06 0.939692 -0.342021
vn 3e-06 0.939691 -0.342025
vn -3e-06 0.939695 -0.342015
vn -1e-06 0.939693 -0.342019
vn 4e-06 0.93969 -0.342028
vn -4e-06 0.939695 -0.342012
vn 3e-06 0.939691 -0.342026
vn 0.0 0.939692 -0.342021
vn -2e-06 0.939694 -0.342016
vn 1e-06 0.939692 -0.342022
vn 0.0 0.939693 -0.34202
vn 0.0 0.939693 -0.34202
vn -0.000814 -0.939649 -0.342139
vn -0.000617 -0.939665 -0.342097
vn -0.00032 -0.93968 -0.342056
vn -0.000946 -0.939642 -0.342157
vn 0.000125 -0.939696 -0.342011
vn 0.000299 -0.939705 -0.341987
vn -0.000286 -0.93967 -0.342082
vn -0.000197 -0.939676 -0.342065
vn -0.000638 -0.939574 -0.342347
vn 8e-06 -0.939692 -0.342022
vn -0.00203 -0.939231 -0.343281
vn -4.6e-05 -0.939687 -0.342036
vn 0.000149 -0.939709 -0.341976
vn -0.000207 -0.939665 -0.342095
vn 9.5e-05 -0.939705 -0.341986
vn 2.3e-05 -0.93968 -0.342054
vn 0.000666 -0.93999 -0.341201
vn 0.000669 -0.939992 -0.341197
vn 3e-06 -0.939691 -0.342024
vn 0.000405 -0.939876 -0.341515
vn -0.000161 -0.939659 -0.342112
vn 0.000111 -0.939715 -0.341959
vn -0.000152 -0.939658 -0.342115
vn 6.2e-05 -0.939707 -0.34198
vn 4.8e-05 -0.939704 -0.34199
vn 0.000431 -0.940134 -0.340804
vn -0.000108 -0.939662 -0.342104
vn -3.5e-05 -0.939683 -0.342048
vn 4.3e-05 -0.939706 -0.341984
vn 0.000138 -0.940529 -0.339713
vn 1.8e-05 -0.939698 -0.342006
vn 0.0 -0.939693 -0.34202
vn 0.0 -0.939693 -0.34202
vn 0.0 -0.939692 -0.342023
vn 0.0 -0.939692 -0.342023
vn -0.000246 -0.939694 -0.342016
vn 0.000463 -0.93967 -0.342082
vn -0.001745 -0.939848 -0.341589
vn 0.00078 -0.938634 -0.344915
vn 7.8e-05 -0.939597 -0.342282
vn 0.000337 -0.939667 -0.34209
vn -0.001054 -0.93979 -0.341752
vn 1.3e-05 -0.939689 -0.34203
vn 5.5e-05 -0.939632 -0.342185
vn -8.6e-05 -0.939825 -0.341655
vn 0.000286 -0.93967 -0.342082
vn 6.4e-05 -0.939596 -0.342285
vn 6.5e-05 -0.939594 -0.342291
vn 0.000197 -0.939676 -0.342065
vn -0.000109 -0.93986 -0.341561
vn -8.8e-05 -0.93983 -0.341642
vn 0.000638 -0.939574 -0.342347
vn -0.00154 -0.940681 -0.339289
vn -0.000515 -0.939784 -0.341768
vn 0.000434 -0.939423 -0.34276
vn 1.9e-05 -0.93969 -0.342028
vn 0.000797 -0.93953 -0.342465
vn -0.000669 -0.939992 -0.341197
vn 1.1e-05 -0.939678 -0.342059
vn 5e-06 -0.93969 -0.342028
vn 0.00038 -0.939567 -0.342364
vn 4e-06 -0.939691 -0.342025
vn -3.3e-05 -0.939696 -0.342012
vn -0.000294 -0.939843 -0.341607
vn -0.000569 -0.939876 -0.341515
vn -0.001738 -0.940236 -0.340519
vn -0.999698 0.0084 -0.023079
vn -0.997291 0.025158 -0.06912
vn -0.999698 0.008399 -0.023077
vn -0.992478 0.04187 -0.115039
vn -0.997291 0.025158 -0.06912
vn -0.985286 0.058455 -0.160605
vn -0.992478 0.04187 -0.115039
vn -0.975699 0.074943 -0.205901
vn -0.985283 0.058463 -0.160623
vn -0.963771 0.091228 -0.250644
vn -0.975699 0.074943 -0.205901
vn -0.949527 0.107287 -0.294766
vn -0.963771 0.091228 -0.250644
vn -0.933009 0.123076 -0.338152
vn -0.949539 0.107274 -0.294734
vn -0.932994 0.123092 -0.338189
vn -0.91419 0.138617 -0.380843
vn -0.91419 0.138617 -0.380843
vn -0.893237 0.153769 -0.422472
vn -0.870098 0.168576 -0.463153
vn -0.893237 0.153769 -0.422472
vn -0.844834 0.182992 -0.502761
vn -0.870098 0.168576 -0.463153
vn -0.817563 0.19695 -0.541111
vn -0.844834 0.182992 -0.502761
vn -0.788388 0.2104 -0.578079
vn -0.817616 0.19692 -0.541042
vn -0.757204 0.223402 -0.613787
vn -0.788328 0.210431 -0.57815
vn -0.7242 0.235854 -0.648002
vn -0.757222 0.223394 -0.613768
vn -0.689551 0.247702 -0.680561
vn -0.724236 0.235839 -0.647968
vn -0.653186 0.258975 -0.711534
vn -0.689551 0.247702 -0.680561
vn -0.615227 0.269632 -0.740807
vn -0.653143 0.25899 -0.711567
vn -0.575785 0.279637 -0.768293
vn -0.615227 0.269632 -0.740807
vn -0.535031 0.288947 -0.793884
vn -0.575835 0.279622 -0.768261
vn -0.492902 0.297584 -0.817613
vn -0.535031 0.288947 -0.793884
vn -0.449571 0.305508 -0.839375
vn -0.492846 0.297598 -0.817642
vn -0.405303 0.312666 -0.859051
vn -0.449631 0.305495 -0.839348
vn -0.35983 0.319112 -0.87675
vn -0.405241 0.312679 -0.859076
vn -0.313747 0.324746 -0.892246
vn -0.359932 0.319093 -0.876715
vn -0.266691 0.329636 -0.905658
vn -0.313603 0.324769 -0.892288
vn -0.219106 0.333707 -0.91686
vn -0.266799 0.32962 -0.905632
vn -0.170969 0.336985 -0.925857
vn -0.219035 0.333716 -0.916874
vn -0.122417 0.339448 -0.932625
vn -0.170969 0.336985 -0.925857
vn -0.07356 0.341096 -0.937146
vn -0.122375 0.339452 -0.932629
vn -0.024511 0.341918 -0.93941
vn -0.073603 0.341093 -0.937144
vn -0.024585 0.341914 -0.93941
vn -0.001174 0.939734 0.341906
vn -0.000179 0.939692 0.342021
vn -4.8e-05 0.939686 0.342039
vn -0.001115 0.9398 0.341722
vn 0.00012 0.939673 0.342075
vn 1e-05 0.939694 0.342015
vn -0.00109 0.939871 0.341529
vn 8.8e-05 0.93968 0.342053
vn 7.7e-05 0.939683 0.342048
vn 0.000751 0.93951 0.342521
vn -0.000989 0.939965 0.341271
vn 0.000109 0.939657 0.342118
vn -0.00011 0.939713 0.341965
vn -2e-06 0.939691 0.342026
vn -0.001743 0.940313 0.340306
vn -0.000778 0.939951 0.341308
vn 4.5e-05 0.939679 0.342057
vn -2.3e-05 0.939696 0.34201
vn -3e-06 0.939693 0.342019
vn -0.001292 0.940387 0.340105
vn -0.000182 0.939756 0.341845
vn -0.000315 0.939975 0.341243
vn 0.000476 0.939273 0.34317
vn 0.000522 0.939229 0.343291
vn 2.1e-05 0.939688 0.342033
vn -0.000141 0.939831 0.341639
vn 0.000387 0.938986 0.343955
vn 1.3e-05 0.93969 0.342027
vn 0.000245 0.939231 0.343286
vn 0.000159 0.938605 0.344993
vn 4e-06 0.939693 0.342019
vn 0.0 0.939693 0.34202
vn 0.0 0.939693 0.34202
vn 0.0 0.939694 0.342016
vn 0.0 0.939694 0.342016
vn 4.8e-05 0.939686 0.342039
vn -0.000387 0.938986 0.343955
vn -0.000245 0.939231 0.343285
vn 0.000138 0.939986 0.341212
vn -0.000176 0.939683 0.342046
vn -0.001228 0.93962 0.342217
vn -0.00031 0.939651 0.342133
vn -0.000522 0.939229 0.343291
vn 3.1e-05 0.93974 0.341889
vn 0.000256 0.939973 0.341249
vn 0.000418 0.939728 0.341923
vn -0.000284 0.939657 0.342117
vn 4e-06 0.939692 0.34202
vn -0.000574 0.939619 0.342222
vn -7e-05 0.939587 0.34231
vn -0.000638 0.939574 0.342347
vn -0.001523 0.938722 0.344673
vn 3e-06 0.939695 0.342013
vn -8.9e-05 0.939592 0.342298
vn 4e-06 0.939688 0.342034
vn 1e-05 0.939697 0.342009
vn -0.000434 0.939423 0.34276
vn -0.000751 0.93951 0.342521
vn 0.000989 0.939965 0.341271
vn 8e-05 0.939705 0.341986
vn -0.000109 0.939657 0.342118
vn -0.001335 0.939112 0.34361
vn -0.001332 0.939113 0.343606
vn -0.000634 0.939542 0.342434
vn -0.000337 0.939551 0.342408
vn 1.7e-05 0.939699 0.342004
vn -0.0 0.024432 0.999701
vn 0.0 0.024432 0.999701
vn -0.0 0.073238 0.997314
vn -0.0 0.121869 0.992546
vn 0.0 0.073238 0.997314
vn -0.0 0.121869 0.992546
vn -0.0 0.170212 0.985407
vn -0.0 0.218141 0.975917
vn 0.0 0.170212 0.985407
vn -0.0 0.265555 0.964096
vn -0.0 0.218141 0.975917
vn -0.0 0.265555 0.964096
vn -0.0 0.312332 0.949973
vn 0.0 0.312332 0.949973
vn -0.0 0.358376 0.933577
vn -0.0 0.403539 0.914963
vn 0.0 0.358376 0.933577
vn -0.0 0.403539 0.914963
vn -0.0 0.447762 0.894153
vn 0.0 0.447762 0.894153
vn 0.0 0.490911 0.87121
vn -0.0 0.490911 0.87121
vn -0.0 0.532866 0.8462
vn -0.0 0.532866 0.8462
vn 0.0 0.573581 0.819149
vn -0.0 0.573581 0.819149
vn -0.0 0.612903 0.790158
vn 0.0 0.612903 0.790158
vn -0.0 0.650785 0.759262
vn 0.0 0.650785 0.759262
vn -0.0 0.687082 0.72658
vn 0.0 0.687082 0.72658
vn -0.0 0.721761 0.692143
vn 0.0 0.721761 0.692143
vn -0.0 0.754701 0.656069
vn 0.0 0.754701 0.656069
vn -0.0 0.785868 0.618394
vn -0.0 0.815124 0.579286
vn 0.0 0.785868 0.618394
vn -0.0 0.842445 0.538783
vn -0.0 0.815124 0.579286
vn -0.0 0.842445 0.538783
vn -0.0 0.867778 0.496951
vn 0.0 0.867778 0.496951
vn -0.0 0.891 0.454003
vn 0.0 0.891 0.454003
vn -0.0 0.912123 0.409916
vn 0.0 0.912123 0.409916
vn -0.0 0.931053 0.364884
vn 0.0 0.931053 0.364884
vn -0.999698 -0.0084 -0.023079
vn -0.999698 -0.0084 -0.023077
vn -0.997291 -0.025158 -0.06912
vn -0.997291 -0.025158 -0.06912
vn -0.992478 -0.04187 -0.115039
vn -0.985286 -0.058455 -0.160605
vn -0.992478 -0.04187 -0.115039
vn -0.985283 -0.058463 -0.160623
vn -0.975699 -0.074943 -0.205901
vn -0.975699 -0.074943 -0.205901
vn -0.963771 -0.091228 -0.250645
vn -0.949527 -0.107287 -0.294766
vn -0.963771 -0.091228 -0.250644
vn -0.949539 -0.107274 -0.294734
vn -0.932993 -0.12309 -0.338189
vn -0.933009 -0.123078 -0.338152
vn -0.91419 -0.138617 -0.380843
vn -0.91419 -0.138617 -0.380843
vn -0.893237 -0.153769 -0.422472
vn -0.893237 -0.153769 -0.422472
vn -0.870098 -0.168576 -0.463153
vn -0.870098 -0.168576 -0.463153
vn -0.844835 -0.182992 -0.502761
vn -0.844834 -0.182992 -0.502761
vn -0.817563 -0.196946 -0.541112
vn -0.788389 -0.2104 -0.578079
vn -0.817616 -0.196924 -0.54104
vn -0.788328 -0.210431 -0.57815
vn -0.757203 -0.223401 -0.613787
vn -0.757222 -0.223395 -0.613767
vn -0.7242 -0.235852 -0.648003
vn -0.724235 -0.235841 -0.647967
vn -0.689551 -0.247702 -0.680561
vn -0.689551 -0.247702 -0.680561
vn -0.653186 -0.258977 -0.711533
vn -0.653143 -0.258987 -0.711568
vn -0.615227 -0.269632 -0.740807
vn -0.615227 -0.269632 -0.740807
vn -0.575785 -0.279634 -0.768294
vn -0.575835 -0.279625 -0.76826
vn -0.535031 -0.288947 -0.793884
vn -0.535031 -0.288947 -0.793884
vn -0.492902 -0.297587 -0.817612
vn -0.492846 -0.297595 -0.817643
vn -0.449571 -0.305505 -0.839376
vn -0.405303 -0.312666 -0.859052
vn -0.449631 -0.305498 -0.839347
vn -0.405241 -0.312679 -0.859076
vn -0.35983 -0.319107 -0.876752
vn -0.359932 -0.319098 -0.876713
vn -0.313747 -0.324753 -0.892244
vn -0.313603 -0.324762 -0.892291
vn -0.266691 -0.32963 -0.90566
vn -0.219106 -0.333707 -0.91686
vn -0.266799 -0.329625 -0.90563
vn -0.219035 -0.333716 -0.916874
vn -0.17097 -0.336985 -0.925857
vn -0.170969 -0.336985 -0.925857
vn -0.122417 -0.33945 -0.932624
vn -0.07356 -0.341096 -0.937146
vn -0.122375 -0.33945 -0.93263
vn -0.024511 -0.341918 -0.93941
vn -0.073603 -0.341093 -0.937144
vn -0.024585 -0.341914 -0.93941
vn 0.999698 0.0084 -0.023079
vn 0.997291 0.025158 -0.06912
vn 0.999698 0.0084 -0.023077
vn 0.997291 0.025158 -0.06912
vn 0.992478 0.04187 -0.115039
vn 0.992478 0.04187 -0.115039
vn 0.985286 0.058456 -0.160604
vn 0.985283 0.058462 -0.160623
vn 0.975699 0.074943 -0.205901
vn 0.975699 0.074943 -0.205901
vn 0.963771 0.091228 -0.250645
vn 0.963771 0.091228 -0.250644
vn 0.949527 0.107285 -0.294767
vn 0.949539 0.107275 -0.294734
vn 0.933009 0.123078 -0.338152
vn 0.932993 0.12309 -0.338189
vn 0.91419 0.138617 -0.380843
vn 0.91419 0.138617 -0.380843
vn 0.893237 0.153769 -0.422472
vn 0.893237 0.153769 -0.422472
vn 0.870098 0.168576 -0.463153
vn 0.870098 0.168576 -0.463153
vn 0.844835 0.182992 -0.502761
vn 0.844834 0.182992 -0.502761
vn 0.817563 0.196946 -0.541112
vn 0.817616 0.196924 -0.54104
vn 0.788388 0.210405 -0.578077
vn 0.788328 0.210427 -0.578152
vn 0.757203 0.223401 -0.613787
vn 0.757222 0.223395 -0.613767
vn 0.7242 0.235852 -0.648003
vn 0.724235 0.235841 -0.647967
vn 0.689551 0.247702 -0.680561
vn 0.689551 0.247702 -0.680561
vn 0.653186 0.258977 -0.711533
vn 0.653143 0.258987 -0.711568
vn 0.615227 0.269632 -0.740807
vn 0.615227 0.269632 -0.740807
vn 0.575785 0.279634 -0.768294
vn 0.575835 0.279625 -0.76826
vn 0.535031 0.288947 -0.793884
vn 0.535031 0.288947 -0.793884
vn 0.492902 0.297587 -0.817612
vn 0.492846 0.297595 -0.817643
vn 0.449571 0.305505 -0.839376
vn 0.449631 0.305498 -0.839347
vn 0.405303 0.312669 -0.85905
vn 0.405241 0.312676 -0.859077
vn 0.35983 0.319107 -0.876752
vn 0.359932 0.319098 -0.876713
vn 0.313747 0.324753 -0.892244
vn 0.313603 0.324762 -0.892291
vn 0.266691 0.32963 -0.90566
vn 0.266799 0.329625 -0.90563
vn 0.219105 0.33371 -0.916859
vn 0.219035 0.333712 -0.916875
vn 0.170969 0.336985 -0.925857
vn 0.170969 0.336985 -0.925857
vn 0.122417 0.33945 -0.932624
vn 0.122375 0.33945 -0.93263
vn 0.073561 0.341094 -0.937146
vn 0.073603 0.341095 -0.937143
vn 0.024511 0.341915 -0.939411
vn 0.024585 0.341918 -0.939408
vn -0.0 0.342017 0.939694
vn 0.0 0.342017 0.939694
vn 0.0 0.342018 -0.939694
vn 0.0 0.342018 -0.939694
vn 0.0 -0.342018 -0.939694
vn 0.0 -0.342018 -0.939694
vn 0.024511 -0.341918 -0.93941
vn 0.024585 -0.341914 -0.93941
vn 0.07356 -0.341096 -0.937146
vn 0.073603 -0.341093 -0.937144
vn 0.122417 -0.339448 -0.932625
vn 0.122375 -0.339452 -0.932629
vn 0.17097 -0.336985 -0.925857
vn 0.170969 -0.336985 -0.925857
vn 0.219106 -0.333707 -0.91686
vn 0.219035 -0.333716 -0.916874
vn 0.266691 -0.329636 -0.905658
vn 0.266799 -0.32962 -0.905632
vn 0.313747 -0.324746 -0.892246
vn 0.313603 -0.324769 -0.892288
vn 0.35983 -0.319112 -0.87675
vn 0.359932 -0.319093 -0.876715
vn 0.405241 -0.312679 -0.859076
vn 0.405303 -0.312666 -0.859052
vn 0.449571 -0.305508 -0.839375
vn 0.449631 -0.305495 -0.839348
vn 0.492902 -0.297584 -0.817613
vn 0.492846 -0.297598 -0.817642
vn 0.535031 -0.288947 -0.793883
vn 0.535031 -0.288947 -0.793884
vn 0.575785 -0.279637 -0.768293
vn 0.575835 -0.279622 -0.768261
vn 0.615227 -0.269632 -0.740807
vn 0.615227 -0.269632 -0.740807
vn 0.653186 -0.258975 -0.711534
vn 0.653143 -0.25899 -0.711567
vn 0.689551 -0.247702 -0.680561
vn 0.689551 -0.247702 -0.680561
vn 0.7242 -0.235854 -0.648002
vn 0.724236 -0.235839 -0.647968
vn 0.757204 -0.223402 -0.613787
vn 0.757222 -0.223394 -0.613768
vn 0.788389 -0.2104 -0.578079
vn 0.788328 -0.210431 -0.57815
vn 0.817563 -0.19695 -0.541111
vn 0.817616 -0.19692 -0.541042
vn 0.844835 -0.182992 -0.502761
vn 0.844834 -0.182992 -0.502761
vn 0.870098 -0.168576 -0.463153
vn 0.870098 -0.168576 -0.463153
vn 0.893237 -0.153769 -0.422473
vn 0.893237 -0.153769 -0.422472
vn 0.91419 -0.138617 -0.380843
vn 0.91419 -0.138617 -0.380843
vn 0.933009 -0.123076 -0.338153
vn 0.932994 -0.123092 -0.338189
vn 0.949527 -0.107287 -0.294766
vn 0.949539 -0.107274 -0.294734
vn 0.963771 -0.091228 -0.250645
vn 0.963771 -0.091228 -0.250644
vn 0.975699 -0.074943 -0.205901
vn 0.975699 -0.074943 -0.205901
vn 0.985286 -0.058455 -0.160605
vn 0.985283 -0.058463 -0.160623
vn 0.992478 -0.04187 -0.115039
vn 0.992478 -0.04187 -0.115039
vn 0.997291 -0.025158 -0.06912
vn 0.997291 -0.025158 -0.06912
vn 0.999698 -0.0084 -0.023079
vn 0.999698 -0.008399 -0.023077
vn 1.0 0.0 0.0
vn 1.0 0.0 0.0
vn 0.024542 -0.341918 -0.939409
vn 0.02454 -0.341917 -0.93941
vn 0.073564 -0.341093 -0.937147
vn 0.122412 -0.339447 -0.932626
vn 0.073567 -0.341093 -0.937146
vn 0.12241 -0.339448 -0.932626
vn 0.170963 -0.336985 -0.925858
vn 0.170961 -0.336985 -0.925858
vn 0.219098 -0.333709 -0.916861
vn 0.266715 -0.32963 -0.905653
vn 0.219102 -0.33371 -0.91686
vn 0.266712 -0.329631 -0.905653
vn 0.313683 -0.324758 -0.892264
vn 0.313681 -0.324758 -0.892265
vn 0.359893 -0.319102 -0.876728
vn 0.405244 -0.312677 -0.859076
vn 0.359897 -0.319103 -0.876726
vn 0.40524 -0.312679 -0.859077
vn 0.449612 -0.305501 -0.839355
vn 0.449612 -0.305501 -0.839355
vn 0.492896 -0.297587 -0.817616
vn 0.4929 -0.297588 -0.817613
vn 0.534997 -0.288957 -0.793903
vn 0.534995 -0.288957 -0.793905
vn 0.575808 -0.27963 -0.768279
vn 0.61523 -0.26963 -0.740804
vn 0.575809 -0.27963 -0.768278
vn 0.615231 -0.26963 -0.740804
vn 0.653171 -0.25898 -0.711545
vn 0.653171 -0.25898 -0.711545
vn 0.689544 -0.247707 -0.680567
vn 0.689541 -0.247706 -0.680569
vn 0.724246 -0.235837 -0.647957
vn 0.724248 -0.235837 -0.647956
vn 0.757208 -0.223399 -0.613782
vn 0.757207 -0.223399 -0.613784
vn 0.788348 -0.210421 -0.578126
vn 0.817583 -0.196939 -0.541086
vn 0.788349 -0.210421 -0.578125
vn 0.817583 -0.196939 -0.541085
vn 0.844855 -0.182979 -0.502732
vn 0.844855 -0.182979 -0.502731
vn 0.870086 -0.168582 -0.463175
vn 0.870085 -0.168582 -0.463176
vn 0.893225 -0.153776 -0.422496
vn 0.893225 -0.153776 -0.422496
vn 0.91421 -0.138601 -0.380802
vn 0.91421 -0.138601 -0.380802
vn 0.932994 -0.12309 -0.338187
vn 0.932994 -0.12309 -0.338187
vn 0.949527 -0.107287 -0.294768
vn 0.949527 -0.107287 -0.294769
vn 0.963776 -0.091221 -0.250627
vn 0.963776 -0.091221 -0.250628
vn 0.975702 -0.074937 -0.205888
vn 0.975702 -0.074937 -0.205887
vn 0.985278 -0.058472 -0.16065
vn 0.99248 -0.041867 -0.115027
vn 0.985278 -0.058472 -0.160651
vn 0.99248 -0.041866 -0.115027
vn 0.997291 -0.02516 -0.069126
vn 0.999699 -0.008395 -0.023064
vn 0.997291 -0.02516 -0.069126
vn 0.999699 -0.008394 -0.023064
vn 0.0 -0.342021 -0.939692
vn -0.0 -0.342021 -0.939692
vn -0.999699 -0.008395 -0.023064
vn -0.999699 -0.008395 -0.023064
vn -0.997291 -0.02516 -0.069126
vn -0.997291 -0.02516 -0.069126
vn -0.99248 -0.041867 -0.115027
vn -0.99248 -0.041866 -0.115027
vn -0.985278 -0.058472 -0.16065
vn -0.985278 -0.058473 -0.160651
vn -0.975702 -0.074938 -0.205888
vn -0.975702 -0.074937 -0.205887
vn -0.963776 -0.091221 -0.250627
vn -0.963776 -0.091221 -0.250628
vn -0.949527 -0.107287 -0.294768
vn -0.932994 -0.12309 -0.338187
vn -0.949527 -0.107287 -0.294768
vn -0.932994 -0.12309 -0.338187
vn -0.91421 -0.138601 -0.380802
vn -0.91421 -0.138601 -0.380802
vn -0.893225 -0.153776 -0.422496
vn -0.893225 -0.153776 -0.422496
vn -0.870086 -0.168582 -0.463175
vn -0.870085 -0.168582 -0.463176
vn -0.844855 -0.182979 -0.502731
vn -0.844855 -0.182979 -0.502732
vn -0.817583 -0.196939 -0.541086
vn -0.817583 -0.196939 -0.541085
vn -0.788348 -0.210421 -0.578126
vn -0.757208 -0.223399 -0.613782
vn -0.788349 -0.21042 -0.578125
vn -0.757207 -0.223399 -0.613784
vn -0.724246 -0.235838 -0.647957
vn -0.724248 -0.235836 -0.647956
vn -0.689544 -0.247705 -0.680567
vn -0.653171 -0.25898 -0.711545
vn -0.689541 -0.247707 -0.680569
vn -0.61523 -0.26963 -0.740805
vn -0.653171 -0.25898 -0.711545
vn -0.615231 -0.26963 -0.740804
vn -0.575808 -0.279631 -0.768278
vn -0.575809 -0.27963 -0.768278
vn -0.534997 -0.288956 -0.793903
vn -0.534995 -0.288958 -0.793904
vn -0.492896 -0.297588 -0.817615
vn -0.4929 -0.297586 -0.817614
vn -0.449612 -0.305501 -0.839355
vn -0.449612 -0.305501 -0.839355
vn -0.405244 -0.312677 -0.859076
vn -0.359893 -0.319102 -0.876728
vn -0.40524 -0.312679 -0.859077
vn -0.359897 -0.319103 -0.876726
vn -0.313683 -0.324758 -0.892264
vn -0.313681 -0.324759 -0.892265
vn -0.266715 -0.32963 -0.905653
vn -0.266712 -0.329631 -0.905653
vn -0.219098 -0.333711 -0.916861
vn -0.219102 -0.333709 -0.91686
vn -0.170963 -0.336984 -0.925858
vn -0.170961 -0.336986 -0.925858
vn -0.122412 -0.339447 -0.932626
vn -0.073564 -0.341092 -0.937147
vn -0.122411 -0.339448 -0.932626
vn -0.02454 -0.341917 -0.93941
vn -0.073567 -0.341093 -0.937146
vn -0.024542 -0.341918 -0.939409
vn -1.0 0.0 0.0
vn -1.0 0.0 0.0
vn 0.0 -0.342018 -0.939694
vn 0.0 -0.342018 -0.939694
vn -0.024585 -0.341918 -0.939408
vn -0.024511 -0.341915 -0.939411
vn -0.073603 -0.341095 -0.937143
vn -0.07356 -0.341094 -0.937146
vn -0.122375 -0.33945 -0.932629
vn -0.122417 -0.33945 -0.932624
vn -0.170969 -0.336985 -0.925857
vn -0.170969 -0.336985 -0.925857
vn -0.219035 -0.333712 -0.916875
vn -0.219106 -0.33371 -0.916859
vn -0.266799 -0.329625 -0.90563
vn -0.266691 -0.32963 -0.90566
vn -0.313603 -0.324762 -0.892291
vn -0.313747 -0.324753 -0.892244
vn -0.359931 -0.319098 -0.876713
vn -0.35983 -0.319107 -0.876752
vn -0.405303 -0.31267 -0.85905
vn -0.405241 -0.312676 -0.859077
vn -0.449631 -0.305498 -0.839347
vn -0.449571 -0.305505 -0.839376
vn -0.492845 -0.297595 -0.817643
vn -0.492902 -0.297587 -0.817612
vn -0.535031 -0.288947 -0.793884
vn -0.535031 -0.288947 -0.793884
vn -0.575835 -0.279625 -0.76826
vn -0.575785 -0.279634 -0.768294
vn -0.615227 -0.269632 -0.740807
vn -0.615227 -0.269632 -0.740807
vn -0.653143 -0.258987 -0.711568
vn -0.653186 -0.258977 -0.711533
vn -0.689551 -0.247702 -0.680561
vn -0.689551 -0.247702 -0.680561
vn -0.724235 -0.235841 -0.647968
vn -0.7242 -0.235852 -0.648003
vn -0.757222 -0.223395 -0.613767
vn -0.757204 -0.223401 -0.613787
vn -0.788328 -0.210427 -0.578152
vn -0.788389 -0.210405 -0.578077
vn -0.817616 -0.196924 -0.54104
vn -0.817563 -0.196946 -0.541112
vn -0.844835 -0.182992 -0.502761
vn -0.844834 -0.182992 -0.502761
vn -0.870098 -0.168576 -0.463153
vn -0.870098 -0.168576 -0.463153
vn -0.893237 -0.153769 -0.422472
vn -0.893237 -0.153769 -0.422472
vn -0.91419 -0.138617 -0.380843
vn -0.91419 -0.138617 -0.380843
vn -0.932993 -0.12309 -0.338189
vn -0.933009 -0.123078 -0.338152
vn -0.949539 -0.107275 -0.294734
vn -0.949527 -0.107285 -0.294767
vn -0.963771 -0.091228 -0.250645
vn -0.963771 -0.091228 -0.250644
vn -0.975699 -0.074943 -0.205901
vn -0.975699 -0.074943 -0.205901
vn -0.985283 -0.058462 -0.160623
vn -0.985286 -0.058456 -0.160604
vn -0.992478 -0.04187 -0.115039
vn -0.992478 -0.04187 -0.115039
vn -0.997291 -0.025158 -0.06912
vn -0.997291 -0.025158 -0.06912
vn -0.999698 -0.0084 -0.023077
vn -0.999698 -0.0084 -0.023079
vn 0.0 0.342018 -0.939694
vn 0.0 0.342018 -0.939694
f 1//1 2//1 3//1 
f 4//2 3//2 2//2 
f 5//3 4//3 2//3 
f 6//4 7//4 2//4 
f 6//5 2//5 1//5 
f 8//6 5//6 2//6 
f 9//7 7//7 6//7 
f 10//8 7//8 9//8 
f 11//9 8//9 2//9 
f 12//10 11//10 2//10 
f 13//11 7//11 10//11 
f 14//12 12//12 2//12 
f 15//13 7//13 13//13 
f 16//14 14//14 2//14 
f 17//15 7//15 15//15 
f 18//16 7//16 17//16 
f 19//17 16//17 2//17 
f 20//18 7//18 18//18 
f 21//19 19//19 2//19 
f 22//20 21//20 2//20 
f 23//21 7//21 20//21 
f 24//22 22//22 2//22 
f 25//23 7//23 23//23 
f 26//24 7//24 25//24 
f 27//25 24//25 2//25 
f 28//26 27//26 2//26 
f 29//27 7//27 26//27 
f 30//28 28//28 2//28 
f 31//29 7//29 29//29 
f 32//30 30//30 2//30 
f 33//31 7//31 31//31 
f 34//32 32//32 2//32 
f 35//33 7//33 33//33 
f 36//34 34//34 2//34 
f 37//35 36//35 2//35 
f 38//36 37//36 2//36 
f 39//37 38//37 2//37 
f 40//38 39//38 2//38 
f 41//39 40//39 2//39 
f 42//40 41//40 2//40 
f 43//41 42//41 2//41 
f 44//42 43//42 2//42 
f 45//43 44//43 2//43 
f 46//44 45//44 2//44 
f 47//45 46//45 2//45 
f 48//46 47//46 2//46 
f 48//47 2//47 49//47 
f 50//48 7//48 35//48 
f 51//49 52//49 53//49 
f 51//50 54//50 52//50 
f 55//51 56//51 52//51 
f 55//52 52//52 54//52 
f 57//53 58//53 56//53 
f 57//54 59//54 58//54 
f 57//55 56//55 55//55 
f 60//56 61//56 62//56 
f 60//57 53//57 61//57 
f 60//58 51//58 53//58 
f 63//59 60//59 62//59 
f 64//60 59//60 57//60 
f 65//61 62//61 48//61 
f 65//62 48//62 49//62 
f 65//63 63//63 62//63 
f 66//64 67//64 59//64 
f 66//65 59//65 64//65 
f 68//66 65//66 49//66 
f 69//67 70//67 67//67 
f 69//68 67//68 66//68 
f 71//69 70//69 69//69 
f 71//70 72//70 70//70 
f 73//71 68//71 49//71 
f 74//72 73//72 49//72 
f 75//73 76//73 72//73 
f 75//74 72//74 71//74 
f 77//75 74//75 49//75 
f 78//76 79//76 76//76 
f 78//77 76//77 75//77 
f 80//78 77//78 49//78 
f 81//79 79//79 78//79 
f 81//80 82//80 79//80 
f 83//81 80//81 49//81 
f 84//82 85//82 82//82 
f 84//83 82//83 81//83 
f 86//84 83//84 49//84 
f 87//85 88//85 85//85 
f 87//86 85//86 84//86 
f 89//87 86//87 49//87 
f 90//88 88//88 87//88 
f 90//89 91//89 88//89 
f 92//90 89//90 49//90 
f 93//91 94//91 91//91 
f 93//92 91//92 90//92 
f 95//93 94//93 93//93 
f 95//94 96//94 94//94 
f 95//95 97//95 96//95 
f 98//96 92//96 49//96 
f 99//97 98//97 49//97 
f 100//98 97//98 95//98 
f 101//99 102//99 97//99 
f 101//100 97//100 100//100 
f 103//101 99//101 49//101 
f 104//102 103//102 49//102 
f 105//103 104//103 49//103 
f 106//104 105//104 49//104 
f 107//105 106//105 49//105 
f 108//106 107//106 49//106 
f 109//107 108//107 49//107 
f 110//108 109//108 49//108 
f 111//109 110//109 49//109 
f 112//110 111//110 49//110 
f 113//111 112//111 49//111 
f 114//112 113//112 49//112 
f 115//113 114//113 49//113 
f 116//114 115//114 49//114 
f 117//115 116//115 49//115 
f 118//116 117//116 49//116 
f 119//117 118//117 49//117 
f 120//118 119//118 49//118 
f 121//119 120//119 49//119 
f 122//120 121//120 49//120 
f 123//121 124//121 102//121 
f 123//122 102//122 101//122 
f 125//123 126//123 127//123 
f 125//124 127//124 128//124 
f 125//125 128//125 129//125 
f 125//126 129//126 130//126 
f 125//127 130//127 131//127 
f 125//128 131//128 132//128 
f 125//129 132//129 133//129 
f 125//130 133//130 134//130 
f 125//131 134//131 135//131 
f 125//132 135//132 136//132 
f 125//133 136//133 137//133 
f 125//134 137//134 138//134 
f 125//135 138//135 139//135 
f 125//136 139//136 140//136 
f 125//137 140//137 122//137 
f 125//138 122//138 49//138 
f 141//139 142//139 36//139 
f 36//140 142//140 34//140 
f 141//141 37//141 143//141 
f 36//142 37//142 141//142 
f 143//143 38//143 144//143 
f 144//144 38//144 145//144 
f 37//145 38//145 143//145 
f 38//146 39//146 145//146 
f 145//147 40//147 146//147 
f 39//148 40//148 145//148 
f 146//149 41//149 147//149 
f 147//150 41//150 148//150 
f 40//151 41//151 146//151 
f 41//152 42//152 148//152 
f 148//153 43//153 149//153 
f 42//154 43//154 148//154 
f 149//155 44//155 150//155 
f 43//156 44//156 149//156 
f 44//157 45//157 150//157 
f 150//158 45//158 151//158 
f 151//159 46//159 152//159 
f 45//160 46//160 151//160 
f 152//161 47//161 153//161 
f 153//162 47//162 154//162 
f 46//163 47//163 152//163 
f 47//164 48//164 154//164 
f 154//165 62//165 155//165 
f 48//166 62//166 154//166 
f 155//167 61//167 156//167 
f 62//168 61//168 155//168 
f 156//169 53//169 157//169 
f 61//170 53//170 156//170 
f 157//171 52//171 158//171 
f 53//172 52//172 157//172 
f 158//173 56//173 159//173 
f 52//174 56//174 158//174 
f 159//175 58//175 160//175 
f 56//176 58//176 159//176 
f 160//177 59//177 161//177 
f 58//178 59//178 160//178 
f 161//179 67//179 162//179 
f 59//180 67//180 161//180 
f 162//181 70//181 163//181 
f 67//182 70//182 162//182 
f 163//183 72//183 164//183 
f 70//184 72//184 163//184 
f 164//185 76//185 165//185 
f 72//186 76//186 164//186 
f 165//187 79//187 166//187 
f 76//188 79//188 165//188 
f 166//189 82//189 167//189 
f 79//190 82//190 166//190 
f 167//191 85//191 168//191 
f 82//192 85//192 167//192 
f 168//193 88//193 169//193 
f 85//194 88//194 168//194 
f 169//195 91//195 170//195 
f 88//196 91//196 169//196 
f 170//197 94//197 171//197 
f 91//198 94//198 170//198 
f 171//199 96//199 172//199 
f 172//200 96//200 173//200 
f 94//201 96//201 171//201 
f 96//202 97//202 173//202 
f 173//203 97//203 174//203 
f 97//204 102//204 174//204 
f 34//205 142//205 32//205 
f 142//206 175//206 32//206 
f 32//207 176//207 30//207 
f 175//208 176//208 32//208 
f 30//209 177//209 28//209 
f 176//210 177//210 30//210 
f 28//211 178//211 27//211 
f 177//212 178//212 28//212 
f 27//213 179//213 24//213 
f 178//214 179//214 27//214 
f 24//215 180//215 22//215 
f 179//216 180//216 24//216 
f 22//217 181//217 21//217 
f 180//218 181//218 22//218 
f 21//219 182//219 19//219 
f 181//220 182//220 21//220 
f 182//221 183//221 19//221 
f 19//222 183//222 16//222 
f 16//223 184//223 14//223 
f 14//224 184//224 12//224 
f 183//225 184//225 16//225 
f 184//226 185//226 12//226 
f 12//227 186//227 11//227 
f 185//228 186//228 12//228 
f 11//229 187//229 8//229 
f 186//230 187//230 11//230 
f 8//231 188//231 5//231 
f 187//232 188//232 8//232 
f 5//233 189//233 4//233 
f 4//234 189//234 3//234 
f 188//235 189//235 5//235 
f 189//236 190//236 3//236 
f 3//237 191//237 1//237 
f 1//238 191//238 6//238 
f 190//239 191//239 3//239 
f 191//240 192//240 6//240 
f 6//241 193//241 9//241 
f 9//242 193//242 10//242 
f 192//243 193//243 6//243 
f 193//244 194//244 10//244 
f 10//245 195//245 13//245 
f 13//246 195//246 15//246 
f 194//247 195//247 10//247 
f 195//248 196//248 15//248 
f 15//249 197//249 17//249 
f 17//250 197//250 18//250 
f 196//251 197//251 15//251 
f 197//252 198//252 18//252 
f 18//253 199//253 20//253 
f 198//254 199//254 18//254 
f 20//255 200//255 23//255 
f 199//256 200//256 20//256 
f 23//257 201//257 25//257 
f 200//258 201//258 23//258 
f 25//259 202//259 26//259 
f 201//260 202//260 25//260 
f 26//261 203//261 29//261 
f 29//262 203//262 31//262 
f 202//263 203//263 26//263 
f 203//264 204//264 31//264 
f 31//265 205//265 33//265 
f 204//266 205//266 31//266 
f 33//267 206//267 35//267 
f 205//268 206//268 33//268 
f 207//269 208//269 209//269 
f 210//270 209//270 211//270 
f 210//271 207//271 209//271 
f 212//272 213//272 208//272 
f 212//273 208//273 207//273 
f 214//274 211//274 215//274 
f 214//275 210//275 211//275 
f 216//276 213//276 212//276 
f 216//277 217//277 213//277 
f 218//278 215//278 219//278 
f 218//279 214//279 215//279 
f 220//280 217//280 216//280 
f 220//281 221//281 217//281 
f 222//282 219//282 223//282 
f 222//283 218//283 219//283 
f 224//284 225//284 221//284 
f 224//285 221//285 220//285 
f 226//286 223//286 227//286 
f 226//287 222//287 223//287 
f 228//288 229//288 225//288 
f 228//289 225//289 224//289 
f 230//290 227//290 231//290 
f 230//291 226//291 227//291 
f 232//292 233//292 229//292 
f 232//293 229//293 228//293 
f 234//294 231//294 235//294 
f 234//295 230//295 231//295 
f 236//296 237//296 233//296 
f 236//297 233//297 232//297 
f 238//298 235//298 239//298 
f 238//299 234//299 235//299 
f 240//300 241//300 237//300 
f 240//301 237//301 236//301 
f 242//302 239//302 243//302 
f 242//303 238//303 239//303 
f 244//304 245//304 241//304 
f 244//305 241//305 240//305 
f 246//306 247//306 245//306 
f 246//307 245//307 244//307 
f 248//308 249//308 247//308 
f 248//309 247//309 246//309 
f 250//310 251//310 249//310 
f 250//311 249//311 248//311 
f 252//312 253//312 251//312 
f 252//313 251//313 250//313 
f 254//314 255//314 253//314 
f 254//315 253//315 252//315 
f 256//316 257//316 255//316 
f 256//317 255//317 254//317 
f 258//318 124//318 257//318 
f 258//319 257//319 256//319 
f 174//320 102//320 124//320 
f 174//321 124//321 258//321 
f 259//322 242//322 243//322 
f 260//323 242//323 259//323 
f 261//324 262//324 263//324 
f 261//325 263//325 264//325 
f 265//326 264//326 266//326 
f 265//327 261//327 264//327 
f 267//328 262//328 261//328 
f 268//329 265//329 266//329 
f 268//330 266//330 269//330 
f 270//331 271//331 262//331 
f 270//332 262//332 267//332 
f 272//333 268//333 269//333 
f 273//334 274//334 275//334 
f 273//335 275//335 271//335 
f 273//336 271//336 270//336 
f 276//337 272//337 269//337 
f 276//338 269//338 277//338 
f 278//339 274//339 273//339 
f 279//340 277//340 280//340 
f 279//341 276//341 277//341 
f 281//342 274//342 278//342 
f 281//343 282//343 274//343 
f 283//344 280//344 284//344 
f 283//345 279//345 280//345 
f 285//346 286//346 282//346 
f 285//347 282//347 281//347 
f 287//348 283//348 284//348 
f 287//349 284//349 288//349 
f 289//350 290//350 286//350 
f 289//351 286//351 285//351 
f 291//352 288//352 292//352 
f 291//353 292//353 293//353 
f 291//354 287//354 288//354 
f 294//355 295//355 290//355 
f 294//356 290//356 289//356 
f 296//357 291//357 293//357 
f 297//358 295//358 294//358 
f 297//359 298//359 295//359 
f 299//360 300//360 301//360 
f 299//361 301//361 298//361 
f 299//362 298//362 297//362 
f 302//363 303//363 300//363 
f 302//364 300//364 299//364 
f 304//365 303//365 302//365 
f 305//366 306//366 303//366 
f 305//367 303//367 304//367 
f 307//368 308//368 309//368 
f 307//369 309//369 306//369 
f 307//370 306//370 305//370 
f 310//371 308//371 307//371 
f 50//372 311//372 308//372 
f 50//373 308//373 310//373 
f 35//374 206//374 311//374 
f 35//375 311//375 50//375 
f 312//376 296//376 293//376 
f 312//377 293//377 313//377 
f 124//378 123//378 257//378 
f 257//379 314//379 255//379 
f 123//380 314//380 257//380 
f 255//381 315//381 253//381 
f 314//382 315//382 255//382 
f 253//383 316//383 251//383 
f 315//384 316//384 253//384 
f 251//385 317//385 249//385 
f 316//386 317//386 251//386 
f 249//387 318//387 247//387 
f 317//388 318//388 249//388 
f 247//389 319//389 245//389 
f 318//390 319//390 247//390 
f 245//391 320//391 241//391 
f 319//392 320//392 245//392 
f 241//393 321//393 237//393 
f 320//394 321//394 241//394 
f 237//395 322//395 233//395 
f 321//396 322//396 237//396 
f 233//397 323//397 229//397 
f 322//398 323//398 233//398 
f 229//399 324//399 225//399 
f 323//400 324//400 229//400 
f 324//401 325//401 225//401 
f 225//402 325//402 221//402 
f 325//403 326//403 221//403 
f 221//404 326//404 217//404 
f 217//405 327//405 213//405 
f 326//406 327//406 217//406 
f 327//407 328//407 213//407 
f 213//408 328//408 208//408 
f 208//409 329//409 209//409 
f 328//410 329//410 208//410 
f 209//411 330//411 211//411 
f 329//412 330//412 209//412 
f 211//413 331//413 215//413 
f 330//414 331//414 211//414 
f 215//415 332//415 219//415 
f 331//416 332//416 215//416 
f 219//417 333//417 223//417 
f 332//418 333//418 219//418 
f 223//419 334//419 227//419 
f 333//420 334//420 223//420 
f 334//421 335//421 227//421 
f 227//422 336//422 231//422 
f 335//423 336//423 227//423 
f 231//424 337//424 235//424 
f 336//425 337//425 231//425 
f 235//426 338//426 239//426 
f 337//427 338//427 235//427 
f 239//428 339//428 243//428 
f 338//429 339//429 239//429 
f 340//430 50//430 310//430 
f 340//431 7//431 50//431 
f 341//432 310//432 307//432 
f 341//433 307//433 305//433 
f 341//434 340//434 310//434 
f 342//435 341//435 305//435 
f 343//436 305//436 304//436 
f 343//437 304//437 302//437 
f 343//438 342//438 305//438 
f 344//439 302//439 299//439 
f 344//440 343//440 302//440 
f 345//441 344//441 299//441 
f 346//442 299//442 297//442 
f 346//443 345//443 299//443 
f 347//444 297//444 294//444 
f 347//445 294//445 289//445 
f 347//446 346//446 297//446 
f 348//447 347//447 289//447 
f 349//448 289//448 285//448 
f 349//449 348//449 289//449 
f 350//450 349//450 285//450 
f 350//451 285//451 281//451 
f 350//452 281//452 278//452 
f 351//453 350//453 278//453 
f 352//454 351//454 278//454 
f 352//455 278//455 273//455 
f 353//456 273//456 270//456 
f 353//457 352//457 273//457 
f 354//458 270//458 267//458 
f 354//459 353//459 270//459 
f 355//460 267//460 261//460 
f 355//461 354//461 267//461 
f 356//462 261//462 265//462 
f 356//463 355//463 261//463 
f 357//464 265//464 268//464 
f 357//465 356//465 265//465 
f 358//466 268//466 272//466 
f 358//467 272//467 276//467 
f 358//468 357//468 268//468 
f 359//469 276//469 279//469 
f 359//470 358//470 276//470 
f 360//471 359//471 279//471 
f 361//472 279//472 283//472 
f 361//473 360//473 279//473 
f 362//474 283//474 287//474 
f 362//475 361//475 283//475 
f 363//476 287//476 291//476 
f 363//477 362//477 287//477 
f 364//478 291//478 296//478 
f 364//479 363//479 291//479 
f 365//480 366//480 367//480 
f 365//481 367//481 339//481 
f 365//482 339//482 338//482 
f 368//483 338//483 337//483 
f 368//484 365//484 338//484 
f 369//485 337//485 336//485 
f 369//486 368//486 337//486 
f 370//487 336//487 335//487 
f 370//488 369//488 336//488 
f 371//489 335//489 334//489 
f 371//490 370//490 335//490 
f 372//491 334//491 333//491 
f 372//492 371//492 334//492 
f 373//493 333//493 332//493 
f 373//494 372//494 333//494 
f 374//495 332//495 331//495 
f 374//496 373//496 332//496 
f 375//497 374//497 331//497 
f 330//498 375//498 331//498 
f 376//499 375//499 330//499 
f 329//500 377//500 376//500 
f 329//501 376//501 330//501 
f 328//502 377//502 329//502 
f 328//503 378//503 377//503 
f 327//504 378//504 328//504 
f 327//505 379//505 378//505 
f 326//506 379//506 327//506 
f 326//507 380//507 379//507 
f 325//508 380//508 326//508 
f 325//509 381//509 380//509 
f 324//510 382//510 381//510 
f 324//511 381//511 325//511 
f 323//512 383//512 382//512 
f 323//513 382//513 324//513 
f 322//514 384//514 383//514 
f 322//515 383//515 323//515 
f 321//516 385//516 384//516 
f 321//517 384//517 322//517 
f 320//518 386//518 385//518 
f 320//519 385//519 321//519 
f 319//520 387//520 386//520 
f 319//521 386//521 320//521 
f 318//522 388//522 387//522 
f 318//523 387//523 319//523 
f 317//524 389//524 388//524 
f 317//525 388//525 318//525 
f 316//526 390//526 389//526 
f 316//527 389//527 317//527 
f 315//528 391//528 390//528 
f 315//529 390//529 316//529 
f 314//530 392//530 391//530 
f 314//531 391//531 315//531 
f 123//532 392//532 314//532 
f 101//533 393//533 392//533 
f 101//534 392//534 123//534 
f 394//535 395//535 396//535 
f 364//536 395//536 394//536 
f 363//537 364//537 394//537 
f 363//538 394//538 397//538 
f 362//539 397//539 398//539 
f 362//540 363//540 397//540 
f 361//541 398//541 399//541 
f 361//542 362//542 398//542 
f 360//543 399//543 400//543 
f 360//544 361//544 399//544 
f 359//545 400//545 401//545 
f 359//546 360//546 400//546 
f 358//547 402//547 403//547 
f 358//548 401//548 402//548 
f 358//549 359//549 401//549 
f 357//550 358//550 403//550 
f 356//551 403//551 404//551 
f 356//552 357//552 403//552 
f 405//553 356//553 404//553 
f 405//554 355//554 356//554 
f 406//555 355//555 405//555 
f 406//556 353//556 354//556 
f 406//557 354//557 355//557 
f 407//558 353//558 406//558 
f 407//559 352//559 353//559 
f 408//560 352//560 407//560 
f 409//561 352//561 408//561 
f 409//562 351//562 352//562 
f 410//563 351//563 409//563 
f 410//564 349//564 350//564 
f 410//565 350//565 351//565 
f 411//566 349//566 410//566 
f 412//567 349//567 411//567 
f 412//568 347//568 348//568 
f 412//569 348//569 349//569 
f 413//570 347//570 412//570 
f 414//571 347//571 413//571 
f 414//572 346//572 347//572 
f 415//573 346//573 414//573 
f 415//574 345//574 346//574 
f 416//575 345//575 415//575 
f 416//576 344//576 345//576 
f 417//577 344//577 416//577 
f 417//578 343//578 344//578 
f 418//579 343//579 417//579 
f 418//580 342//580 343//580 
f 419//581 342//581 418//581 
f 419//582 341//582 342//582 
f 420//583 341//583 419//583 
f 420//584 7//584 340//584 
f 420//585 340//585 341//585 
f 421//586 7//586 420//586 
f 422//587 423//587 424//587 
f 425//588 7//588 421//588 
f 425//589 2//589 7//589 
f 426//590 2//590 425//590 
f 426//591 427//591 2//591 
f 426//592 428//592 427//592 
f 429//593 428//593 426//593 
f 429//594 430//594 428//594 
f 431//595 430//595 429//595 
f 432//596 433//596 430//596 
f 432//597 430//597 431//597 
f 434//598 435//598 433//598 
f 434//599 436//599 435//599 
f 434//600 433//600 432//600 
f 437//601 436//601 434//601 
f 438//602 436//602 437//602 
f 438//603 439//603 436//603 
f 440//604 423//604 422//604 
f 440//605 422//605 441//605 
f 442//606 439//606 438//606 
f 442//607 443//607 439//607 
f 444//608 441//608 445//608 
f 444//609 440//609 441//609 
f 446//610 443//610 442//610 
f 446//611 447//611 443//611 
f 446//612 448//612 447//612 
f 449//613 444//613 445//613 
f 450//614 448//614 446//614 
f 451//615 445//615 452//615 
f 451//616 449//616 445//616 
f 453//617 454//617 448//617 
f 453//618 455//618 454//618 
f 453//619 448//619 450//619 
f 456//620 451//620 452//620 
f 456//621 452//621 457//621 
f 458//622 455//622 453//622 
f 459//623 456//623 457//623 
f 459//624 457//624 460//624 
f 461//625 455//625 458//625 
f 461//626 462//626 455//626 
f 461//627 463//627 462//627 
f 464//628 459//628 460//628 
f 464//629 460//629 465//629 
f 466//630 463//630 461//630 
f 467//631 464//631 465//631 
f 467//632 468//632 469//632 
f 467//633 465//633 468//633 
f 470//634 463//634 466//634 
f 470//635 471//635 463//635 
f 472//636 467//636 469//636 
f 472//637 469//637 473//637 
f 474//638 472//638 473//638 
f 474//639 471//639 470//639 
f 474//640 473//640 471//640 
f 99//641 475//641 476//641 
f 99//642 103//642 475//642 
f 98//643 476//643 477//643 
f 98//644 477//644 478//644 
f 98//645 99//645 476//645 
f 92//646 98//646 478//646 
f 89//647 478//647 479//647 
f 89//648 92//648 478//648 
f 86//649 479//649 480//649 
f 86//650 480//650 481//650 
f 86//651 89//651 479//651 
f 83//652 86//652 481//652 
f 80//653 481//653 482//653 
f 80//654 83//654 481//654 
f 77//655 482//655 483//655 
f 77//656 80//656 482//656 
f 74//657 77//657 483//657 
f 74//658 483//658 484//658 
f 73//659 484//659 485//659 
f 73//660 74//660 484//660 
f 68//661 485//661 486//661 
f 68//662 486//662 487//662 
f 68//663 73//663 485//663 
f 65//664 68//664 487//664 
f 63//665 487//665 488//665 
f 63//666 65//666 487//666 
f 60//667 488//667 489//667 
f 60//668 63//668 488//668 
f 51//669 489//669 490//669 
f 51//670 60//670 489//670 
f 54//671 490//671 491//671 
f 54//672 51//672 490//672 
f 55//673 491//673 492//673 
f 55//674 54//674 491//674 
f 57//675 492//675 493//675 
f 57//676 55//676 492//676 
f 64//677 493//677 494//677 
f 64//678 57//678 493//678 
f 66//679 494//679 495//679 
f 66//680 64//680 494//680 
f 69//681 495//681 496//681 
f 69//682 66//682 495//682 
f 71//683 496//683 497//683 
f 71//684 69//684 496//684 
f 75//685 497//685 498//685 
f 75//686 71//686 497//686 
f 78//687 498//687 499//687 
f 78//688 75//688 498//688 
f 81//689 499//689 500//689 
f 81//690 78//690 499//690 
f 84//691 500//691 501//691 
f 84//692 81//692 500//692 
f 87//693 501//693 502//693 
f 87//694 84//694 501//694 
f 90//695 502//695 503//695 
f 90//696 87//696 502//696 
f 93//697 503//697 504//697 
f 93//698 90//698 503//698 
f 95//699 504//699 505//699 
f 95//700 505//700 506//700 
f 95//701 93//701 504//701 
f 100//702 95//702 506//702 
f 100//703 506//703 393//703 
f 101//704 100//704 393//704 
f 507//705 2//705 427//705 
f 507//706 49//706 2//706 
f 508//707 427//707 428//707 
f 508//708 428//708 430//708 
f 508//709 507//709 427//709 
f 509//710 508//710 430//710 
f 510//711 430//711 433//711 
f 510//712 433//712 435//712 
f 510//713 509//713 430//713 
f 511//714 435//714 436//714 
f 511//715 510//715 435//715 
f 512//716 511//716 436//716 
f 513//717 436//717 439//717 
f 513//718 512//718 436//718 
f 514//719 439//719 443//719 
f 514//720 443//720 447//720 
f 514//721 513//721 439//721 
f 515//722 514//722 447//722 
f 516//723 447//723 448//723 
f 516//724 515//724 447//724 
f 517//725 516//725 448//725 
f 517//726 448//726 454//726 
f 517//727 454//727 455//727 
f 518//728 517//728 455//728 
f 519//729 518//729 455//729 
f 519//730 455//730 462//730 
f 520//731 462//731 463//731 
f 520//732 519//732 462//732 
f 521//733 463//733 471//733 
f 521//734 520//734 463//734 
f 522//735 471//735 473//735 
f 522//736 521//736 471//736 
f 523//737 473//737 469//737 
f 523//738 522//738 473//738 
f 524//739 469//739 468//739 
f 524//740 523//740 469//740 
f 525//741 468//741 465//741 
f 525//742 465//742 460//742 
f 525//743 524//743 468//743 
f 526//744 460//744 457//744 
f 526//745 525//745 460//745 
f 527//746 526//746 457//746 
f 528//747 457//747 452//747 
f 528//748 527//748 457//748 
f 529//749 452//749 445//749 
f 529//750 528//750 452//750 
f 530//751 445//751 441//751 
f 530//752 529//752 445//752 
f 531//753 441//753 422//753 
f 531//754 530//754 441//754 
f 532//755 475//755 104//755 
f 104//756 475//756 103//756 
f 533//757 534//757 535//757 
f 533//758 535//758 536//758 
f 537//759 535//759 534//759 
f 537//760 538//760 535//760 
f 539//761 533//761 536//761 
f 539//762 536//762 540//762 
f 541//763 538//763 537//763 
f 541//764 542//764 538//764 
f 543//765 539//765 540//765 
f 543//766 540//766 544//766 
f 545//767 542//767 541//767 
f 545//768 546//768 542//768 
f 547//769 544//769 548//769 
f 547//770 543//770 544//770 
f 549//771 546//771 545//771 
f 549//772 550//772 546//772 
f 551//773 548//773 552//773 
f 551//774 552//774 553//774 
f 551//775 547//775 548//775 
f 554//776 550//776 549//776 
f 554//777 555//777 556//777 
f 554//778 556//778 550//778 
f 557//779 553//779 558//779 
f 557//780 551//780 553//780 
f 559//781 555//781 554//781 
f 560//782 557//782 558//782 
f 561//783 555//783 559//783 
f 561//784 562//784 555//784 
f 563//785 558//785 564//785 
f 563//786 560//786 558//786 
f 565//787 566//787 567//787 
f 565//788 567//788 562//788 
f 565//789 562//789 561//789 
f 568//790 564//790 569//790 
f 568//791 563//791 564//791 
f 570//792 566//792 565//792 
f 571//793 566//793 570//793 
f 571//794 572//794 566//794 
f 573//795 572//795 571//795 
f 573//796 574//796 572//796 
f 575//797 574//797 573//797 
f 575//798 576//798 574//798 
f 577//799 576//799 575//799 
f 577//800 578//800 576//800 
f 579//801 578//801 577//801 
f 579//802 580//802 581//802 
f 579//803 581//803 578//803 
f 582//804 580//804 579//804 
f 125//805 580//805 582//805 
f 125//806 583//806 580//806 
f 584//807 569//807 585//807 
f 584//808 568//808 569//808 
f 49//809 583//809 125//809 
f 49//810 586//810 583//810 
f 507//811 586//811 49//811 
f 507//812 587//812 586//812 
f 508//813 587//813 507//813 
f 508//814 588//814 587//814 
f 509//815 588//815 508//815 
f 509//816 589//816 588//816 
f 510//817 589//817 509//817 
f 510//818 590//818 589//818 
f 511//819 590//819 510//819 
f 511//820 591//820 590//820 
f 512//821 591//821 511//821 
f 512//822 592//822 591//822 
f 513//823 592//823 512//823 
f 513//824 593//824 592//824 
f 514//825 593//825 513//825 
f 514//826 594//826 593//826 
f 515//827 594//827 514//827 
f 515//828 595//828 594//828 
f 516//829 595//829 515//829 
f 516//830 596//830 595//830 
f 517//831 596//831 516//831 
f 517//832 597//832 596//832 
f 518//833 597//833 517//833 
f 518//834 598//834 597//834 
f 519//835 598//835 518//835 
f 519//836 599//836 598//836 
f 520//837 599//837 519//837 
f 520//838 600//838 599//838 
f 521//839 601//839 600//839 
f 521//840 600//840 520//840 
f 522//841 602//841 601//841 
f 522//842 601//842 521//842 
f 603//843 522//843 523//843 
f 603//844 602//844 522//844 
f 524//845 603//845 523//845 
f 604//846 603//846 524//846 
f 605//847 524//847 525//847 
f 605//848 525//848 526//848 
f 605//849 604//849 524//849 
f 606//850 605//850 526//850 
f 607//851 526//851 527//851 
f 607//852 606//852 526//852 
f 608//853 607//853 527//853 
f 608//854 527//854 528//854 
f 609//855 608//855 528//855 
f 609//856 528//856 529//856 
f 609//857 529//857 530//857 
f 610//858 609//858 530//858 
f 611//859 610//859 530//859 
f 611//860 530//860 531//860 
f 612//861 611//861 531//861 
f 612//862 531//862 613//862 
f 128//863 614//863 615//863 
f 128//864 127//864 614//864 
f 129//865 615//865 616//865 
f 129//866 128//866 615//866 
f 130//867 616//867 617//867 
f 130//868 129//868 616//868 
f 131//869 617//869 618//869 
f 131//870 618//870 619//870 
f 131//871 130//871 617//871 
f 132//872 131//872 619//872 
f 133//873 619//873 620//873 
f 133//874 620//874 621//874 
f 133//875 132//875 619//875 
f 134//876 133//876 621//876 
f 135//877 134//877 621//877 
f 135//878 621//878 622//878 
f 136//879 135//879 622//879 
f 136//880 622//880 623//880 
f 137//881 623//881 624//881 
f 137//882 136//882 623//882 
f 138//883 624//883 625//883 
f 138//884 137//884 624//884 
f 139//885 625//885 626//885 
f 139//886 138//886 625//886 
f 140//887 626//887 627//887 
f 140//888 139//888 626//888 
f 122//889 627//889 628//889 
f 122//890 140//890 627//890 
f 121//891 628//891 629//891 
f 121//892 122//892 628//892 
f 120//893 629//893 630//893 
f 120//894 121//894 629//894 
f 119//895 630//895 631//895 
f 119//896 631//896 632//896 
f 119//897 120//897 630//897 
f 118//898 119//898 632//898 
f 117//899 632//899 633//899 
f 117//900 118//900 632//900 
f 116//901 633//901 634//901 
f 116//902 117//902 633//902 
f 115//903 634//903 635//903 
f 115//904 116//904 634//904 
f 114//905 635//905 636//905 
f 114//906 115//906 635//906 
f 113//907 636//907 637//907 
f 113//908 114//908 636//908 
f 112//909 637//909 638//909 
f 112//910 113//910 637//910 
f 111//911 638//911 639//911 
f 111//912 112//912 638//912 
f 110//913 639//913 640//913 
f 110//914 111//914 639//914 
f 109//915 640//915 641//915 
f 109//916 641//916 642//916 
f 109//917 110//917 640//917 
f 108//918 109//918 642//918 
f 107//919 642//919 643//919 
f 107//920 108//920 642//920 
f 106//921 643//921 644//921 
f 106//922 107//922 643//922 
f 105//923 644//923 645//923 
f 105//924 645//924 532//924 
f 105//925 106//925 644//925 
f 104//926 105//926 532//926 
f 646//927 125//927 582//927 
f 646//928 126//928 125//928 
f 647//929 582//929 579//929 
f 647//930 579//930 577//930 
f 647//931 646//931 582//931 
f 648//932 647//932 577//932 
f 649//933 577//933 575//933 
f 649//934 575//934 573//934 
f 649//935 648//935 577//935 
f 650//936 573//936 571//936 
f 650//937 649//937 573//937 
f 651//938 650//938 571//938 
f 652//939 571//939 570//939 
f 652//940 651//940 571//940 
f 653//941 570//941 565//941 
f 653//942 565//942 561//942 
f 653//943 652//943 570//943 
f 654//944 653//944 561//944 
f 655//945 561//945 559//945 
f 655//946 654//946 561//946 
f 656//947 655//947 559//947 
f 656//948 559//948 554//948 
f 656//949 554//949 549//949 
f 657//950 656//950 549//950 
f 658//951 657//951 549//951 
f 658//952 549//952 545//952 
f 659//953 545//953 541//953 
f 659//954 658//954 545//954 
f 660//955 541//955 537//955 
f 660//956 659//956 541//956 
f 661//957 537//957 534//957 
f 661//958 660//958 537//958 
f 662//959 534//959 533//959 
f 662//960 661//960 534//960 
f 663//961 533//961 539//961 
f 663//962 662//962 533//962 
f 664//963 539//963 543//963 
f 664//964 543//964 547//964 
f 664//965 663//965 539//965 
f 665//966 547//966 551//966 
f 665//967 664//967 547//967 
f 666//968 665//968 551//968 
f 667//969 551//969 557//969 
f 667//970 666//970 551//970 
f 668//971 557//971 560//971 
f 668//972 667//972 557//972 
f 669//973 560//973 563//973 
f 669//974 668//974 560//974 
f 670//975 563//975 568//975 
f 670//976 669//976 563//976 
f 670//977 671//977 672//977 
f 670//978 672//978 673//978 
f 669//979 673//979 674//979 
f 669//980 670//980 673//980 
f 668//981 674//981 675//981 
f 668//982 669//982 674//982 
f 667//983 675//983 676//983 
f 667//984 668//984 675//984 
f 666//985 676//985 677//985 
f 666//986 667//986 676//986 
f 665//987 678//987 679//987 
f 665//988 677//988 678//988 
f 665//989 666//989 677//989 
f 664//990 665//990 679//990 
f 663//991 679//991 680//991 
f 663//992 664//992 679//992 
f 662//993 680//993 681//993 
f 662//994 663//994 680//994 
f 682//995 661//995 662//995 
f 682//996 662//996 681//996 
f 683//997 660//997 661//997 
f 683//998 661//998 682//998 
f 684//999 660//999 683//999 
f 684//1000 658//1000 659//1000 
f 684//1001 659//1001 660//1001 
f 685//1002 658//1002 684//1002 
f 685//1003 657//1003 658//1003 
f 686//1004 657//1004 685//1004 
f 687//1005 656//1005 657//1005 
f 687//1006 657//1006 686//1006 
f 688//1007 655//1007 656//1007 
f 688//1008 656//1008 687//1008 
f 689//1009 653//1009 654//1009 
f 689//1010 654//1010 655//1010 
f 689//1011 655//1011 688//1011 
f 690//1012 653//1012 689//1012 
f 691//1013 652//1013 653//1013 
f 691//1014 653//1014 690//1014 
f 692//1015 651//1015 652//1015 
f 692//1016 652//1016 691//1016 
f 693//1017 649//1017 650//1017 
f 693//1018 650//1018 651//1018 
f 693//1019 651//1019 692//1019 
f 694//1020 649//1020 693//1020 
f 695//1021 647//1021 648//1021 
f 695//1022 648//1022 649//1022 
f 695//1023 649//1023 694//1023 
f 696//1024 647//1024 695//1024 
f 697//1025 126//1025 646//1025 
f 697//1026 646//1026 647//1026 
f 697//1027 647//1027 696//1027 
f 698//1028 126//1028 697//1028 
f 614//1029 127//1029 126//1029 
f 614//1030 126//1030 698//1030 
f 629//1031 586//1031 630//1031 
f 631//1032 630//1032 586//1032 
f 632//1033 631//1033 586//1033 
f 628//1034 583//1034 586//1034 
f 628//1035 586//1035 629//1035 
f 627//1036 583//1036 628//1036 
f 633//1037 632//1037 586//1037 
f 634//1038 633//1038 586//1038 
f 626//1039 583//1039 627//1039 
f 635//1040 634//1040 586//1040 
f 625//1041 583//1041 626//1041 
f 636//1042 635//1042 586//1042 
f 624//1043 583//1043 625//1043 
f 637//1044 636//1044 586//1044 
f 623//1045 583//1045 624//1045 
f 622//1046 583//1046 623//1046 
f 638//1047 637//1047 586//1047 
f 639//1048 638//1048 586//1048 
f 621//1049 583//1049 622//1049 
f 640//1050 639//1050 586//1050 
f 620//1051 583//1051 621//1051 
f 619//1052 583//1052 620//1052 
f 641//1053 640//1053 586//1053 
f 642//1054 641//1054 586//1054 
f 618//1055 583//1055 619//1055 
f 643//1056 642//1056 586//1056 
f 617//1057 583//1057 618//1057 
f 644//1058 643//1058 586//1058 
f 616//1059 583//1059 617//1059 
f 645//1060 644//1060 586//1060 
f 615//1061 583//1061 616//1061 
f 614//1062 583//1062 615//1062 
f 532//1063 645//1063 586//1063 
f 475//1064 532//1064 586//1064 
f 476//1065 475//1065 586//1065 
f 477//1066 476//1066 586//1066 
f 478//1067 477//1067 586//1067 
f 479//1068 478//1068 586//1068 
f 480//1069 479//1069 586//1069 
f 481//1070 480//1070 586//1070 
f 482//1071 481//1071 586//1071 
f 483//1072 482//1072 586//1072 
f 484//1073 483//1073 586//1073 
f 485//1074 484//1074 586//1074 
f 486//1075 485//1075 586//1075 
f 487//1076 486//1076 586//1076 
f 698//1077 583//1077 614//1077 
f 157//1078 490//1078 489//1078 
f 157//1079 491//1079 490//1079 
f 157//1080 158//1080 491//1080 
f 159//1081 492//1081 491//1081 
f 159//1082 491//1082 158//1082 
f 160//1083 493//1083 492//1083 
f 160//1084 492//1084 159//1084 
f 156//1085 157//1085 489//1085 
f 155//1086 489//1086 488//1086 
f 155//1087 156//1087 489//1087 
f 161//1088 494//1088 493//1088 
f 161//1089 493//1089 160//1089 
f 162//1090 495//1090 494//1090 
f 162//1091 494//1091 161//1091 
f 154//1092 586//1092 425//1092 
f 154//1093 487//1093 586//1093 
f 154//1094 488//1094 487//1094 
f 154//1095 155//1095 488//1095 
f 163//1096 496//1096 495//1096 
f 163//1097 495//1097 162//1097 
f 153//1098 154//1098 425//1098 
f 152//1099 153//1099 425//1099 
f 164//1100 496//1100 163//1100 
f 164//1101 497//1101 496//1101 
f 164//1102 498//1102 497//1102 
f 151//1103 152//1103 425//1103 
f 165//1104 498//1104 164//1104 
f 166//1105 498//1105 165//1105 
f 166//1106 499//1106 498//1106 
f 150//1107 151//1107 425//1107 
f 149//1108 150//1108 425//1108 
f 167//1109 499//1109 166//1109 
f 167//1110 500//1110 499//1110 
f 148//1111 149//1111 425//1111 
f 168//1112 501//1112 500//1112 
f 168//1113 500//1113 167//1113 
f 169//1114 501//1114 168//1114 
f 169//1115 502//1115 501//1115 
f 147//1116 148//1116 425//1116 
f 146//1117 147//1117 425//1117 
f 170//1118 502//1118 169//1118 
f 170//1119 503//1119 502//1119 
f 145//1120 146//1120 425//1120 
f 171//1121 503//1121 170//1121 
f 171//1122 504//1122 503//1122 
f 171//1123 505//1123 504//1123 
f 172//1124 505//1124 171//1124 
f 172//1125 506//1125 505//1125 
f 144//1126 145//1126 425//1126 
f 143//1127 144//1127 425//1127 
f 173//1128 506//1128 172//1128 
f 174//1129 506//1129 173//1129 
f 174//1130 393//1130 506//1130 
f 141//1131 143//1131 425//1131 
f 142//1132 141//1132 425//1132 
f 175//1133 142//1133 425//1133 
f 176//1134 175//1134 425//1134 
f 177//1135 176//1135 425//1135 
f 178//1136 177//1136 425//1136 
f 179//1137 178//1137 425//1137 
f 180//1138 179//1138 425//1138 
f 181//1139 180//1139 425//1139 
f 182//1140 181//1140 425//1140 
f 183//1141 182//1141 425//1141 
f 184//1142 183//1142 425//1142 
f 185//1143 184//1143 425//1143 
f 186//1144 185//1144 425//1144 
f 187//1145 186//1145 425//1145 
f 188//1146 187//1146 425//1146 
f 189//1147 188//1147 425//1147 
f 190//1148 189//1148 425//1148 
f 191//1149 190//1149 425//1149 
f 192//1150 191//1150 425//1150 
f 258//1151 393//1151 174//1151 
f 258//1152 392//1152 393//1152 
f 421//1153 311//1153 206//1153 
f 421//1154 193//1154 192//1154 
f 421//1155 194//1155 193//1155 
f 421//1156 195//1156 194//1156 
f 421//1157 196//1157 195//1157 
f 421//1158 197//1158 196//1158 
f 421//1159 198//1159 197//1159 
f 421//1160 199//1160 198//1160 
f 421//1161 200//1161 199//1161 
f 421//1162 201//1162 200//1162 
f 421//1163 202//1163 201//1163 
f 421//1164 203//1164 202//1164 
f 421//1165 204//1165 203//1165 
f 421//1166 205//1166 204//1166 
f 421//1167 206//1167 205//1167 
f 421//1168 192//1168 425//1168 
f 258//1169 256//1169 392//1169 
f 392//1170 256//1170 391//1170 
f 391//1171 254//1171 390//1171 
f 256//1172 254//1172 391//1172 
f 390//1173 252//1173 389//1173 
f 254//1174 252//1174 390//1174 
f 389//1175 250//1175 388//1175 
f 252//1176 250//1176 389//1176 
f 388//1177 248//1177 387//1177 
f 250//1178 248//1178 388//1178 
f 387//1179 246//1179 386//1179 
f 248//1180 246//1180 387//1180 
f 386//1181 244//1181 385//1181 
f 246//1182 244//1182 386//1182 
f 385//1183 240//1183 384//1183 
f 384//1184 240//1184 383//1184 
f 244//1185 240//1185 385//1185 
f 240//1186 236//1186 383//1186 
f 383//1187 232//1187 382//1187 
f 382//1188 232//1188 381//1188 
f 236//1189 232//1189 383//1189 
f 232//1190 228//1190 381//1190 
f 381//1191 228//1191 380//1191 
f 228//1192 224//1192 380//1192 
f 224//1193 220//1193 380//1193 
f 380//1194 220//1194 379//1194 
f 220//1195 216//1195 379//1195 
f 379//1196 216//1196 378//1196 
f 378//1197 216//1197 377//1197 
f 216//1198 212//1198 377//1198 
f 377//1199 207//1199 376//1199 
f 376//1200 207//1200 375//1200 
f 212//1201 207//1201 377//1201 
f 207//1202 210//1202 375//1202 
f 375//1203 214//1203 374//1203 
f 374//1204 214//1204 373//1204 
f 210//1205 214//1205 375//1205 
f 214//1206 218//1206 373//1206 
f 373//1207 222//1207 372//1207 
f 372//1208 222//1208 371//1208 
f 218//1209 222//1209 373//1209 
f 222//1210 226//1210 371//1210 
f 371//1211 230//1211 370//1211 
f 370//1212 230//1212 369//1212 
f 226//1213 230//1213 371//1213 
f 230//1214 234//1214 369//1214 
f 369//1215 238//1215 368//1215 
f 368//1216 238//1216 365//1216 
f 234//1217 238//1217 369//1217 
f 238//1218 242//1218 365//1218 
f 699//1219 700//1219 701//1219 
f 699//1220 701//1220 702//1220 
f 699//1221 702//1221 366//1221 
f 703//1222 699//1222 366//1222 
f 704//1223 703//1223 366//1223 
f 705//1224 704//1224 366//1224 
f 706//1225 705//1225 366//1225 
f 707//1226 708//1226 706//1226 
f 707//1227 706//1227 366//1227 
f 709//1228 710//1228 711//1228 
f 709//1229 711//1229 707//1229 
f 709//1230 707//1230 366//1230 
f 712//1231 709//1231 366//1231 
f 712//1232 713//1232 709//1232 
f 714//1233 712//1233 366//1233 
f 714//1234 715//1234 712//1234 
f 716//1235 714//1235 366//1235 
f 716//1236 717//1236 718//1236 
f 716//1237 718//1237 719//1237 
f 716//1238 719//1238 714//1238 
f 720//1239 716//1239 366//1239 
f 721//1240 722//1240 723//1240 
f 724//1241 723//1241 720//1241 
f 724//1242 721//1242 723//1242 
f 725//1243 726//1243 724//1243 
f 725//1244 724//1244 720//1244 
f 727//1245 725//1245 720//1245 
f 728//1246 720//1246 366//1246 
f 728//1247 727//1247 720//1247 
f 729//1248 730//1248 728//1248 
f 729//1249 728//1249 366//1249 
f 260//1250 366//1250 365//1250 
f 260//1251 365//1251 242//1251 
f 731//1252 729//1252 366//1252 
f 731//1253 366//1253 260//1253 
f 732//1254 260//1254 733//1254 
f 732//1255 733//1255 734//1255 
f 732//1256 731//1256 260//1256 
f 732//1257 735//1257 736//1257 
f 732//1258 736//1258 731//1258 
f 737//1259 738//1259 735//1259 
f 739//1260 737//1260 735//1260 
f 739//1261 740//1261 737//1261 
f 741//1262 732//1262 742//1262 
f 741//1263 742//1263 743//1263 
f 741//1264 743//1264 744//1264 
f 741//1265 744//1265 745//1265 
f 746//1266 747//1266 739//1266 
f 748//1267 749//1267 746//1267 
f 748//1268 746//1268 739//1268 
f 750//1269 741//1269 751//1269 
f 750//1270 751//1270 752//1270 
f 753//1271 748//1271 739//1271 
f 754//1272 732//1272 741//1272 
f 754//1273 741//1273 750//1273 
f 755//1274 753//1274 739//1274 
f 756//1275 739//1275 735//1275 
f 756//1276 755//1276 739//1276 
f 757//1277 754//1277 758//1277 
f 757//1278 758//1278 759//1278 
f 760//1279 761//1279 762//1279 
f 760//1280 762//1280 756//1280 
f 760//1281 735//1281 732//1281 
f 760//1282 732//1282 754//1282 
f 760//1283 756//1283 735//1283 
f 760//1284 754//1284 757//1284 
f 260//1285 259//1285 763//1285 
f 733//1286 763//1286 764//1286 
f 733//1287 260//1287 763//1287 
f 734//1288 764//1288 765//1288 
f 734//1289 733//1289 764//1289 
f 732//1290 765//1290 766//1290 
f 732//1291 734//1291 765//1291 
f 742//1292 766//1292 767//1292 
f 742//1293 732//1293 766//1293 
f 743//1294 767//1294 768//1294 
f 743//1295 742//1295 767//1295 
f 744//1296 768//1296 769//1296 
f 744//1297 743//1297 768//1297 
f 745//1298 769//1298 770//1298 
f 745//1299 744//1299 769//1299 
f 741//1300 745//1300 770//1300 
f 741//1301 770//1301 771//1301 
f 751//1302 741//1302 771//1302 
f 751//1303 771//1303 772//1303 
f 752//1304 772//1304 773//1304 
f 752//1305 751//1305 772//1305 
f 750//1306 773//1306 774//1306 
f 750//1307 752//1307 773//1307 
f 754//1308 774//1308 775//1308 
f 754//1309 750//1309 774//1309 
f 758//1310 775//1310 776//1310 
f 758//1311 754//1311 775//1311 
f 759//1312 758//1312 776//1312 
f 757//1313 776//1313 777//1313 
f 757//1314 777//1314 778//1314 
f 757//1315 759//1315 776//1315 
f 760//1316 757//1316 778//1316 
f 761//1317 778//1317 779//1317 
f 761//1318 779//1318 780//1318 
f 761//1319 760//1319 778//1319 
f 762//1320 780//1320 781//1320 
f 762//1321 761//1321 780//1321 
f 756//1322 762//1322 781//1322 
f 755//1323 781//1323 782//1323 
f 755//1324 782//1324 783//1324 
f 755//1325 756//1325 781//1325 
f 753//1326 783//1326 784//1326 
f 753//1327 755//1327 783//1327 
f 748//1328 753//1328 784//1328 
f 749//1329 784//1329 785//1329 
f 749//1330 785//1330 786//1330 
f 749//1331 748//1331 784//1331 
f 746//1332 786//1332 787//1332 
f 746//1333 749//1333 786//1333 
f 747//1334 746//1334 787//1334 
f 739//1335 787//1335 788//1335 
f 739//1336 747//1336 787//1336 
f 740//1337 788//1337 789//1337 
f 740//1338 789//1338 790//1338 
f 740//1339 739//1339 788//1339 
f 737//1340 740//1340 790//1340 
f 738//1341 790//1341 791//1341 
f 738//1342 737//1342 790//1342 
f 735//1343 791//1343 792//1343 
f 735//1344 738//1344 791//1344 
f 736//1345 792//1345 793//1345 
f 736//1346 735//1346 792//1346 
f 731//1347 793//1347 794//1347 
f 731//1348 736//1348 793//1348 
f 795//1349 796//1349 367//1349 
f 797//1350 798//1350 796//1350 
f 796//1351 798//1351 367//1351 
f 799//1352 800//1352 798//1352 
f 800//1353 801//1353 798//1353 
f 798//1354 802//1354 367//1354 
f 801//1355 802//1355 798//1355 
f 802//1356 803//1356 367//1356 
f 804//1357 805//1357 803//1357 
f 806//1358 807//1358 808//1358 
f 808//1359 807//1359 805//1359 
f 803//1360 807//1360 367//1360 
f 805//1361 807//1361 803//1361 
f 809//1362 810//1362 811//1362 
f 810//1363 812//1363 811//1363 
f 807//1364 813//1364 367//1364 
f 812//1365 813//1365 811//1365 
f 811//1366 813//1366 807//1366 
f 814//1367 815//1367 813//1367 
f 813//1368 815//1368 367//1368 
f 815//1369 816//1369 367//1369 
f 817//1370 818//1370 819//1370 
f 819//1371 818//1371 816//1371 
f 816//1372 818//1372 367//1372 
f 820//1373 821//1373 822//1373 
f 822//1374 821//1374 818//1374 
f 818//1375 821//1375 367//1375 
f 823//1376 824//1376 821//1376 
f 821//1377 824//1377 367//1377 
f 824//1378 825//1378 367//1378 
f 825//1379 826//1379 367//1379 
f 367//1380 259//1380 339//1380 
f 339//1381 259//1381 243//1381 
f 826//1382 794//1382 367//1382 
f 367//1383 794//1383 259//1383 
f 259//1384 764//1384 763//1384 
f 794//1385 764//1385 259//1385 
f 792//1386 791//1386 793//1386 
f 793//1387 791//1387 794//1387 
f 791//1388 790//1388 794//1388 
f 765//1389 767//1389 766//1389 
f 764//1390 768//1390 765//1390 
f 765//1391 768//1391 767//1391 
f 788//1392 787//1392 789//1392 
f 789//1393 787//1393 790//1393 
f 768//1394 770//1394 769//1394 
f 764//1395 770//1395 768//1395 
f 786//1396 785//1396 787//1396 
f 787//1397 785//1397 790//1397 
f 770//1398 772//1398 771//1398 
f 784//1399 783//1399 785//1399 
f 772//1400 774//1400 773//1400 
f 783//1401 782//1401 785//1401 
f 794//1402 775//1402 764//1402 
f 790//1403 775//1403 794//1403 
f 764//1404 775//1404 770//1404 
f 770//1405 775//1405 772//1405 
f 772//1406 775//1406 774//1406 
f 785//1407 781//1407 790//1407 
f 782//1408 781//1408 785//1408 
f 781//1409 780//1409 790//1409 
f 775//1410 777//1410 776//1410 
f 780//1411 779//1411 790//1411 
f 775//1412 778//1412 777//1412 
f 779//1413 778//1413 790//1413 
f 790//1414 778//1414 775//1414 
f 308//1415 421//1415 420//1415 
f 308//1416 311//1416 421//1416 
f 309//1417 420//1417 419//1417 
f 309//1418 419//1418 418//1418 
f 309//1419 308//1419 420//1419 
f 306//1420 309//1420 418//1420 
f 303//1421 418//1421 417//1421 
f 303//1422 417//1422 416//1422 
f 303//1423 306//1423 418//1423 
f 300//1424 416//1424 415//1424 
f 300//1425 303//1425 416//1425 
f 301//1426 300//1426 415//1426 
f 298//1427 415//1427 414//1427 
f 298//1428 301//1428 415//1428 
f 295//1429 414//1429 413//1429 
f 295//1430 413//1430 412//1430 
f 295//1431 298//1431 414//1431 
f 290//1432 295//1432 412//1432 
f 286//1433 412//1433 411//1433 
f 286//1434 290//1434 412//1434 
f 282//1435 286//1435 411//1435 
f 282//1436 411//1436 410//1436 
f 282//1437 410//1437 409//1437 
f 274//1438 282//1438 409//1438 
f 275//1439 274//1439 409//1439 
f 275//1440 409//1440 408//1440 
f 271//1441 408//1441 407//1441 
f 271//1442 275//1442 408//1442 
f 262//1443 407//1443 406//1443 
f 262//1444 271//1444 407//1444 
f 263//1445 406//1445 405//1445 
f 263//1446 262//1446 406//1446 
f 264//1447 405//1447 404//1447 
f 264//1448 263//1448 405//1448 
f 266//1449 404//1449 403//1449 
f 266//1450 264//1450 404//1450 
f 269//1451 403//1451 402//1451 
f 269//1452 402//1452 401//1452 
f 269//1453 266//1453 403//1453 
f 277//1454 401//1454 400//1454 
f 277//1455 269//1455 401//1455 
f 280//1456 277//1456 400//1456 
f 284//1457 400//1457 399//1457 
f 284//1458 280//1458 400//1458 
f 288//1459 399//1459 398//1459 
f 288//1460 284//1460 399//1460 
f 292//1461 398//1461 397//1461 
f 292//1462 288//1462 398//1462 
f 293//1463 397//1463 394//1463 
f 293//1464 292//1464 397//1464 
f 313//1465 293//1465 394//1465 
f 827//1466 828//1466 313//1466 
f 829//1467 827//1467 313//1467 
f 830//1468 829//1468 313//1468 
f 831//1469 832//1469 830//1469 
f 831//1470 830//1470 313//1470 
f 833//1471 834//1471 831//1471 
f 835//1472 833//1472 831//1472 
f 836//1473 835//1473 831//1473 
f 837//1474 838//1474 836//1474 
f 839//1475 831//1475 313//1475 
f 839//1476 837//1476 836//1476 
f 839//1477 836//1477 831//1477 
f 840//1478 839//1478 313//1478 
f 840//1479 841//1479 839//1479 
f 840//1480 842//1480 841//1480 
f 843//1481 840//1481 313//1481 
f 844//1482 845//1482 846//1482 
f 847//1483 844//1483 846//1483 
f 848//1484 847//1484 846//1484 
f 848//1485 846//1485 843//1485 
f 849//1486 848//1486 843//1486 
f 850//1487 849//1487 843//1487 
f 851//1488 850//1488 843//1488 
f 851//1489 852//1489 850//1489 
f 853//1490 843//1490 313//1490 
f 853//1491 851//1491 843//1491 
f 854//1492 855//1492 856//1492 
f 857//1493 856//1493 853//1493 
f 857//1494 853//1494 313//1494 
f 857//1495 858//1495 854//1495 
f 857//1496 854//1496 856//1496 
f 396//1497 313//1497 394//1497 
f 859//1498 857//1498 313//1498 
f 859//1499 313//1499 396//1499 
f 860//1500 861//1500 859//1500 
f 862//1501 396//1501 863//1501 
f 862//1502 863//1502 864//1502 
f 862//1503 864//1503 865//1503 
f 866//1504 860//1504 859//1504 
f 866//1505 867//1505 868//1505 
f 866//1506 868//1506 860//1506 
f 869//1507 870//1507 866//1507 
f 871//1508 872//1508 873//1508 
f 871//1509 873//1509 874//1509 
f 875//1510 869//1510 866//1510 
f 876//1511 862//1511 872//1511 
f 876//1512 396//1512 862//1512 
f 876//1513 872//1513 871//1513 
f 877//1514 875//1514 866//1514 
f 878//1515 396//1515 876//1515 
f 879//1516 877//1516 866//1516 
f 880//1517 879//1517 866//1517 
f 881//1518 878//1518 882//1518 
f 883//1519 866//1519 859//1519 
f 883//1520 880//1520 866//1520 
f 884//1521 396//1521 878//1521 
f 884//1522 878//1522 881//1522 
f 885//1523 859//1523 396//1523 
f 885//1524 883//1524 859//1524 
f 886//1525 884//1525 887//1525 
f 888//1526 889//1526 885//1526 
f 890//1527 888//1527 885//1527 
f 890//1528 396//1528 884//1528 
f 890//1529 885//1529 396//1529 
f 890//1530 884//1530 886//1530 
f 312//1531 313//1531 891//1531 
f 891//1532 828//1532 892//1532 
f 313//1533 828//1533 891//1533 
f 892//1534 827//1534 893//1534 
f 828//1535 827//1535 892//1535 
f 893//1536 829//1536 894//1536 
f 827//1537 829//1537 893//1537 
f 894//1538 830//1538 895//1538 
f 829//1539 830//1539 894//1539 
f 895//1540 832//1540 896//1540 
f 830//1541 832//1541 895//1541 
f 896//1542 831//1542 897//1542 
f 832//1543 831//1543 896//1543 
f 897//1544 834//1544 898//1544 
f 831//1545 834//1545 897//1545 
f 834//1546 833//1546 898//1546 
f 898//1547 833//1547 899//1547 
f 833//1548 835//1548 899//1548 
f 899//1549 835//1549 900//1549 
f 900//1550 836//1550 901//1550 
f 835//1551 836//1551 900//1551 
f 901//1552 838//1552 902//1552 
f 836//1553 838//1553 901//1553 
f 902//1554 837//1554 903//1554 
f 838//1555 837//1555 902//1555 
f 903//1556 839//1556 904//1556 
f 837//1557 839//1557 903//1557 
f 904//1558 841//1558 905//1558 
f 839//1559 841//1559 904//1559 
f 905//1560 842//1560 906//1560 
f 841//1561 842//1561 905//1561 
f 906//1562 840//1562 907//1562 
f 842//1563 840//1563 906//1563 
f 907//1564 843//1564 908//1564 
f 840//1565 843//1565 907//1565 
f 908//1566 846//1566 909//1566 
f 843//1567 846//1567 908//1567 
f 909//1568 845//1568 910//1568 
f 846//1569 845//1569 909//1569 
f 910//1570 844//1570 911//1570 
f 845//1571 844//1571 910//1571 
f 911//1572 847//1572 912//1572 
f 844//1573 847//1573 911//1573 
f 912//1574 848//1574 913//1574 
f 847//1575 848//1575 912//1575 
f 913//1576 849//1576 914//1576 
f 848//1577 849//1577 913//1577 
f 914//1578 850//1578 915//1578 
f 849//1579 850//1579 914//1579 
f 915//1580 852//1580 916//1580 
f 850//1581 852//1581 915//1581 
f 916//1582 851//1582 917//1582 
f 852//1583 851//1583 916//1583 
f 851//1584 853//1584 917//1584 
f 917//1585 856//1585 918//1585 
f 918//1586 856//1586 919//1586 
f 853//1587 856//1587 917//1587 
f 856//1588 855//1588 919//1588 
f 919//1589 854//1589 920//1589 
f 920//1590 854//1590 921//1590 
f 855//1591 854//1591 919//1591 
f 921//1592 858//1592 922//1592 
f 854//1593 858//1593 921//1593 
f 858//1594 857//1594 922//1594 
f 893//1595 894//1595 892//1595 
f 891//1596 895//1596 312//1596 
f 892//1597 895//1597 891//1597 
f 894//1598 895//1598 892//1598 
f 895//1599 896//1599 312//1599 
f 898//1600 900//1600 897//1600 
f 899//1601 900//1601 898//1601 
f 897//1602 901//1602 896//1602 
f 900//1603 901//1603 897//1603 
f 902//1604 904//1604 901//1604 
f 903//1605 904//1605 902//1605 
f 901//1606 904//1606 896//1606 
f 905//1607 906//1607 904//1607 
f 906//1608 907//1608 904//1608 
f 907//1609 908//1609 904//1609 
f 909//1610 910//1610 908//1610 
f 904//1611 911//1611 896//1611 
f 908//1612 911//1612 904//1612 
f 910//1613 911//1613 908//1613 
f 911//1614 912//1614 896//1614 
f 912//1615 913//1615 896//1615 
f 913//1616 916//1616 896//1616 
f 914//1617 916//1617 913//1617 
f 915//1618 916//1618 914//1618 
f 916//1619 917//1619 896//1619 
f 919//1620 920//1620 918//1620 
f 918//1621 922//1621 917//1621 
f 917//1622 922//1622 896//1622 
f 920//1623 922//1623 918//1623 
f 921//1624 922//1624 920//1624 
f 896//1625 922//1625 312//1625 
f 312//1626 395//1626 296//1626 
f 296//1627 395//1627 364//1627 
f 922//1628 395//1628 312//1628 
f 922//1629 1471//1629 395//1629 
f 923//1630 924//1630 925//1630 
f 925//1631 924//1631 1471//1631 
f 395//1632 926//1632 927//1632 
f 927//1633 926//1633 928//1633 
f 926//1634 929//1634 930//1634 
f 924//1635 931//1635 1471//1635 
f 932//1636 931//1636 924//1636 
f 926//1637 933//1637 929//1637 
f 1471//1638 934//1638 395//1638 
f 395//1639 934//1639 926//1639 
f 926//1640 934//1640 933//1640 
f 931//1641 934//1641 1471//1641 
f 935//1642 936//1642 937//1642 
f 937//1643 936//1643 938//1643 
f 938//1644 939//1644 931//1644 
f 936//1645 939//1645 938//1645 
f 934//1646 940//1646 941//1646 
f 941//1647 940//1647 942//1647 
f 934//1648 943//1648 940//1648 
f 931//1649 944//1649 934//1649 
f 945//1650 944//1650 939//1650 
f 939//1651 944//1651 931//1651 
f 934//1652 944//1652 943//1652 
f 943//1653 946//1653 947//1653 
f 948//1654 949//1654 944//1654 
f 946//1655 950//1655 951//1655 
f 951//1656 950//1656 952//1656 
f 953//1657 950//1657 949//1657 
f 943//1658 950//1658 946//1658 
f 944//1659 950//1659 943//1659 
f 949//1660 950//1660 944//1660 
f 729//1661 825//1661 730//1661 
f 826//1662 825//1662 729//1662 
f 730//1663 824//1663 728//1663 
f 825//1664 824//1664 730//1664 
f 728//1665 823//1665 727//1665 
f 824//1666 823//1666 728//1666 
f 727//1667 821//1667 725//1667 
f 823//1668 821//1668 727//1668 
f 725//1669 820//1669 726//1669 
f 821//1670 820//1670 725//1670 
f 726//1671 822//1671 724//1671 
f 820//1672 822//1672 726//1672 
f 724//1673 818//1673 721//1673 
f 822//1674 818//1674 724//1674 
f 721//1675 817//1675 722//1675 
f 818//1676 817//1676 721//1676 
f 817//1677 819//1677 722//1677 
f 722//1678 819//1678 723//1678 
f 723//1679 816//1679 720//1679 
f 819//1680 816//1680 723//1680 
f 720//1681 815//1681 716//1681 
f 716//1682 815//1682 717//1682 
f 816//1683 815//1683 720//1683 
f 815//1684 814//1684 717//1684 
f 717//1685 813//1685 718//1685 
f 814//1686 813//1686 717//1686 
f 718//1687 812//1687 719//1687 
f 813//1688 812//1688 718//1688 
f 719//1689 810//1689 714//1689 
f 812//1690 810//1690 719//1690 
f 714//1691 809//1691 715//1691 
f 810//1692 809//1692 714//1692 
f 715//1693 811//1693 712//1693 
f 809//1694 811//1694 715//1694 
f 712//1695 807//1695 713//1695 
f 811//1696 807//1696 712//1696 
f 713//1697 806//1697 709//1697 
f 807//1698 806//1698 713//1698 
f 709//1699 808//1699 710//1699 
f 806//1700 808//1700 709//1700 
f 710//1701 805//1701 711//1701 
f 808//1702 805//1702 710//1702 
f 711//1703 804//1703 707//1703 
f 805//1704 804//1704 711//1704 
f 707//1705 803//1705 708//1705 
f 708//1706 803//1706 706//1706 
f 804//1707 803//1707 707//1707 
f 803//1708 802//1708 706//1708 
f 706//1709 801//1709 705//1709 
f 705//1710 801//1710 704//1710 
f 802//1711 801//1711 706//1711 
f 801//1712 800//1712 704//1712 
f 704//1713 799//1713 703//1713 
f 800//1714 799//1714 704//1714 
f 703//1715 798//1715 699//1715 
f 799//1716 798//1716 703//1716 
f 699//1717 797//1717 700//1717 
f 798//1718 797//1718 699//1718 
f 700//1719 796//1719 701//1719 
f 797//1720 796//1720 700//1720 
f 701//1721 795//1721 702//1721 
f 702//1722 795//1722 366//1722 
f 796//1723 795//1723 701//1723 
f 795//1724 367//1724 366//1724 
f 396//1725 395//1725 927//1725 
f 863//1726 927//1726 928//1726 
f 863//1727 396//1727 927//1727 
f 864//1728 928//1728 926//1728 
f 864//1729 863//1729 928//1729 
f 865//1730 926//1730 930//1730 
f 865//1731 864//1731 926//1731 
f 862//1732 930//1732 929//1732 
f 862//1733 865//1733 930//1733 
f 872//1734 929//1734 933//1734 
f 872//1735 862//1735 929//1735 
f 873//1736 933//1736 934//1736 
f 873//1737 872//1737 933//1737 
f 874//1738 934//1738 941//1738 
f 874//1739 873//1739 934//1739 
f 871//1740 874//1740 941//1740 
f 871//1741 941//1741 942//1741 
f 876//1742 871//1742 942//1742 
f 876//1743 942//1743 940//1743 
f 878//1744 940//1744 943//1744 
f 878//1745 876//1745 940//1745 
f 882//1746 943//1746 947//1746 
f 882//1747 878//1747 943//1747 
f 881//1748 947//1748 946//1748 
f 881//1749 882//1749 947//1749 
f 884//1750 946//1750 951//1750 
f 884//1751 881//1751 946//1751 
f 887//1752 951//1752 952//1752 
f 887//1753 884//1753 951//1753 
f 886//1754 952//1754 950//1754 
f 886//1755 887//1755 952//1755 
f 890//1756 950//1756 953//1756 
f 890//1757 886//1757 950//1757 
f 888//1758 953//1758 949//1758 
f 888//1759 890//1759 953//1759 
f 889//1760 949//1760 948//1760 
f 889//1761 888//1761 949//1761 
f 885//1762 948//1762 944//1762 
f 885//1763 889//1763 948//1763 
f 883//1764 944//1764 945//1764 
f 883//1765 885//1765 944//1765 
f 880//1766 945//1766 939//1766 
f 880//1767 883//1767 945//1767 
f 879//1768 939//1768 936//1768 
f 879//1769 880//1769 939//1769 
f 877//1770 936//1770 935//1770 
f 877//1771 879//1771 936//1771 
f 875//1772 935//1772 937//1772 
f 875//1773 877//1773 935//1773 
f 869//1774 937//1774 938//1774 
f 869//1775 875//1775 937//1775 
f 870//1776 938//1776 931//1776 
f 870//1777 869//1777 938//1777 
f 866//1778 931//1778 932//1778 
f 866//1779 870//1779 931//1779 
f 867//1780 932//1780 924//1780 
f 867//1781 866//1781 932//1781 
f 868//1782 924//1782 923//1782 
f 868//1783 867//1783 924//1783 
f 860//1784 923//1784 925//1784 
f 860//1785 868//1785 923//1785 
f 861//1786 925//1786 1471//1786 
f 861//1787 860//1787 925//1787 
f 859//1788 861//1788 1471//1788 
f 426//1789 586//1789 587//1789 
f 426//1790 425//1790 586//1790 
f 429//1791 587//1791 588//1791 
f 429//1792 588//1792 589//1792 
f 429//1793 426//1793 587//1793 
f 431//1794 429//1794 589//1794 
f 432//1795 589//1795 590//1795 
f 432//1796 590//1796 591//1796 
f 432//1797 431//1797 589//1797 
f 434//1798 591//1798 592//1798 
f 434//1799 432//1799 591//1799 
f 437//1800 434//1800 592//1800 
f 438//1801 592//1801 593//1801 
f 438//1802 437//1802 592//1802 
f 442//1803 593//1803 594//1803 
f 442//1804 594//1804 595//1804 
f 442//1805 438//1805 593//1805 
f 446//1806 442//1806 595//1806 
f 450//1807 595//1807 596//1807 
f 450//1808 446//1808 595//1808 
f 453//1809 450//1809 596//1809 
f 453//1810 596//1810 597//1810 
f 453//1811 597//1811 598//1811 
f 458//1812 453//1812 598//1812 
f 461//1813 458//1813 598//1813 
f 461//1814 598//1814 599//1814 
f 466//1815 599//1815 600//1815 
f 466//1816 461//1816 599//1816 
f 470//1817 600//1817 601//1817 
f 470//1818 466//1818 600//1818 
f 474//1819 601//1819 602//1819 
f 474//1820 470//1820 601//1820 
f 472//1821 602//1821 603//1821 
f 472//1822 474//1822 602//1822 
f 467//1823 603//1823 604//1823 
f 467//1824 472//1824 603//1824 
f 464//1825 604//1825 605//1825 
f 464//1826 605//1826 606//1826 
f 464//1827 467//1827 604//1827 
f 459//1828 606//1828 607//1828 
f 459//1829 464//1829 606//1829 
f 456//1830 459//1830 607//1830 
f 451//1831 607//1831 608//1831 
f 451//1832 456//1832 607//1832 
f 449//1833 608//1833 609//1833 
f 449//1834 451//1834 608//1834 
f 444//1835 609//1835 610//1835 
f 444//1836 449//1836 609//1836 
f 440//1837 610//1837 611//1837 
f 440//1838 444//1838 610//1838 
f 954//1839 955//1839 956//1839 
f 957//1840 955//1840 954//1840 
f 957//1841 958//1841 955//1841 
f 957//1842 954//1842 959//1842 
f 960//1843 961//1843 962//1843 
f 960//1844 962//1844 963//1844 
f 960//1845 963//1845 958//1845 
f 964//1846 957//1846 965//1846 
f 966//1847 967//1847 960//1847 
f 968//1848 957//1848 964//1848 
f 968//1849 958//1849 957//1849 
f 968//1850 964//1850 969//1850 
f 970//1851 966//1851 960//1851 
f 970//1852 971//1852 966//1852 
f 972//1853 958//1853 968//1853 
f 973//1854 970//1854 960//1854 
f 973//1855 974//1855 970//1855 
f 975//1856 972//1856 976//1856 
f 977//1857 972//1857 975//1857 
f 978//1858 979//1858 973//1858 
f 980//1859 978//1859 973//1859 
f 981//1860 972//1860 977//1860 
f 981//1861 977//1861 982//1861 
f 983//1862 960//1862 958//1862 
f 983//1863 958//1863 972//1863 
f 983//1864 973//1864 960//1864 
f 983//1865 972//1865 981//1865 
f 983//1866 981//1866 984//1866 
f 612//1867 973//1867 983//1867 
f 612//1868 980//1868 973//1868 
f 612//1869 985//1869 980//1869 
f 986//1870 612//1870 983//1870 
f 987//1871 986//1871 988//1871 
f 987//1872 988//1872 989//1872 
f 990//1873 986//1873 987//1873 
f 991//1874 990//1874 992//1874 
f 991//1875 992//1875 993//1875 
f 994//1876 991//1876 995//1876 
f 996//1877 990//1877 991//1877 
f 996//1878 991//1878 994//1878 
f 997//1879 996//1879 998//1879 
f 999//1880 996//1880 997//1880 
f 1000//1881 999//1881 1001//1881 
f 1000//1882 990//1882 996//1882 
f 1000//1883 996//1883 999//1883 
f 1002//1884 990//1884 1000//1884 
f 1003//1885 1002//1885 1004//1885 
f 1005//1886 1002//1886 1003//1886 
f 1006//1887 990//1887 1002//1887 
f 1006//1888 1002//1888 1005//1888 
f 1006//1889 1005//1889 1007//1889 
f 1006//1890 1007//1890 1008//1890 
f 1009//1891 1006//1891 1010//1891 
f 1011//1892 1012//1892 1013//1892 
f 1011//1893 1013//1893 1014//1893 
f 1015//1894 1011//1894 1016//1894 
f 1015//1895 1016//1895 1017//1895 
f 1018//1896 990//1896 1006//1896 
f 1018//1897 1006//1897 1009//1897 
f 1018//1898 1011//1898 1015//1898 
f 1018//1899 1012//1899 1011//1899 
f 1018//1900 1009//1900 1012//1900 
f 1018//1901 612//1901 986//1901 
f 1018//1902 986//1902 990//1902 
f 1019//1903 1020//1903 1021//1903 
f 1022//1904 1019//1904 1021//1904 
f 1023//1905 1024//1905 1019//1905 
f 1023//1906 1019//1906 1022//1906 
f 1025//1907 1026//1907 1027//1907 
f 1028//1908 1026//1908 1025//1908 
f 1029//1909 1026//1909 1028//1909 
f 1030//1910 1026//1910 1029//1910 
f 1031//1911 1032//1911 1033//1911 
f 1031//1912 1034//1912 1032//1912 
f 1031//1913 1035//1913 1034//1913 
f 1036//1914 1026//1914 1030//1914 
f 1037//1915 1036//1915 1038//1915 
f 1039//1916 1022//1916 1040//1916 
f 1039//1917 1041//1917 1023//1917 
f 1039//1918 1033//1918 1041//1918 
f 1039//1919 1042//1919 1031//1919 
f 1039//1920 1043//1920 1042//1920 
f 1039//1921 1044//1921 1043//1921 
f 1039//1922 1031//1922 1033//1922 
f 1039//1923 1023//1923 1022//1923 
f 1045//1924 1036//1924 1037//1924 
f 1046//1925 1036//1925 1045//1925 
f 1047//1926 1040//1926 1026//1926 
f 1047//1927 1026//1927 1036//1927 
f 1047//1928 1048//1928 1039//1928 
f 1047//1929 1039//1929 1040//1929 
f 1047//1930 1036//1930 1046//1930 
f 1049//1931 1047//1931 1046//1931 
f 1050//1932 1047//1932 1049//1932 
f 1051//1933 1047//1933 1050//1933 
f 1052//1934 1053//1934 1054//1934 
f 1055//1935 1053//1935 1052//1935 
f 1055//1936 1056//1936 1057//1936 
f 1055//1937 1052//1937 1056//1937 
f 1058//1938 1053//1938 1055//1938 
f 1059//1939 1053//1939 1058//1939 
f 1060//1940 1053//1940 1059//1940 
f 1061//1941 1053//1941 1060//1941 
f 1062//1942 1053//1942 1061//1942 
f 1062//1943 1061//1943 1063//1943 
f 1064//1944 1065//1944 1066//1944 
f 1064//1945 1067//1945 1065//1945 
f 1064//1946 1062//1946 1067//1946 
f 1068//1947 1053//1947 1062//1947 
f 1068//1948 1062//1948 1064//1948 
f 1069//1949 1053//1949 1068//1949 
f 1070//1950 1069//1950 1071//1950 
f 1072//1951 1069//1951 1070//1951 
f 1073//1952 1072//1952 1074//1952 
f 1075//1953 1053//1953 1069//1953 
f 1075//1954 1069//1954 1072//1954 
f 1075//1955 1072//1955 1073//1955 
f 1076//1956 1075//1956 1077//1956 
f 1078//1957 1075//1957 1076//1957 
f 1079//1958 1053//1958 1075//1958 
f 1079//1959 1075//1959 1078//1959 
f 1080//1960 1079//1960 1081//1960 
f 1082//1961 1079//1961 1080//1961 
f 1083//1962 1079//1962 1082//1962 
f 423//1963 1050//1963 1053//1963 
f 423//1964 1053//1964 1079//1964 
f 423//1965 1079//1965 1083//1965 
f 423//1966 1051//1966 1050//1966 
f 1084//1967 612//1967 1018//1967 
f 611//1968 1085//1968 1086//1968 
f 611//1969 1087//1969 1085//1969 
f 611//1970 1088//1970 1087//1970 
f 611//1971 1089//1971 1088//1971 
f 611//1972 1090//1972 1089//1972 
f 611//1973 1091//1973 1090//1973 
f 611//1974 1092//1974 1091//1974 
f 611//1975 1093//1975 1092//1975 
f 611//1976 1094//1976 1093//1976 
f 611//1977 1095//1977 1094//1977 
f 611//1978 1096//1978 1095//1978 
f 611//1979 1097//1979 1096//1979 
f 611//1980 1084//1980 1097//1980 
f 611//1981 612//1981 1084//1981 
f 1098//1982 611//1982 1086//1982 
f 1099//1983 611//1983 1098//1983 
f 1100//1984 611//1984 1099//1984 
f 1101//1985 611//1985 1100//1985 
f 1102//1986 611//1986 1101//1986 
f 1103//1987 611//1987 1102//1987 
f 1104//1988 611//1988 1103//1988 
f 1105//1989 611//1989 1104//1989 
f 1106//1990 611//1990 1105//1990 
f 1107//1991 611//1991 1106//1991 
f 1108//1992 611//1992 1107//1992 
f 1109//1993 611//1993 1108//1993 
f 1110//1994 611//1994 1109//1994 
f 1111//1995 611//1995 1110//1995 
f 1112//1996 611//1996 1111//1996 
f 1113//1997 611//1997 1112//1997 
f 1114//1998 611//1998 1113//1998 
f 1115//1999 611//1999 1114//1999 
f 1116//2000 611//2000 1115//2000 
f 1117//2001 1051//2001 423//2001 
f 440//2002 1117//2002 423//2002 
f 440//2003 1118//2003 1117//2003 
f 440//2004 1119//2004 1118//2004 
f 440//2005 1120//2005 1119//2005 
f 440//2006 1121//2006 1120//2006 
f 440//2007 1122//2007 1121//2007 
f 440//2008 1123//2008 1122//2008 
f 440//2009 1124//2009 1123//2009 
f 440//2010 1125//2010 1124//2010 
f 440//2011 1126//2011 1125//2011 
f 440//2012 1127//2012 1126//2012 
f 440//2013 1128//2013 1127//2013 
f 440//2014 1129//2014 1128//2014 
f 440//2015 1130//2015 1129//2015 
f 440//2016 1131//2016 1130//2016 
f 440//2017 1132//2017 1131//2017 
f 440//2018 1133//2018 1132//2018 
f 440//2019 1134//2019 1133//2019 
f 440//2020 1135//2020 1134//2020 
f 440//2021 1136//2021 1135//2021 
f 440//2022 1137//2022 1136//2022 
f 440//2023 1138//2023 1137//2023 
f 440//2024 1139//2024 1138//2024 
f 440//2025 1140//2025 1139//2025 
f 440//2026 1141//2026 1140//2026 
f 440//2027 1142//2027 1141//2027 
f 440//2028 1143//2028 1142//2028 
f 440//2029 1144//2029 1143//2029 
f 440//2030 1145//2030 1144//2030 
f 440//2031 1146//2031 1145//2031 
f 440//2032 1147//2032 1146//2032 
f 440//2033 1148//2033 1147//2033 
f 440//2034 1149//2034 1148//2034 
f 440//2035 611//2035 1116//2035 
f 440//2036 1116//2036 1149//2036 
f 424//2037 423//2037 1150//2037 
f 1150//2038 1083//2038 1151//2038 
f 423//2039 1083//2039 1150//2039 
f 1151//2040 1082//2040 1152//2040 
f 1083//2041 1082//2041 1151//2041 
f 1152//2042 1080//2042 1153//2042 
f 1082//2043 1080//2043 1152//2043 
f 1153//2044 1081//2044 1154//2044 
f 1080//2045 1081//2045 1153//2045 
f 1154//2046 1079//2046 1155//2046 
f 1081//2047 1079//2047 1154//2047 
f 1155//2048 1078//2048 1156//2048 
f 1079//2049 1078//2049 1155//2049 
f 1156//2050 1076//2050 1157//2050 
f 1078//2051 1076//2051 1156//2051 
f 1076//2052 1077//2052 1157//2052 
f 1157//2053 1077//2053 1158//2053 
f 1077//2054 1075//2054 1158//2054 
f 1158//2055 1075//2055 1159//2055 
f 1159//2056 1073//2056 1160//2056 
f 1075//2057 1073//2057 1159//2057 
f 1160//2058 1074//2058 1161//2058 
f 1073//2059 1074//2059 1160//2059 
f 1161//2060 1072//2060 1162//2060 
f 1074//2061 1072//2061 1161//2061 
f 1162//2062 1070//2062 1163//2062 
f 1072//2063 1070//2063 1162//2063 
f 1163//2064 1071//2064 1164//2064 
f 1070//2065 1071//2065 1163//2065 
f 1164//2066 1069//2066 1165//2066 
f 1071//2067 1069//2067 1164//2067 
f 1165//2068 1068//2068 1166//2068 
f 1069//2069 1068//2069 1165//2069 
f 1166//2070 1064//2070 1167//2070 
f 1068//2071 1064//2071 1166//2071 
f 1167//2072 1066//2072 1168//2072 
f 1064//2073 1066//2073 1167//2073 
f 1168//2074 1065//2074 1169//2074 
f 1066//2075 1065//2075 1168//2075 
f 1169//2076 1067//2076 1170//2076 
f 1065//2077 1067//2077 1169//2077 
f 1170//2078 1062//2078 1171//2078 
f 1067//2079 1062//2079 1170//2079 
f 1171//2080 1063//2080 1172//2080 
f 1062//2081 1063//2081 1171//2081 
f 1172//2082 1061//2082 1173//2082 
f 1063//2083 1061//2083 1172//2083 
f 1173//2084 1060//2084 1174//2084 
f 1061//2085 1060//2085 1173//2085 
f 1174//2086 1059//2086 1175//2086 
f 1060//2087 1059//2087 1174//2087 
f 1175//2088 1058//2088 1176//2088 
f 1059//2089 1058//2089 1175//2089 
f 1176//2090 1055//2090 1177//2090 
f 1058//2091 1055//2091 1176//2091 
f 1177//2092 1057//2092 1178//2092 
f 1055//2093 1057//2093 1177//2093 
f 1178//2094 1056//2094 1179//2094 
f 1057//2095 1056//2095 1178//2095 
f 1179//2096 1052//2096 1180//2096 
f 1056//2097 1052//2097 1179//2097 
f 1180//2098 1054//2098 1181//2098 
f 1052//2099 1054//2099 1180//2099 
f 1054//2100 1053//2100 1181//2100 
f 1182//2101 1183//2101 1184//2101 
f 1184//2102 1183//2102 1185//2102 
f 1183//2103 1186//2103 1185//2103 
f 1185//2104 1186//2104 1187//2104 
f 1188//2105 1189//2105 1190//2105 
f 1186//2106 1191//2106 1187//2106 
f 1192//2107 1191//2107 1193//2107 
f 1193//2108 1191//2108 1186//2108 
f 1187//2109 1191//2109 1194//2109 
f 1189//2110 1195//2110 1196//2110 
f 1188//2111 1197//2111 1189//2111 
f 1189//2112 1197//2112 1195//2112 
f 1198//2113 1197//2113 1188//2113 
f 1199//2114 1200//2114 1191//2114 
f 1197//2115 1201//2115 1202//2115 
f 1197//2116 1203//2116 1201//2116 
f 1204//2117 1205//2117 1206//2117 
f 1206//2118 1205//2118 1200//2118 
f 1205//2119 1207//2119 1200//2119 
f 1208//2120 1207//2120 1205//2120 
f 1197//2121 1209//2121 1203//2121 
f 1191//2122 1209//2122 1194//2122 
f 1198//2123 1209//2123 1197//2123 
f 1194//2124 1209//2124 1198//2124 
f 1203//2125 1209//2125 1210//2125 
f 1210//2126 1209//2126 1211//2126 
f 1200//2127 613//2127 1191//2127 
f 1191//2128 613//2128 1209//2128 
f 1207//2129 613//2129 1200//2129 
f 1212//2130 613//2130 1207//2130 
f 1209//2131 613//2131 1213//2131 
f 613//2132 1214//2132 1213//2132 
f 1214//2133 1215//2133 1216//2133 
f 1216//2134 1215//2134 1217//2134 
f 1218//2135 1219//2135 1220//2135 
f 1215//2136 1221//2136 1218//2136 
f 1218//2137 1221//2137 1219//2137 
f 1215//2138 1222//2138 1221//2138 
f 1222//2139 1223//2139 1224//2139 
f 1215//2140 1223//2140 1222//2140 
f 1214//2141 1225//2141 1215//2141 
f 1215//2142 1225//2142 1223//2142 
f 1225//2143 1226//2143 1227//2143 
f 1227//2144 1226//2144 1228//2144 
f 1214//2145 1226//2145 1225//2145 
f 1226//2146 1229//2146 1230//2146 
f 1214//2147 1229//2147 1226//2147 
f 1214//2148 1231//2148 1229//2148 
f 1231//2149 1232//2149 1233//2149 
f 1232//2150 1234//2150 1235//2150 
f 1235//2151 1234//2151 1236//2151 
f 1234//2152 1237//2152 1238//2152 
f 1238//2153 1237//2153 1239//2153 
f 1234//2154 1240//2154 1237//2154 
f 1240//2155 1241//2155 1242//2155 
f 1231//2156 1243//2156 1232//2156 
f 1232//2157 1243//2157 1234//2157 
f 1234//2158 1243//2158 1240//2158 
f 1240//2159 1243//2159 1241//2159 
f 1241//2160 1243//2160 1244//2160 
f 1244//2161 1243//2161 1245//2161 
f 1245//2162 1243//2162 1246//2162 
f 613//2163 1243//2163 1214//2163 
f 1214//2164 1243//2164 1231//2164 
f 1247//2165 1248//2165 1249//2165 
f 1250//2166 1248//2166 1247//2166 
f 1251//2167 1252//2167 1253//2167 
f 1254//2168 1255//2168 1251//2168 
f 1251//2169 1255//2169 1252//2169 
f 1249//2170 1255//2170 1254//2170 
f 1256//2171 1255//2171 1248//2171 
f 1248//2172 1255//2172 1249//2172 
f 1256//2173 1257//2173 1255//2173 
f 1257//2174 1258//2174 1259//2174 
f 1260//2175 1258//2175 1256//2175 
f 1261//2176 1258//2176 1260//2176 
f 1256//2177 1258//2177 1257//2177 
f 1262//2178 1263//2178 1261//2178 
f 1264//2179 1263//2179 1262//2179 
f 1265//2180 1263//2180 1264//2180 
f 1266//2181 1263//2181 1265//2181 
f 1258//2182 1267//2182 1268//2182 
f 1258//2183 1269//2183 1267//2183 
f 1270//2184 1271//2184 1272//2184 
f 1273//2185 1274//2185 1263//2185 
f 1272//2186 1274//2186 1273//2186 
f 1263//2187 1274//2187 1261//2187 
f 1271//2188 1274//2188 1272//2188 
f 1275//2189 1276//2189 1277//2189 
f 1269//2190 1276//2190 1275//2190 
f 1261//2191 1276//2191 1258//2191 
f 1258//2192 1276//2192 1269//2192 
f 1274//2193 1276//2193 1261//2193 
f 1277//2194 1278//2194 1279//2194 
f 1276//2195 1278//2195 1277//2195 
f 1180//2196 1178//2196 1179//2196 
f 1181//2197 1178//2197 1180//2197 
f 1181//2198 1177//2198 1178//2198 
f 1181//2199 1176//2199 1177//2199 
f 1181//2200 1175//2200 1176//2200 
f 1181//2201 1174//2201 1175//2201 
f 1181//2202 1173//2202 1174//2202 
f 1181//2203 1171//2203 1173//2203 
f 1173//2204 1171//2204 1172//2204 
f 1181//2205 1169//2205 1171//2205 
f 1171//2206 1169//2206 1170//2206 
f 1169//2207 1167//2207 1168//2207 
f 1169//2208 1166//2208 1167//2208 
f 1166//2209 1164//2209 1165//2209 
f 1166//2210 1163//2210 1164//2210 
f 1166//2211 1162//2211 1163//2211 
f 1169//2212 1161//2212 1166//2212 
f 1166//2213 1161//2213 1162//2213 
f 1169//2214 1160//2214 1161//2214 
f 1160//2215 1158//2215 1159//2215 
f 1169//2216 1157//2216 1160//2216 
f 1160//2217 1157//2217 1158//2217 
f 1157//2218 1155//2218 1156//2218 
f 1169//2219 1155//2219 1157//2219 
f 1155//2220 1153//2220 1154//2220 
f 1153//2221 1151//2221 1152//2221 
f 1155//2222 1151//2222 1153//2222 
f 1181//2223 424//2223 1169//2223 
f 1278//2224 424//2224 1181//2224 
f 1151//2225 424//2225 1150//2225 
f 1169//2226 424//2226 1155//2226 
f 1155//2227 424//2227 1151//2227 
f 1276//2228 424//2228 1278//2228 
f 613//2229 1280//2229 1243//2229 
f 1281//2230 531//2230 1282//2230 
f 1283//2231 531//2231 1281//2231 
f 1284//2232 531//2232 1283//2232 
f 1285//2233 531//2233 1284//2233 
f 1286//2234 531//2234 1285//2234 
f 1287//2235 531//2235 1286//2235 
f 1288//2236 531//2236 1287//2236 
f 1289//2237 531//2237 1288//2237 
f 1290//2238 531//2238 1289//2238 
f 1291//2239 531//2239 1290//2239 
f 1292//2240 531//2240 1291//2240 
f 1293//2241 531//2241 1292//2241 
f 1280//2242 531//2242 1293//2242 
f 613//2243 531//2243 1280//2243 
f 531//2244 1294//2244 1282//2244 
f 531//2245 1295//2245 1294//2245 
f 531//2246 1296//2246 1295//2246 
f 531//2247 1297//2247 1296//2247 
f 531//2248 1298//2248 1297//2248 
f 531//2249 1299//2249 1298//2249 
f 531//2250 1300//2250 1299//2250 
f 531//2251 1301//2251 1300//2251 
f 531//2252 1302//2252 1301//2252 
f 531//2253 1303//2253 1302//2253 
f 531//2254 1304//2254 1303//2254 
f 531//2255 1305//2255 1304//2255 
f 531//2256 1306//2256 1305//2256 
f 531//2257 1307//2257 1306//2257 
f 531//2258 1308//2258 1307//2258 
f 531//2259 1309//2259 1308//2259 
f 531//2260 1310//2260 1309//2260 
f 531//2261 1311//2261 1310//2261 
f 531//2262 1312//2262 1311//2262 
f 1276//2263 1313//2263 424//2263 
f 1313//2264 422//2264 424//2264 
f 1314//2265 422//2265 1313//2265 
f 1315//2266 422//2266 1314//2266 
f 1316//2267 422//2267 1315//2267 
f 1317//2268 422//2268 1316//2268 
f 1318//2269 422//2269 1317//2269 
f 1319//2270 422//2270 1318//2270 
f 1320//2271 422//2271 1319//2271 
f 1321//2272 422//2272 1320//2272 
f 1322//2273 422//2273 1321//2273 
f 1323//2274 422//2274 1322//2274 
f 1324//2275 422//2275 1323//2275 
f 1325//2276 422//2276 1324//2276 
f 1326//2277 422//2277 1325//2277 
f 1327//2278 422//2278 1326//2278 
f 1328//2279 422//2279 1327//2279 
f 1329//2280 422//2280 1328//2280 
f 1330//2281 422//2281 1329//2281 
f 1331//2282 422//2282 1330//2282 
f 1332//2283 422//2283 1331//2283 
f 1333//2284 422//2284 1332//2284 
f 1334//2285 422//2285 1333//2285 
f 1335//2286 422//2286 1334//2286 
f 1336//2287 422//2287 1335//2287 
f 1337//2288 422//2288 1336//2288 
f 1338//2289 422//2289 1337//2289 
f 1339//2290 422//2290 1338//2290 
f 1340//2291 422//2291 1339//2291 
f 1341//2292 422//2292 1340//2292 
f 1342//2293 422//2293 1341//2293 
f 1343//2294 422//2294 1342//2294 
f 1344//2295 422//2295 1343//2295 
f 1345//2296 422//2296 1344//2296 
f 531//2297 422//2297 1312//2297 
f 1312//2298 422//2298 1345//2298 
f 1346//2299 1347//2299 1348//2299 
f 1349//2300 1350//2300 584//2300 
f 1348//2301 1350//2301 1349//2301 
f 1347//2302 1350//2302 1348//2302 
f 1350//2303 1351//2303 584//2303 
f 1351//2304 1352//2304 584//2304 
f 1352//2305 1353//2305 584//2305 
f 1353//2306 1354//2306 584//2306 
f 1355//2307 1356//2307 1354//2307 
f 1354//2308 1356//2308 584//2308 
f 1357//2309 1358//2309 1356//2309 
f 1356//2310 1358//2310 584//2310 
f 1358//2311 1359//2311 584//2311 
f 1359//2312 1360//2312 584//2312 
f 1360//2313 1361//2313 584//2313 
f 1362//2314 1361//2314 1360//2314 
f 1363//2315 1364//2315 1361//2315 
f 1365//2316 1364//2316 1363//2316 
f 1361//2317 1366//2317 584//2317 
f 1364//2318 1366//2318 1361//2318 
f 1366//2319 1367//2319 584//2319 
f 1367//2320 1368//2320 584//2320 
f 1368//2321 1369//2321 584//2321 
f 1369//2322 1370//2322 584//2322 
f 1370//2323 1371//2323 584//2323 
f 1372//2324 1371//2324 1370//2324 
f 1371//2325 1373//2325 584//2325 
f 1373//2326 1374//2326 584//2326 
f 1374//2327 1375//2327 584//2327 
f 1376//2328 1473//2328 1375//2328 
f 1375//2329 1473//2329 584//2329 
f 584//2330 671//2330 568//2330 
f 568//2331 671//2331 670//2331 
f 1473//2332 1472//2332 584//2332 
f 584//2333 1472//2333 671//2333 
f 1377//2334 1378//2334 1379//2334 
f 1377//2335 1380//2335 1378//2335 
f 1380//2336 1381//2336 1382//2336 
f 1383//2337 1384//2337 1385//2337 
f 1385//2338 1384//2338 1386//2338 
f 671//2339 1387//2339 1377//2339 
f 1380//2340 1387//2340 1381//2340 
f 1377//2341 1387//2341 1380//2341 
f 1384//2342 1388//2342 1386//2342 
f 1386//2343 1388//2343 1389//2343 
f 671//2344 1390//2344 1387//2344 
f 1389//2345 1391//2345 1392//2345 
f 1388//2346 1391//2346 1389//2346 
f 671//2347 1393//2347 1390//2347 
f 1391//2348 1394//2348 1392//2348 
f 1392//2349 1394//2349 1472//2349 
f 1393//2350 1395//2350 1396//2350 
f 1397//2351 1398//2351 1394//2351 
f 1393//2352 1399//2352 1395//2352 
f 1398//2353 1400//2353 1394//2353 
f 671//2354 1401//2354 1393//2354 
f 1393//2355 1401//2355 1399//2355 
f 1402//2356 1403//2356 1400//2356 
f 1400//2357 1403//2357 1394//2357 
f 1472//2358 1404//2358 671//2358 
f 1401//2359 1404//2359 1405//2359 
f 1394//2360 1404//2360 1472//2360 
f 671//2361 1404//2361 1401//2361 
f 1403//2362 1404//2362 1394//2362 
f 1404//2363 1406//2363 1405//2363 
f 1405//2364 1406//2364 1407//2364 
f 584//2365 585//2365 1349//2365 
f 1349//2366 1408//2366 1348//2366 
f 585//2367 1408//2367 1349//2367 
f 1348//2368 1409//2368 1346//2368 
f 1408//2369 1409//2369 1348//2369 
f 1346//2370 1410//2370 1347//2370 
f 1409//2371 1410//2371 1346//2371 
f 1347//2372 1411//2372 1350//2372 
f 1410//2373 1411//2373 1347//2373 
f 1350//2374 1412//2374 1351//2374 
f 1411//2375 1412//2375 1350//2375 
f 1351//2376 1413//2376 1352//2376 
f 1412//2377 1413//2377 1351//2377 
f 1352//2378 1414//2378 1353//2378 
f 1413//2379 1414//2379 1352//2379 
f 1414//2380 1415//2380 1353//2380 
f 1353//2381 1415//2381 1354//2381 
f 1415//2382 1416//2382 1354//2382 
f 1354//2383 1416//2383 1355//2383 
f 1355//2384 1417//2384 1356//2384 
f 1416//2385 1417//2385 1355//2385 
f 1356//2386 1418//2386 1357//2386 
f 1417//2387 1418//2387 1356//2387 
f 1357//2388 1419//2388 1358//2388 
f 1418//2389 1419//2389 1357//2389 
f 1358//2390 1420//2390 1359//2390 
f 1419//2391 1420//2391 1358//2391 
f 1359//2392 1421//2392 1360//2392 
f 1420//2393 1421//2393 1359//2393 
f 1360//2394 1422//2394 1362//2394 
f 1421//2395 1422//2395 1360//2395 
f 1362//2396 1423//2396 1361//2396 
f 1422//2397 1423//2397 1362//2397 
f 1361//2398 1424//2398 1363//2398 
f 1423//2399 1424//2399 1361//2399 
f 1363//2400 1425//2400 1365//2400 
f 1424//2401 1425//2401 1363//2401 
f 1365//2402 1426//2402 1364//2402 
f 1425//2403 1426//2403 1365//2403 
f 1364//2404 1427//2404 1366//2404 
f 1426//2405 1427//2405 1364//2405 
f 1366//2406 1428//2406 1367//2406 
f 1427//2407 1428//2407 1366//2407 
f 1367//2408 1429//2408 1368//2408 
f 1428//2409 1429//2409 1367//2409 
f 1368//2410 1430//2410 1369//2410 
f 1429//2411 1430//2411 1368//2411 
f 1369//2412 1431//2412 1370//2412 
f 1430//2413 1431//2413 1369//2413 
f 1370//2414 1432//2414 1372//2414 
f 1431//2415 1432//2415 1370//2415 
f 1372//2416 1433//2416 1371//2416 
f 1432//2417 1433//2417 1372//2417 
f 1371//2418 1434//2418 1373//2418 
f 1433//2419 1434//2419 1371//2419 
f 1373//2420 1435//2420 1374//2420 
f 1434//2421 1435//2421 1373//2421 
f 1374//2422 1436//2422 1375//2422 
f 1435//2423 1436//2423 1374//2423 
f 1375//2424 1437//2424 1376//2424 
f 1436//2425 1437//2425 1375//2425 
f 1376//2426 1438//2426 1473//2426 
f 1437//2427 1438//2427 1376//2427 
f 1438//2428 1439//2428 1473//2428 
f 1411//2429 1408//2429 585//2429 
f 1411//2430 1409//2430 1408//2430 
f 1411//2431 1410//2431 1409//2431 
f 1414//2432 1412//2432 1411//2432 
f 1414//2433 1413//2433 1412//2433 
f 1414//2434 1411//2434 585//2434 
f 1417//2435 1416//2435 1415//2435 
f 1418//2436 1415//2436 1414//2436 
f 1418//2437 1417//2437 1415//2437 
f 1420//2438 1419//2438 1418//2438 
f 1422//2439 1421//2439 1420//2439 
f 1422//2440 1420//2440 1418//2440 
f 1422//2441 1418//2441 1414//2441 
f 1425//2442 1422//2442 1414//2442 
f 1425//2443 1423//2443 1422//2443 
f 1425//2444 1424//2444 1423//2444 
f 1426//2445 1425//2445 1414//2445 
f 1426//2446 1414//2446 585//2446 
f 1429//2447 1426//2447 585//2447 
f 1429//2448 1427//2448 1426//2448 
f 1429//2449 1428//2449 1427//2449 
f 1433//2450 1430//2450 1429//2450 
f 1433//2451 1431//2451 1430//2451 
f 1433//2452 1432//2452 1431//2452 
f 1434//2453 1429//2453 585//2453 
f 1434//2454 1433//2454 1429//2454 
f 1436//2455 1435//2455 1434//2455 
f 1437//2456 1434//2456 585//2456 
f 1437//2457 1436//2457 1434//2457 
f 1439//2458 1438//2458 1437//2458 
f 1439//2459 1437//2459 585//2459 
f 672//2460 585//2460 569//2460 
f 672//2461 569//2461 673//2461 
f 1474//2462 1439//2462 585//2462 
f 1474//2463 585//2463 672//2463 
f 1440//2464 1441//2464 1442//2464 
f 1443//2465 1444//2465 1445//2465 
f 1443//2466 1445//2466 1446//2466 
f 1443//2467 1446//2467 1447//2467 
f 1448//2468 1449//2468 1441//2468 
f 1448//2469 1441//2469 1440//2469 
f 1450//2470 1451//2470 1452//2470 
f 1453//2471 1454//2471 1455//2471 
f 1453//2472 1443//2472 1447//2472 
f 1453//2473 1455//2473 1443//2473 
f 1456//2474 672//2474 1449//2474 
f 1456//2475 1448//2475 1451//2475 
f 1456//2476 1449//2476 1448//2476 
f 1456//2477 1451//2477 1450//2477 
f 1457//2478 1453//2478 1447//2478 
f 1458//2479 1456//2479 1459//2479 
f 1460//2480 1461//2480 1457//2480 
f 1462//2481 1474//2481 672//2481 
f 1462//2482 1447//2482 1474//2482 
f 1462//2483 1457//2483 1447//2483 
f 1462//2484 672//2484 1456//2484 
f 1462//2485 1460//2485 1457//2485 
f 1463//2486 1458//2486 1464//2486 
f 1465//2487 1463//2487 1466//2487 
f 1465//2488 1456//2488 1458//2488 
f 1465//2489 1458//2489 1463//2489 
f 1467//2490 1468//2490 1469//2490 
f 1467//2491 1469//2491 1462//2491 
f 1470//2492 1456//2492 1465//2492 
f 1470//2493 1467//2493 1462//2493 
f 1470//2494 1462//2494 1456//2494 
f 580//2495 698//2495 697//2495 
f 580//2496 583//2496 698//2496 
f 581//2497 697//2497 696//2497 
f 581//2498 696//2498 695//2498 
f 581//2499 580//2499 697//2499 
f 578//2500 581//2500 695//2500 
f 576//2501 695//2501 694//2501 
f 576//2502 694//2502 693//2502 
f 576//2503 578//2503 695//2503 
f 574//2504 693//2504 692//2504 
f 574//2505 576//2505 693//2505 
f 572//2506 574//2506 692//2506 
f 566//2507 692//2507 691//2507 
f 566//2508 572//2508 692//2508 
f 567//2509 691//2509 690//2509 
f 567//2510 690//2510 689//2510 
f 567//2511 566//2511 691//2511 
f 562//2512 567//2512 689//2512 
f 555//2513 689//2513 688//2513 
f 555//2514 562//2514 689//2514 
f 556//2515 555//2515 688//2515 
f 556//2516 688//2516 687//2516 
f 556//2517 687//2517 686//2517 
f 550//2518 556//2518 686//2518 
f 546//2519 550//2519 686//2519 
f 546//2520 686//2520 685//2520 
f 542//2521 685//2521 684//2521 
f 542//2522 546//2522 685//2522 
f 538//2523 684//2523 683//2523 
f 538//2524 542//2524 684//2524 
f 535//2525 683//2525 682//2525 
f 535//2526 538//2526 683//2526 
f 536//2527 682//2527 681//2527 
f 536//2528 535//2528 682//2528 
f 540//2529 681//2529 680//2529 
f 540//2530 536//2530 681//2530 
f 544//2531 680//2531 679//2531 
f 544//2532 679//2532 678//2532 
f 544//2533 540//2533 680//2533 
f 548//2534 678//2534 677//2534 
f 548//2535 544//2535 678//2535 
f 552//2536 548//2536 677//2536 
f 553//2537 677//2537 676//2537 
f 553//2538 552//2538 677//2538 
f 558//2539 676//2539 675//2539 
f 558//2540 553//2540 676//2540 
f 564//2541 675//2541 674//2541 
f 564//2542 558//2542 675//2542 
f 569//2543 674//2543 673//2543 
f 569//2544 564//2544 674//2544 
f 985//2545 613//2545 1212//2545 
f 985//2546 612//2546 613//2546 
f 980//2547 1212//2547 1207//2547 
f 980//2548 985//2548 1212//2548 
f 978//2549 1207//2549 1208//2549 
f 978//2550 1208//2550 1205//2550 
f 978//2551 980//2551 1207//2551 
f 979//2552 978//2552 1205//2552 
f 973//2553 1205//2553 1204//2553 
f 973//2554 979//2554 1205//2554 
f 974//2555 1204//2555 1206//2555 
f 974//2556 1206//2556 1200//2556 
f 974//2557 973//2557 1204//2557 
f 970//2558 974//2558 1200//2558 
f 971//2559 970//2559 1200//2559 
f 971//2560 1200//2560 1199//2560 
f 971//2561 1199//2561 1191//2561 
f 966//2562 971//2562 1191//2562 
f 967//2563 1191//2563 1192//2563 
f 967//2564 966//2564 1191//2564 
f 960//2565 1192//2565 1193//2565 
f 960//2566 967//2566 1192//2566 
f 961//2567 1193//2567 1186//2567 
f 961//2568 960//2568 1193//2568 
f 962//2569 1186//2569 1183//2569 
f 962//2570 1183//2570 1182//2570 
f 962//2571 961//2571 1186//2571 
f 963//2572 962//2572 1182//2572 
f 958//2573 1182//2573 1184//2573 
f 958//2574 963//2574 1182//2574 
f 955//2575 1184//2575 1185//2575 
f 955//2576 958//2576 1184//2576 
f 956//2577 1185//2577 1187//2577 
f 956//2578 955//2578 1185//2578 
f 954//2579 1187//2579 1194//2579 
f 954//2580 956//2580 1187//2580 
f 959//2581 1194//2581 1198//2581 
f 959//2582 954//2582 1194//2582 
f 957//2583 1198//2583 1188//2583 
f 957//2584 959//2584 1198//2584 
f 965//2585 1188//2585 1190//2585 
f 965//2586 957//2586 1188//2586 
f 964//2587 1190//2587 1189//2587 
f 964//2588 965//2588 1190//2588 
f 969//2589 1189//2589 1196//2589 
f 969//2590 1196//2590 1195//2590 
f 969//2591 964//2591 1189//2591 
f 968//2592 969//2592 1195//2592 
f 972//2593 1195//2593 1197//2593 
f 972//2594 968//2594 1195//2594 
f 976//2595 1197//2595 1202//2595 
f 976//2596 972//2596 1197//2596 
f 975//2597 1202//2597 1201//2597 
f 975//2598 1201//2598 1203//2598 
f 975//2599 976//2599 1202//2599 
f 977//2600 975//2600 1203//2600 
f 977//2601 1203//2601 1210//2601 
f 982//2602 977//2602 1210//2602 
f 981//2603 1210//2603 1211//2603 
f 981//2604 1211//2604 1209//2604 
f 981//2605 982//2605 1210//2605 
f 984//2606 1209//2606 1213//2606 
f 984//2607 981//2607 1209//2607 
f 983//2608 984//2608 1213//2608 
f 1449//2609 671//2609 1377//2609 
f 1449//2610 1377//2610 1379//2610 
f 1449//2611 672//2611 671//2611 
f 1441//2612 1449//2612 1379//2612 
f 1442//2613 1379//2613 1378//2613 
f 1442//2614 1441//2614 1379//2614 
f 1440//2615 1378//2615 1380//2615 
f 1440//2616 1442//2616 1378//2616 
f 1448//2617 1380//2617 1382//2617 
f 1448//2618 1440//2618 1380//2618 
f 1451//2619 1382//2619 1381//2619 
f 1451//2620 1448//2620 1382//2620 
f 1452//2621 1381//2621 1387//2621 
f 1452//2622 1451//2622 1381//2622 
f 1450//2623 1387//2623 1390//2623 
f 1450//2624 1452//2624 1387//2624 
f 1456//2625 1450//2625 1390//2625 
f 1456//2626 1390//2626 1393//2626 
f 1459//2627 1393//2627 1396//2627 
f 1459//2628 1456//2628 1393//2628 
f 1458//2629 1396//2629 1395//2629 
f 1458//2630 1459//2630 1396//2630 
f 1464//2631 1395//2631 1399//2631 
f 1464//2632 1458//2632 1395//2632 
f 1463//2633 1399//2633 1401//2633 
f 1463//2634 1464//2634 1399//2634 
f 1466//2635 1401//2635 1405//2635 
f 1466//2636 1463//2636 1401//2636 
f 1465//2637 1405//2637 1407//2637 
f 1465//2638 1466//2638 1405//2638 
f 1470//2639 1407//2639 1406//2639 
f 1470//2640 1465//2640 1407//2640 
f 1467//2641 1406//2641 1404//2641 
f 1467//2642 1470//2642 1406//2642 
f 1468//2643 1404//2643 1403//2643 
f 1468//2644 1467//2644 1404//2644 
f 1469//2645 1403//2645 1402//2645 
f 1469//2646 1468//2646 1403//2646 
f 1462//2647 1402//2647 1400//2647 
f 1462//2648 1469//2648 1402//2648 
f 1460//2649 1400//2649 1398//2649 
f 1460//2650 1462//2650 1400//2650 
f 1461//2651 1398//2651 1397//2651 
f 1461//2652 1460//2652 1398//2652 
f 1457//2653 1397//2653 1394//2653 
f 1457//2654 1461//2654 1397//2654 
f 1453//2655 1394//2655 1391//2655 
f 1453//2656 1457//2656 1394//2656 
f 1454//2657 1391//2657 1388//2657 
f 1454//2658 1453//2658 1391//2658 
f 1455//2659 1388//2659 1384//2659 
f 1455//2660 1454//2660 1388//2660 
f 1443//2661 1384//2661 1383//2661 
f 1443//2662 1455//2662 1384//2662 
f 1444//2663 1383//2663 1385//2663 
f 1444//2664 1443//2664 1383//2664 
f 1445//2665 1385//2665 1386//2665 
f 1445//2666 1444//2666 1385//2666 
f 1446//2667 1386//2667 1389//2667 
f 1446//2668 1445//2668 1386//2668 
f 1447//2669 1389//2669 1392//2669 
f 1447//2670 1446//2670 1389//2670 
f 1474//2671 1392//2671 1472//2671 
f 1474//2672 1447//2672 1392//2672 
f 729//2673 731//2673 794//2673 
f 729//2674 794//2674 826//2674 
f 1471//2675 922//2675 859//2675 
f 859//2676 922//2676 857//2676 
f 1213//2677 1214//2677 983//2677 
f 983//2678 1214//2678 986//2678 
f 988//2679 1214//2679 1216//2679 
f 988//2680 986//2680 1214//2680 
f 989//2681 1216//2681 1217//2681 
f 989//2682 988//2682 1216//2682 
f 987//2683 1217//2683 1215//2683 
f 987//2684 989//2684 1217//2684 
f 990//2685 1215//2685 1218//2685 
f 990//2686 987//2686 1215//2686 
f 992//2687 1218//2687 1220//2687 
f 992//2688 990//2688 1218//2688 
f 993//2689 1220//2689 1219//2689 
f 993//2690 992//2690 1220//2690 
f 991//2691 1219//2691 1221//2691 
f 991//2692 993//2692 1219//2692 
f 995//2693 1221//2693 1222//2693 
f 995//2694 991//2694 1221//2694 
f 994//2695 995//2695 1222//2695 
f 994//2696 1222//2696 1224//2696 
f 996//2697 1224//2697 1223//2697 
f 996//2698 994//2698 1224//2698 
f 998//2699 1223//2699 1225//2699 
f 998//2700 996//2700 1223//2700 
f 997//2701 1225//2701 1227//2701 
f 997//2702 998//2702 1225//2702 
f 999//2703 1227//2703 1228//2703 
f 999//2704 997//2704 1227//2704 
f 1001//2705 1228//2705 1226//2705 
f 1001//2706 999//2706 1228//2706 
f 1000//2707 1226//2707 1230//2707 
f 1000//2708 1001//2708 1226//2708 
f 1002//2709 1230//2709 1229//2709 
f 1002//2710 1000//2710 1230//2710 
f 1004//2711 1229//2711 1231//2711 
f 1004//2712 1002//2712 1229//2712 
f 1003//2713 1231//2713 1233//2713 
f 1003//2714 1004//2714 1231//2714 
f 1005//2715 1233//2715 1232//2715 
f 1005//2716 1003//2716 1233//2716 
f 1007//2717 1232//2717 1235//2717 
f 1007//2718 1005//2718 1232//2718 
f 1008//2719 1235//2719 1236//2719 
f 1008//2720 1007//2720 1235//2720 
f 1006//2721 1236//2721 1234//2721 
f 1006//2722 1008//2722 1236//2722 
f 1010//2723 1234//2723 1238//2723 
f 1010//2724 1006//2724 1234//2724 
f 1009//2725 1238//2725 1239//2725 
f 1009//2726 1010//2726 1238//2726 
f 1012//2727 1239//2727 1237//2727 
f 1012//2728 1009//2728 1239//2728 
f 1013//2729 1237//2729 1240//2729 
f 1013//2730 1012//2730 1237//2730 
f 1014//2731 1240//2731 1242//2731 
f 1014//2732 1013//2732 1240//2732 
f 1011//2733 1242//2733 1241//2733 
f 1011//2734 1014//2734 1242//2734 
f 1016//2735 1241//2735 1244//2735 
f 1016//2736 1011//2736 1241//2736 
f 1017//2737 1244//2737 1245//2737 
f 1017//2738 1016//2738 1244//2738 
f 1015//2739 1245//2739 1246//2739 
f 1015//2740 1017//2740 1245//2740 
f 1018//2741 1246//2741 1243//2741 
f 1018//2742 1015//2742 1246//2742 
f 1084//2743 1018//2743 1280//2743 
f 1280//2744 1018//2744 1243//2744 
f 1116//2745 1115//2745 1312//2745 
f 1312//2746 1115//2746 1311//2746 
f 1311//2747 1114//2747 1310//2747 
f 1310//2748 1114//2748 1309//2748 
f 1115//2749 1114//2749 1311//2749 
f 1114//2750 1113//2750 1309//2750 
f 1309//2751 1112//2751 1308//2751 
f 1113//2752 1112//2752 1309//2752 
f 1308//2753 1111//2753 1307//2753 
f 1307//2754 1111//2754 1306//2754 
f 1112//2755 1111//2755 1308//2755 
f 1111//2756 1110//2756 1306//2756 
f 1306//2757 1109//2757 1305//2757 
f 1110//2758 1109//2758 1306//2758 
f 1305//2759 1108//2759 1304//2759 
f 1304//2760 1108//2760 1303//2760 
f 1109//2761 1108//2761 1305//2761 
f 1108//2762 1107//2762 1303//2762 
f 1303//2763 1106//2763 1302//2763 
f 1107//2764 1106//2764 1303//2764 
f 1302//2765 1105//2765 1301//2765 
f 1106//2766 1105//2766 1302//2766 
f 1301//2767 1104//2767 1300//2767 
f 1105//2768 1104//2768 1301//2768 
f 1300//2769 1103//2769 1299//2769 
f 1299//2770 1103//2770 1298//2770 
f 1104//2771 1103//2771 1300//2771 
f 1103//2772 1102//2772 1298//2772 
f 1298//2773 1101//2773 1297//2773 
f 1102//2774 1101//2774 1298//2774 
f 1297//2775 1100//2775 1296//2775 
f 1101//2776 1100//2776 1297//2776 
f 1296//2777 1099//2777 1295//2777 
f 1100//2778 1099//2778 1296//2778 
f 1295//2779 1098//2779 1294//2779 
f 1099//2780 1098//2780 1295//2780 
f 1294//2781 1086//2781 1282//2781 
f 1282//2782 1086//2782 1281//2782 
f 1098//2783 1086//2783 1294//2783 
f 1086//2784 1085//2784 1281//2784 
f 1281//2785 1087//2785 1283//2785 
f 1085//2786 1087//2786 1281//2786 
f 1283//2787 1088//2787 1284//2787 
f 1087//2788 1088//2788 1283//2788 
f 1284//2789 1089//2789 1285//2789 
f 1088//2790 1089//2790 1284//2790 
f 1285//2791 1090//2791 1286//2791 
f 1089//2792 1090//2792 1285//2792 
f 1286//2793 1091//2793 1287//2793 
f 1090//2794 1091//2794 1286//2794 
f 1287//2795 1092//2795 1288//2795 
f 1091//2796 1092//2796 1287//2796 
f 1288//2797 1093//2797 1289//2797 
f 1092//2798 1093//2798 1288//2798 
f 1289//2799 1094//2799 1290//2799 
f 1093//2800 1094//2800 1289//2800 
f 1290//2801 1095//2801 1291//2801 
f 1291//2802 1095//2802 1292//2802 
f 1094//2803 1095//2803 1290//2803 
f 1095//2804 1096//2804 1292//2804 
f 1292//2805 1097//2805 1293//2805 
f 1293//2806 1097//2806 1280//2806 
f 1096//2807 1097//2807 1292//2807 
f 1097//2808 1084//2808 1280//2808 
f 1149//2809 1312//2809 1345//2809 
f 1149//2810 1116//2810 1312//2810 
f 1117//2811 1118//2811 1313//2811 
f 1313//2812 1118//2812 1314//2812 
f 1314//2813 1119//2813 1315//2813 
f 1118//2814 1119//2814 1314//2814 
f 1315//2815 1120//2815 1316//2815 
f 1119//2816 1120//2816 1315//2816 
f 1316//2817 1121//2817 1317//2817 
f 1120//2818 1121//2818 1316//2818 
f 1317//2819 1122//2819 1318//2819 
f 1121//2820 1122//2820 1317//2820 
f 1318//2821 1123//2821 1319//2821 
f 1122//2822 1123//2822 1318//2822 
f 1319//2823 1124//2823 1320//2823 
f 1320//2824 1124//2824 1321//2824 
f 1123//2825 1124//2825 1319//2825 
f 1124//2826 1125//2826 1321//2826 
f 1321//2827 1125//2827 1322//2827 
f 1125//2828 1126//2828 1322//2828 
f 1322//2829 1127//2829 1323//2829 
f 1126//2830 1127//2830 1322//2830 
f 1323//2831 1127//2831 1324//2831 
f 1127//2832 1128//2832 1324//2832 
f 1128//2833 1129//2833 1324//2833 
f 1324//2834 1129//2834 1325//2834 
f 1325//2835 1130//2835 1326//2835 
f 1129//2836 1130//2836 1325//2836 
f 1326//2837 1131//2837 1327//2837 
f 1327//2838 1131//2838 1328//2838 
f 1130//2839 1131//2839 1326//2839 
f 1131//2840 1132//2840 1328//2840 
f 1328//2841 1133//2841 1329//2841 
f 1132//2842 1133//2842 1328//2842 
f 1329//2843 1134//2843 1330//2843 
f 1330//2844 1134//2844 1331//2844 
f 1133//2845 1134//2845 1329//2845 
f 1331//2846 1135//2846 1332//2846 
f 1134//2847 1135//2847 1331//2847 
f 1135//2848 1136//2848 1332//2848 
f 1332//2849 1137//2849 1333//2849 
f 1136//2850 1137//2850 1332//2850 
f 1333//2851 1138//2851 1334//2851 
f 1137//2852 1138//2852 1333//2852 
f 1334//2853 1139//2853 1335//2853 
f 1138//2854 1139//2854 1334//2854 
f 1335//2855 1140//2855 1336//2855 
f 1139//2856 1140//2856 1335//2856 
f 1336//2857 1141//2857 1337//2857 
f 1337//2858 1141//2858 1338//2858 
f 1140//2859 1141//2859 1336//2859 
f 1141//2860 1142//2860 1338//2860 
f 1338//2861 1143//2861 1339//2861 
f 1142//2862 1143//2862 1338//2862 
f 1339//2863 1144//2863 1340//2863 
f 1143//2864 1144//2864 1339//2864 
f 1340//2865 1145//2865 1341//2865 
f 1144//2866 1145//2866 1340//2866 
f 1341//2867 1146//2867 1342//2867 
f 1145//2868 1146//2868 1341//2868 
f 1342//2869 1147//2869 1343//2869 
f 1343//2870 1147//2870 1344//2870 
f 1146//2871 1147//2871 1342//2871 
f 1344//2872 1148//2872 1345//2872 
f 1147//2873 1148//2873 1344//2873 
f 1148//2874 1149//2874 1345//2874 
f 1051//2875 1313//2875 1276//2875 
f 1051//2876 1117//2876 1313//2876 
f 1278//2877 1181//2877 1050//2877 
f 1050//2878 1181//2878 1053//2878 
f 1279//2879 1050//2879 1049//2879 
f 1279//2880 1278//2880 1050//2880 
f 1277//2881 1049//2881 1046//2881 
f 1277//2882 1279//2882 1049//2882 
f 1275//2883 1046//2883 1045//2883 
f 1275//2884 1277//2884 1046//2884 
f 1269//2885 1045//2885 1037//2885 
f 1269//2886 1275//2886 1045//2886 
f 1267//2887 1037//2887 1038//2887 
f 1267//2888 1269//2888 1037//2888 
f 1268//2889 1038//2889 1036//2889 
f 1268//2890 1267//2890 1038//2890 
f 1258//2891 1036//2891 1030//2891 
f 1258//2892 1268//2892 1036//2892 
f 1259//2893 1030//2893 1029//2893 
f 1259//2894 1258//2894 1030//2894 
f 1257//2895 1259//2895 1029//2895 
f 1257//2896 1029//2896 1028//2896 
f 1255//2897 1028//2897 1025//2897 
f 1255//2898 1257//2898 1028//2898 
f 1252//2899 1025//2899 1027//2899 
f 1252//2900 1255//2900 1025//2900 
f 1253//2901 1027//2901 1026//2901 
f 1253//2902 1252//2902 1027//2902 
f 1251//2903 1026//2903 1040//2903 
f 1251//2904 1253//2904 1026//2904 
f 1254//2905 1040//2905 1022//2905 
f 1254//2906 1251//2906 1040//2906 
f 1249//2907 1022//2907 1021//2907 
f 1249//2908 1254//2908 1022//2908 
f 1247//2909 1021//2909 1020//2909 
f 1247//2910 1249//2910 1021//2910 
f 1250//2911 1020//2911 1019//2911 
f 1250//2912 1247//2912 1020//2912 
f 1248//2913 1019//2913 1024//2913 
f 1248//2914 1250//2914 1019//2914 
f 1256//2915 1024//2915 1023//2915 
f 1256//2916 1248//2916 1024//2916 
f 1260//2917 1023//2917 1041//2917 
f 1260//2918 1256//2918 1023//2918 
f 1261//2919 1041//2919 1033//2919 
f 1261//2920 1260//2920 1041//2920 
f 1262//2921 1033//2921 1032//2921 
f 1262//2922 1261//2922 1033//2922 
f 1264//2923 1032//2923 1034//2923 
f 1264//2924 1262//2924 1032//2924 
f 1265//2925 1034//2925 1035//2925 
f 1265//2926 1264//2926 1034//2926 
f 1266//2927 1035//2927 1031//2927 
f 1266//2928 1265//2928 1035//2928 
f 1263//2929 1031//2929 1042//2929 
f 1263//2930 1266//2930 1031//2930 
f 1273//2931 1042//2931 1043//2931 
f 1273//2932 1263//2932 1042//2932 
f 1272//2933 1043//2933 1044//2933 
f 1272//2934 1273//2934 1043//2934 
f 1270//2935 1044//2935 1039//2935 
f 1270//2936 1272//2936 1044//2936 
f 1271//2937 1039//2937 1048//2937 
f 1271//2938 1270//2938 1039//2938 
f 1274//2939 1048//2939 1047//2939 
f 1274//2940 1271//2940 1048//2940 
f 1276//2941 1047//2941 1051//2941 
f 1276//2942 1274//2942 1047//2942 
f 1472//2943 1473//2943 1474//2943 
f 1474//2944 1473//2944 1439//2944 
